0.000000 0.002182 0.003272
0.000000 0.002182 0.001091
0.000000 0.003272 -0.001091
0.000000 0.004363 0.000000
0.000000 -0.003272 0.002182
0.000000 -0.005454 0.001091
0.000000 -0.027271 0.000000
0.000000 -0.027271 0.000000
0.000000 -0.066541 -0.002182
0.000000 -0.016362 0.004363
0.000000 -0.016362 0.004363
0.000000 -0.043633 -0.003272
0.000000 -0.027271 -0.007636
0.000000 0.003272 -0.006545
0.000000 0.007636 -0.007636
0.000000 0.017453 -0.004363
0.000000 0.042542 -0.002182
0.000000 0.028362 -0.003272
0.000000 0.015272 -0.002182
0.000000 0.015272 -0.002182
0.000000 0.003272 -0.003272
0.000000 -0.004363 -0.001091
0.000000 -0.001091 0.000000
0.000000 -0.002182 -0.001091
0.000000 0.003272 -0.002182
0.000000 0.003272 -0.002182
0.000000 0.004363 0.000000
0.000000 0.003272 0.002182
0.000000 0.007636 0.001091
0.000000 -0.004363 -0.001091
0.000000 -0.009817 -0.003272
0.000000 -0.011999 -0.002182
0.000000 -0.011999 -0.002182
0.000000 -0.040361 -0.002182
0.000000 -0.052360 0.005454
0.000000 -0.061087 0.002182
0.000000 -0.061087 0.002182
0.000000 -0.045815 -0.002182
0.000000 -0.040361 0.000000
0.000000 -0.041452 0.002182
0.000000 -0.032725 0.001091
0.000000 -0.020726 0.002182
0.000000 -0.029452 0.000000
0.000000 -0.029452 0.000000
0.000000 -0.029452 0.005454
0.000000 -0.016362 0.002182
0.000000 -0.002182 -0.001091
0.000000 -0.026180 -0.004363
0.000000 -0.026180 -0.004363
0.000000 -0.051269 -0.002182
0.000000 -0.059996 0.002182
0.000000 -0.059996 0.000000
0.000000 -0.055632 0.027271
0.000000 -0.055632 0.027271
0.000000 -0.047997 0.073086
0.000000 -0.065450 0.093811
0.000000 -0.091630 0.135263
0.000000 -0.074177 0.185441
0.000000 -0.074177 0.185441
0.000000 -0.110174 0.094902
0.000000 -0.188714 0.103629
0.000000 -0.272708 0.223620
0.000000 -0.454877 0.273799
0.000000 -0.454877 0.273799
0.000000 -0.423243 0.238892
0.000000 -0.325068 0.184350
0.000000 -0.101447 0.154898
0.000000 -0.101447 0.154898
0.000000 0.125446 0.142899
0.000000 0.142899 0.067632
0.000000 0.103629 0.017453
0.000000 0.103629 0.017453
0.000000 0.022907 0.020726
0.000000 -0.018544 0.111265
0.000000 0.155989 0.251982
0.000000 0.214894 0.233438
0.000000 0.214894 0.233438
0.000000 0.155989 0.122173
0.000000 0.000000 0.049087
0.000000 -0.100356 0.149444
0.000000 -0.027271 0.200713
0.000000 -0.027271 0.200713
0.000000 0.053451 0.202895
0.000000 0.103629 0.128718
0.000000 0.031634 0.054542
0.000000 -0.011999 0.115628
0.000000 -0.011999 0.115628
0.000000 -0.003272 0.143990
0.000000 0.040361 0.097084
0.000000 0.000000 0.026180
0.000000 -0.097084 -0.005454
0.000000 -0.097084 -0.005454
0.000000 -0.099266 0.051269
0.000000 0.039270 0.206167
0.000000 0.205076 0.230165
0.000000 0.287979 0.206167
0.000000 0.271617 0.182169
0.000000 0.172351 0.145081
0.000000 0.069813 0.094902
0.000000 0.006545 0.091630
0.000000 -0.019635 0.173442
0.000000 0.016362 0.267254
0.000000 0.112356 0.309796
0.000000 0.229075 0.298888
0.000000 0.293434 0.307614
0.000000 0.290161 0.371973
0.000000 0.215985 0.579231
0.000000 0.215985 0.579231
0.000000 0.203985 0.799579
0.000000 0.203985 0.799579
0.000000 0.277071 0.748310
0.000000 0.277071 0.748310
0.000000 0.229075 0.573777
0.000000 0.127627 0.393790
0.000000 0.074177 0.205076
0.000000 0.074177 0.205076
0.000000 0.074177 0.205076
0.000000 0.114537 0.166897
0.000000 0.092721 0.196350
0.000000 -0.032725 0.210530
0.000000 -0.032725 0.210530
0.000000 -0.061087 0.258527
0.000000 0.070904 0.284707
0.000000 0.081812 0.221439
0.000000 0.030543 0.201804
0.000000 -0.017453 0.206167
0.000000 -0.018544 0.201804
0.000000 0.026180 0.219257
0.000000 0.085085 0.251982
0.000000 0.099266 0.266163
0.000000 0.064359 0.263981
0.000000 0.019635 0.211621
0.000000 -0.025089 0.203985
0.000000 -0.043633 0.244346
0.000000 0.020726 0.386154
0.000000 0.155989 0.562869
0.000000 0.155989 0.562869
0.000000 0.261800 0.577050
0.000000 0.138536 0.426515
0.000000 0.080722 0.381791
0.000000 0.080722 0.381791
0.000000 0.064359 0.394881
0.000000 0.107992 0.522508
0.000000 0.081812 0.482147
0.000000 0.032725 0.378518
0.000000 0.032725 0.378518
0.000000 -0.015272 0.413425
0.000000 0.047997 0.449422
0.000000 0.124355 0.557415
0.000000 0.193077 0.614138
0.000000 0.195259 0.611956
0.000000 0.170170 0.521417
0.000000 0.131991 0.301069
0.000000 0.042542 0.272708
0.000000 0.013090 0.379609
0.000000 0.042542 0.385063
0.000000 0.059996 0.373064
0.000000 0.059996 0.373064
0.000000 0.050178 0.395972
0.000000 0.020726 0.230165
0.000000 0.020726 0.230165
0.000000 0.005454 0.357793
0.000000 0.157080 0.547597
0.000000 0.209440 0.613047
0.000000 0.209440 0.613047
0.000000 0.186532 0.615229
0.000000 0.128718 0.565051
0.000000 0.035997 0.373064
0.000000 0.018544 0.383973
0.000000 0.046906 0.611956
0.000000 0.046906 0.611956
0.000000 0.145081 0.685042
0.000000 0.088357 0.580322
0.000000 0.041452 0.511600
0.000000 0.035997 0.503964
0.000000 0.068722 0.493056
0.000000 0.105811 0.415607
0.000000 0.028362 0.268344
0.000000 -0.100356 0.152716
0.000000 -0.160352 0.074177
0.000000 -0.122173 0.101447
0.000000 -0.067632 0.166897
0.000000 -0.046906 0.260709
0.000000 -0.050178 0.338158
0.000000 -0.020726 0.403608
0.000000 0.013090 0.449422
0.000000 0.054542 0.462512
0.000000 0.054542 0.462512
0.000000 0.062177 0.501782
0.000000 0.018544 0.496328
0.000000 0.020726 0.536689
0.000000 0.020726 0.536689
0.000000 0.034907 0.551961
0.000000 0.064359 0.326159
0.000000 0.027271 0.362156
0.000000 0.027271 0.362156
0.000000 0.017453 0.461422
0.000000 0.032725 0.439605
0.000000 0.008727 0.448332
0.000000 0.008727 0.401426
0.000000 0.008727 0.401426
0.000000 0.073086 0.589049
0.000000 0.106901 0.645772
0.000000 0.142899 0.637045
0.000000 0.142899 0.574868
0.000000 0.142899 0.574868
0.000000 0.092721 0.382882
0.000000 0.044724 0.303251
0.000000 0.014181 0.313069
0.000000 0.003272 0.253073
0.000000 -0.019635 0.213803
0.000000 -0.013090 0.301069
0.000000 -0.013090 0.301069
0.000000 0.033816 0.331613
0.000000 0.066541 0.343612
0.000000 0.076358 0.368701
0.000000 0.077449 0.454877
0.000000 0.102538 0.543234
0.000000 0.061087 0.443968
0.000000 0.034907 0.517054
0.000000 0.034907 0.517054
0.000000 0.071995 0.518145
0.000000 0.102538 0.477784
0.000000 0.056723 0.462512
0.000000 0.056723 0.462512
0.000000 0.043633 0.464694
0.000000 0.049087 0.426515
0.000000 0.065450 0.481057
0.000000 0.028362 0.298888
0.000000 0.028362 0.298888
0.000000 -0.035997 0.226893
0.000000 -0.059996 0.176715
0.000000 0.013090 0.245437
0.000000 0.058905 0.398153
0.000000 0.111265 0.474512
0.000000 0.111265 0.474512
0.000000 0.058905 0.502873
0.000000 0.033816 0.517054
0.000000 0.058905 0.515963
0.000000 0.058905 0.554142
0.000000 0.044724 0.500692
0.000000 -0.006545 0.435242
0.000000 -0.002182 0.410153
0.000000 0.038179 0.383973
0.000000 0.058905 0.423243
0.000000 0.066541 0.428697
0.000000 0.057814 0.514872
0.000000 0.091630 0.560687
0.000000 0.115628 0.517054
0.000000 0.091630 0.481057
0.000000 0.043633 0.502873
0.000000 0.059996 0.548688
0.000000 0.105811 0.578141
0.000000 0.137445 0.574868
0.000000 0.125446 0.505055
0.000000 0.061087 0.410153
0.000000 -0.006545 0.338158
0.000000 -0.015272 0.367610
0.000000 0.028362 0.326159
0.000000 0.022907 0.248710
0.000000 0.010908 0.307614
0.000000 0.013090 0.277071
0.000000 -0.031634 0.179987
0.000000 -0.055632 0.161443
0.000000 -0.014181 0.267254
0.000000 0.062177 0.358883
0.000000 0.092721 0.474512
0.000000 0.079631 0.555233
0.000000 0.071995 0.519236
0.000000 0.041452 0.308705
0.000000 -0.010908 0.176715
0.000000 -0.035997 0.195259
0.000000 0.007636 0.321795
0.000000 0.007636 0.321795
0.000000 0.100356 0.507237
0.000000 0.094902 0.513782
0.000000 0.085085 0.501782
0.000000 0.085085 0.501782
0.000000 0.068722 0.463603
0.000000 0.090539 0.394881
0.000000 0.089448 0.327249
0.000000 0.087266 0.463603
0.000000 0.099266 0.594503
0.000000 0.100356 0.550870
0.000000 0.100356 0.550870
0.000000 0.082903 0.394881
0.000000 0.030543 0.181078
0.000000 -0.046906 -0.011999
0.000000 -0.016362 0.067632
0.000000 0.022907 0.141808
0.000000 0.022907 0.141808
0.000000 0.040361 0.177805
0.000000 0.016362 0.138536
0.000000 0.011999 0.196350
0.000000 0.011999 0.196350
0.000000 0.035997 0.158171
0.000000 0.030543 0.039270
0.000000 -0.009817 -0.077449
0.000000 -0.044724 -0.259618
0.000000 -0.049087 -0.343612
0.000000 -0.049087 -0.343612
0.000000 -0.041452 -0.461422
0.000000 -0.065450 -0.706859
0.000000 -0.081812 -0.835577
0.000000 -0.081812 -0.835577
0.000000 -0.091630 -0.766854
0.000000 -0.051269 -0.800670
0.000000 -0.046906 -0.871574
0.000000 -0.091630 -1.127920
0.000000 -0.091630 -1.127920
0.000000 -0.167988 -1.329723
0.000000 -0.244346 -1.146464
0.000000 -0.115628 -0.584686
0.000000 0.185441 -0.093811
0.000000 0.185441 -0.093811
0.000000 0.045815 -0.194168
0.000000 -0.080722 -0.254164
0.000000 -0.071995 -0.297797
0.000000 -0.035997 -0.400335
0.000000 -0.041452 -0.449422
0.000000 -0.041452 -0.449422
0.000000 -0.030543 -0.440696
0.000000 -0.050178 -0.422152
0.000000 -0.064359 -0.422152
0.000000 -0.095993 -0.491965
0.000000 -0.081812 -0.323977
0.000000 0.028362 -0.176715
0.000000 0.059996 -0.182169
0.000000 0.059996 -0.182169
0.000000 -0.038179 -0.289070
0.000000 -0.034907 -0.368701
0.000000 -0.045815 -0.394881
0.000000 -0.044724 -0.377428
0.000000 -0.044724 -0.377428
0.000000 0.011999 -0.285798
0.000000 0.016362 -0.329431
0.000000 -0.005454 -0.454877
0.000000 -0.049087 -0.586867
0.000000 -0.049087 -0.586867
0.000000 -0.104720 -0.582504
0.000000 -0.088357 -0.586867
0.000000 -0.087266 -0.614138
0.000000 -0.085085 -0.661044
0.000000 -0.085085 -0.661044
0.000000 -0.103629 -0.741765
0.000000 -0.103629 -0.741765
0.000000 -0.088357 -0.758128
0.000000 -0.091630 -0.596685
0.000000 -0.046906 -0.530144
0.000000 -0.029452 -0.650135
0.000000 -0.075267 -0.711222
0.000000 -0.115628 -0.735220
0.000000 -0.131991 -0.688314
0.000000 -0.002182 -0.529053
0.000000 -0.002182 -0.529053
0.000000 -0.026180 -0.644681
0.000000 -0.094902 -0.645772
0.000000 -0.081812 -0.477784
0.000000 -0.081812 -0.477784
0.000000 0.066541 -0.281434
0.000000 0.066541 -0.281434
0.000000 0.058905 -0.370883
0.000000 0.058905 -0.370883
0.000000 -0.014181 -0.407971
0.000000 -0.014181 -0.354520
0.000000 0.004363 -0.369792
0.000000 -0.006545 -0.378518
0.000000 -0.019635 -0.410153
0.000000 -0.018544 -0.462512
0.000000 -0.047997 -0.561778
0.000000 -0.073086 -0.568323
0.000000 -0.056723 -0.542143
0.000000 -0.043633 -0.605411
0.000000 -0.054542 -0.566141
0.000000 -0.043633 -0.482147
0.000000 -0.029452 -0.496328
0.000000 -0.029452 -0.525781
0.000000 -0.042542 -0.589049
0.000000 -0.046906 -0.677406
0.000000 -0.074177 -0.891209
0.000000 -0.150535 -1.082105
0.000000 -0.194168 -0.955568
0.000000 -0.094902 -0.862848
0.000000 -0.094902 -0.862848
0.000000 -0.038179 -0.666498
0.000000 -0.038179 -0.666498
0.000000 -0.075267 -0.549779
0.000000 -0.075267 -0.549779
0.000000 -0.099266 -0.450513
0.000000 -0.085085 -0.439605
0.000000 -0.033816 -0.467967
0.000000 0.005454 -0.553051
0.000000 -0.045815 -0.614138
0.000000 -0.098175 -0.657771
0.000000 -0.140717 -0.717767
0.000000 -0.184350 -0.777763
0.000000 -0.173442 -0.737402
0.000000 -0.109083 -0.653408
0.000000 -0.052360 -0.539961
0.000000 0.004363 -0.417788
0.000000 0.053451 -0.377428
0.000000 0.047997 -0.383973
0.000000 0.027271 -0.422152
0.000000 0.005454 -0.462512
0.000000 -0.010908 -0.507237
0.000000 -0.027271 -0.541052
0.000000 -0.029452 -0.491965
0.000000 -0.040361 -0.477784
0.000000 -0.040361 -0.477784
0.000000 -0.067632 -0.580322
0.000000 -0.050178 -0.621774
0.000000 -0.042542 -0.607593
0.000000 -0.042542 -0.607593
0.000000 -0.032725 -0.450513
0.000000 -0.033816 -0.499601
0.000000 -0.092721 -0.565051
0.000000 -0.092721 -0.565051
0.000000 -0.077449 -0.574868
0.000000 -0.043633 -0.472330
0.000000 -0.020726 -0.451604
0.000000 -0.021817 -0.424333
0.000000 -0.021817 -0.424333
0.000000 0.035997 -0.339249
0.000000 0.018544 -0.321795
0.000000 0.000000 -0.307614
0.000000 -0.011999 -0.328340
0.000000 -0.009817 -0.305433
0.000000 -0.005454 -0.260709
0.000000 -0.014181 -0.265072
0.000000 -0.016362 -0.370883
0.000000 -0.045815 -0.457058
0.000000 -0.095993 -0.544325
0.000000 -0.095993 -0.544325
0.000000 -0.140717 -0.639227
0.000000 -0.115628 -0.565051
0.000000 -0.098175 -0.541052
0.000000 -0.098175 -0.541052
0.000000 -0.091630 -0.524690
0.000000 0.004363 -0.317432
0.000000 0.050178 -0.335976
0.000000 0.050178 -0.335976
0.000000 0.033816 -0.208349
0.000000 0.033816 -0.208349
0.000000 0.058905 -0.331613
0.000000 0.001091 -0.410153
0.000000 0.001091 -0.410153
0.000000 -0.032725 -0.482147
0.000000 -0.037088 -0.505055
0.000000 0.011999 -0.470148
0.000000 0.013090 -0.501782
0.000000 -0.010908 -0.533417
0.000000 0.000000 -0.557415
0.000000 0.034907 -0.572686
0.000000 0.038179 -0.598866
0.000000 0.007636 -0.590140
0.000000 0.002182 -0.572686
0.000000 0.034907 -0.589049
0.000000 0.034907 -0.589049
0.000000 0.046906 -0.620683
0.000000 0.028362 -0.735220
0.000000 -0.019635 -0.775581
0.000000 -0.019635 -0.775581
0.000000 -0.035997 -0.727584
0.000000 0.050178 -0.654499
0.000000 0.098175 -0.593412
0.000000 0.119991 -0.558506
0.000000 0.119991 -0.558506
0.000000 0.032725 -0.625046
0.000000 0.001091 -0.622865
0.000000 0.045815 -0.508327
0.000000 0.123264 -0.402517
0.000000 0.124355 -0.401426
0.000000 0.052360 -0.473421
0.000000 -0.011999 -0.548688
0.000000 -0.014181 -0.606502
0.000000 0.026180 -0.647954
0.000000 0.029452 -0.664316
0.000000 0.010908 -0.623955
0.000000 0.034907 -0.628319
0.000000 0.046906 -0.637045
0.000000 0.019635 -0.598866
0.000000 -0.016362 -0.621774
0.000000 -0.019635 -0.586867
0.000000 0.029452 -0.483238
0.000000 0.104720 -0.443968
0.000000 0.125446 -0.455967
0.000000 0.074177 -0.585776
0.000000 -0.019635 -0.664316
0.000000 -0.053451 -0.613047
0.000000 0.002182 -0.560687
0.000000 0.034907 -0.530144
0.000000 0.011999 -0.507237
0.000000 -0.016362 -0.533417
0.000000 -0.019635 -0.641409
0.000000 -0.037088 -0.718858
0.000000 -0.064359 -0.714494
0.000000 -0.066541 -0.713404
0.000000 -0.042542 -0.644681
0.000000 0.013090 -0.515963
0.000000 0.073086 -0.482147
0.000000 0.095993 -0.527962
0.000000 0.078540 -0.526872
0.000000 0.053451 -0.543234
0.000000 0.030543 -0.579231
0.000000 0.043633 -0.568323
0.000000 0.104720 -0.539961
0.000000 0.151626 -0.505055
0.000000 0.141808 -0.511600
0.000000 0.141808 -0.511600
0.000000 0.078540 -0.569414
0.000000 0.020726 -0.585776
0.000000 0.016362 -0.548688
0.000000 0.055632 -0.521417
0.000000 0.100356 -0.466876
0.000000 0.107992 -0.406880
0.000000 0.107992 -0.406880
0.000000 0.110174 -0.397063
0.000000 0.085085 -0.425424
0.000000 0.051269 -0.439605
0.000000 0.058905 -0.509418
0.000000 0.058905 -0.509418
0.000000 0.038179 -0.593412
0.000000 0.027271 -0.675225
0.000000 0.017453 -0.749401
0.000000 0.009817 -0.687224
0.000000 0.033816 -0.614138
0.000000 0.033816 -0.614138
0.000000 0.150535 -0.459240
0.000000 0.164716 -0.385063
0.000000 0.153807 -0.472330
0.000000 0.077449 -0.531235
0.000000 0.010908 -0.469057
0.000000 0.032725 -0.472330
0.000000 0.041452 -0.502873
0.000000 0.029452 -0.461422
0.000000 0.049087 -0.406880
0.000000 0.064359 -0.386154
0.000000 0.057814 -0.403608
0.000000 0.081812 -0.369792
0.000000 0.081812 -0.369792
0.000000 0.103629 -0.374155
0.000000 0.073086 -0.379609
0.000000 0.073086 -0.379609
0.000000 0.035997 -0.403608
0.000000 0.013090 -0.412334
0.000000 0.013090 -0.412334
0.000000 0.017453 -0.309796
0.000000 0.066541 -0.225802
0.000000 0.066541 -0.352338
0.000000 0.028362 -0.377428
0.000000 0.008727 -0.369792
0.000000 0.008727 -0.369792
0.000000 0.038179 -0.322886
0.000000 0.083994 -0.284707
0.000000 0.115628 -0.278162
0.000000 0.082903 -0.353429
0.000000 0.030543 -0.395972
0.000000 0.025089 -0.367610
0.000000 0.061087 -0.317432
0.000000 0.113446 -0.286889
0.000000 0.125446 -0.366519
0.000000 0.078540 -0.568323
0.000000 0.023998 -0.685042
0.000000 -0.010908 -0.733039
0.000000 -0.010908 -0.733039
0.000000 -0.043633 -0.570505
0.000000 0.010908 -0.569414
0.000000 0.033816 -0.653408
0.000000 0.033816 -0.653408
0.000000 -0.010908 -0.694860
0.000000 -0.054542 -0.662135
0.000000 -0.092721 -0.569414
0.000000 -0.070904 -0.471239
0.000000 0.006545 -0.358883
0.000000 0.026180 -0.344703
0.000000 0.026180 -0.344703
0.000000 -0.051269 -0.350157
0.000000 -0.091630 -0.340339
0.000000 0.027271 -0.231256
0.000000 0.117810 -0.262890
0.000000 0.112356 -0.353429
0.000000 0.112356 -0.353429
0.000000 -0.031634 -0.605411
0.000000 -0.064359 -0.596685
0.000000 -0.008727 -0.587958
0.000000 0.051269 -0.623955
0.000000 0.044724 -0.511600
0.000000 0.056723 -0.405789
0.000000 0.087266 -0.306524
0.000000 0.140717 -0.306524
0.000000 0.155989 -0.472330
0.000000 0.155989 -0.472330
0.000000 0.004363 -0.559596
0.000000 0.017453 -0.560687
0.000000 0.010908 -0.481057
0.000000 0.023998 -0.434151
0.000000 0.086176 -0.500692
0.000000 0.093811 -0.464694
0.000000 0.109083 -0.335976
0.000000 0.134172 -0.352338
0.000000 0.140717 -0.411243
0.000000 0.151626 -0.428697
0.000000 0.181078 -0.391608
0.000000 0.175624 -0.368701
0.000000 0.128718 -0.289070
0.000000 0.151626 -0.202895
0.000000 0.194168 -0.293434
0.000000 0.124355 -0.515963
0.000000 -0.013090 -0.716676
0.000000 -0.051269 -0.757037
0.000000 0.044724 -0.685042
0.000000 0.161443 -0.591231
0.000000 0.208349 -0.460331
0.000000 0.256345 -0.385063
0.000000 0.304342 -0.415607
0.000000 0.241074 -0.393790
0.000000 0.241074 -0.393790
0.000000 0.265072 -0.284707
0.000000 0.274889 -0.361065
0.000000 0.274889 -0.361065
0.000000 0.200713 -0.512691
0.000000 0.183260 -0.467967
0.000000 0.211621 -0.361065
0.000000 0.295615 -0.327249
0.000000 0.295615 -0.327249
0.000000 0.305433 -0.378518
0.000000 0.181078 -0.436332
0.000000 0.083994 -0.451604
0.000000 0.063268 -0.373064
0.000000 0.121082 -0.367610
0.000000 0.191986 -0.433060
0.000000 0.215985 -0.359974
0.000000 0.209440 -0.354520
0.000000 0.160352 -0.261800
0.000000 0.118901 -0.338158
0.000000 0.152716 -0.345794
0.000000 0.177805 -0.239983
0.000000 0.183260 -0.201804
0.000000 0.183260 -0.201804
0.000000 0.191986 -0.155989
0.000000 0.263981 -0.026180
0.000000 0.368701 0.049087
0.000000 0.342521 0.045815
0.000000 0.231256 0.006545
0.000000 0.146171 -0.034907
0.000000 0.117810 0.016362
0.000000 0.115628 0.118901
0.000000 0.140717 0.171261
0.000000 0.142899 0.206167
0.000000 0.086176 0.222530
0.000000 0.054542 0.313069
0.000000 0.093811 0.451604
0.000000 0.103629 0.515963
0.000000 0.018544 0.482147
0.000000 0.018544 0.482147
0.000000 -0.042542 0.477784
0.000000 -0.042542 0.477784
0.000000 0.083994 0.806124
0.000000 0.083994 0.806124
0.000000 0.135263 0.829032
0.000000 0.044724 0.629410
0.000000 -0.114537 0.481057
0.000000 -0.170170 0.471239
0.000000 -0.122173 0.764673
0.000000 -0.044724 0.954477
0.000000 -0.021817 1.007928
0.000000 -0.020726 1.033017
0.000000 -0.031634 1.025381
0.000000 -0.027271 1.009019
0.000000 -0.021817 1.162826
0.000000 0.015272 1.344995
0.000000 0.064359 1.411536
0.000000 0.045815 1.440988
0.000000 -0.070904 1.311179
0.000000 -0.272708 1.006837
0.000000 -0.438514 0.679588
0.000000 -0.351248 0.547597
0.000000 -0.088357 0.658862
0.000000 0.104720 0.980657
0.000000 0.104720 0.980657
0.000000 0.030543 1.183552
0.000000 0.030543 1.183552
0.000000 -0.138536 0.789762
0.000000 -0.138536 0.789762
0.000000 -0.178896 0.513782
0.000000 -0.147262 0.458149
0.000000 0.023998 0.611956
0.000000 0.023998 0.611956
0.000000 0.046906 0.753764
0.000000 0.047997 0.903208
0.000000 0.057814 0.849758
0.000000 -0.004363 0.789762
0.000000 -0.075267 0.754855
0.000000 -0.119991 0.620683
0.000000 -0.149444 0.505055
0.000000 -0.129809 0.525781
0.000000 -0.057814 0.606502
0.000000 0.002182 0.699223
0.000000 0.007636 0.838849
0.000000 -0.008727 0.860666
0.000000 -0.010908 0.824668
0.000000 -0.005454 0.796307
0.000000 -0.006545 0.743947
0.000000 -0.031634 0.691587
0.000000 -0.063268 0.719949
0.000000 -0.057814 0.806124
0.000000 -0.006545 0.848667
0.000000 0.026180 0.975203
0.000000 0.026180 0.975203
0.000000 0.038179 1.170462
0.000000 0.091630 1.289363
0.000000 0.081812 1.119193
0.000000 0.081812 1.119193
0.000000 -0.046906 0.926116
0.000000 -0.053451 0.917389
0.000000 -0.058905 0.891209
0.000000 -0.049087 0.923934
0.000000 -0.049087 0.923934
0.000000 0.005454 0.949023
0.000000 0.039270 0.880301
0.000000 0.019635 0.832304
0.000000 -0.075267 0.677406
0.000000 -0.075267 0.677406
0.000000 -0.094902 0.445059
0.000000 -0.151626 0.206167
0.000000 -0.150535 0.163625
0.000000 -0.152716 0.213803
0.000000 -0.152716 0.213803
0.000000 -0.131991 0.293434
0.000000 -0.100356 0.415607
0.000000 -0.066541 0.407971
0.000000 -0.078540 0.377428
0.000000 -0.078540 0.377428
0.000000 -0.073086 0.223620
0.000000 -0.011999 0.065450
0.000000 -0.001091 0.068722
0.000000 -0.034907 0.086176
0.000000 -0.034907 0.086176
0.000000 -0.066541 0.112356
0.000000 -0.056723 0.107992
0.000000 -0.070904 0.123264
0.000000 -0.087266 0.122173
0.000000 -0.066541 0.061087
0.000000 -0.018544 -0.013090
0.000000 0.001091 -0.109083
0.000000 -0.052360 -0.065450
0.000000 -0.091630 -0.033816
0.000000 -0.088357 -0.007636
0.000000 -0.065450 0.070904
0.000000 -0.066541 0.087266
0.000000 -0.103629 0.020726
0.000000 -0.136354 -0.003272
0.000000 -0.137445 0.011999
0.000000 -0.091630 -0.007636
0.000000 -0.052360 -0.006545
0.000000 -0.061087 -0.004363
0.000000 -0.089448 -0.031634
0.000000 -0.106901 -0.077449
0.000000 -0.106901 -0.077449
0.000000 -0.150535 -0.078540
0.000000 -0.205076 -0.125446
0.000000 -0.205076 -0.125446
0.000000 -0.199622 -0.134172
0.000000 -0.143990 -0.086176
0.000000 -0.068722 0.032725
0.000000 -0.079631 0.023998
0.000000 -0.095993 0.030543
0.000000 -0.095993 0.030543
0.000000 -0.080722 0.094902
0.000000 -0.089448 0.041452
0.000000 -0.122173 0.063268
0.000000 -0.122173 0.063268
0.000000 -0.141808 0.143990
0.000000 -0.074177 0.267254
0.000000 -0.032725 0.251982
0.000000 -0.054542 0.157080
0.000000 -0.116719 0.063268
0.000000 -0.116719 0.063268
0.000000 -0.125446 -0.016362
0.000000 -0.100356 0.037088
0.000000 -0.090539 0.067632
0.000000 -0.057814 0.128718
0.000000 -0.002182 0.202895
0.000000 0.018544 0.208349
0.000000 -0.033816 0.166897
0.000000 -0.109083 0.058905
0.000000 -0.166897 -0.002182
0.000000 -0.151626 0.038179
0.000000 -0.087266 0.042542
0.000000 -0.031634 0.064359
0.000000 -0.013090 0.097084
0.000000 0.018544 0.118901
0.000000 0.018544 0.118901
0.000000 -0.050178 0.152716
0.000000 -0.126536 0.122173
0.000000 -0.157080 0.093811
0.000000 -0.158171 0.137445
0.000000 -0.093811 0.182169
0.000000 -0.077449 0.157080
0.000000 -0.128718 0.056723
0.000000 -0.165806 -0.026180
0.000000 -0.158171 -0.015272
0.000000 -0.117810 0.049087
0.000000 -0.109083 0.095993
0.000000 -0.109083 0.095993
0.000000 -0.123264 0.086176
0.000000 -0.135263 0.065450
0.000000 -0.152716 0.140717
0.000000 -0.222530 0.138536
0.000000 -0.224711 0.141808
0.000000 -0.188714 0.155989
0.000000 -0.111265 0.100356
0.000000 -0.053451 0.078540
0.000000 -0.064359 0.188714
0.000000 -0.106901 0.280344
0.000000 -0.112356 0.197440
0.000000 -0.129809 0.265072
0.000000 -0.142899 0.333794
0.000000 -0.130900 0.233438
0.000000 -0.151626 0.139626
0.000000 -0.151626 0.139626
0.000000 -0.208349 0.068722
0.000000 -0.146171 0.102538
0.000000 -0.146171 0.102538
0.000000 -0.059996 0.130900
0.000000 -0.013090 0.157080
0.000000 -0.013090 0.157080
0.000000 -0.051269 0.195259
0.000000 -0.091630 0.194168
0.000000 -0.088357 0.014181
0.000000 -0.047997 0.047997
0.000000 -0.047997 0.047997
0.000000 -0.025089 0.079631
0.000000 -0.019635 0.021817
0.000000 -0.017453 0.002182
0.000000 -0.037088 -0.008727
0.000000 -0.026180 0.062177
0.000000 -0.021817 0.090539
0.000000 -0.019635 0.091630
0.000000 0.006545 0.100356
0.000000 0.032725 0.143990
0.000000 0.026180 0.117810
0.000000 -0.031634 0.035997
0.000000 -0.062177 0.020726
0.000000 -0.038179 0.051269
0.000000 -0.014181 0.117810
0.000000 0.004363 0.139626
0.000000 -0.021817 0.141808
0.000000 -0.038179 0.070904
0.000000 -0.031634 0.020726
0.000000 -0.031634 0.020726
0.000000 -0.050178 0.055632
0.000000 -0.061087 -0.056723
0.000000 -0.061087 -0.056723
0.000000 -0.074177 0.005454
0.000000 -0.101447 0.073086
0.000000 -0.068722 0.138536
0.000000 0.039270 0.239983
0.000000 0.050178 0.158171
0.000000 -0.029452 0.003272
0.000000 -0.116719 -0.006545
0.000000 -0.091630 -0.067632
0.000000 -0.091630 -0.067632
0.000000 -0.077449 0.092721
0.000000 -0.030543 0.134172
0.000000 -0.011999 0.162534
0.000000 -0.044724 0.077449
0.000000 -0.044724 0.077449
0.000000 -0.174533 -0.055632
0.000000 -0.115628 0.017453
0.000000 -0.082903 0.042542
0.000000 -0.055632 0.078540
0.000000 -0.089448 0.110174
0.000000 -0.109083 0.080722
0.000000 -0.118901 0.123264
0.000000 -0.129809 0.253073
0.000000 -0.128718 0.250891
0.000000 -0.127627 0.127627
0.000000 -0.135263 -0.078540
0.000000 -0.172351 -0.083994
0.000000 -0.176715 0.038179
0.000000 -0.097084 0.167988
0.000000 -0.097084 0.167988
0.000000 0.006545 0.238892
0.000000 -0.035997 0.134172
0.000000 -0.074177 0.062177
0.000000 -0.078540 -0.047997
0.000000 -0.104720 -0.110174
0.000000 -0.122173 -0.135263
0.000000 -0.081812 -0.112356
0.000000 -0.081812 -0.112356
0.000000 -0.038179 -0.087266
0.000000 -0.039270 -0.126536
0.000000 -0.039270 -0.126536
0.000000 -0.075267 -0.106901
0.000000 -0.086176 0.000000
0.000000 -0.066541 0.079631
0.000000 -0.042542 0.117810
0.000000 -0.034907 0.029452
0.000000 -0.089448 -0.163625
0.000000 -0.078540 -0.158171
0.000000 -0.078540 -0.158171
0.000000 -0.028362 -0.155989
0.000000 0.032725 -0.081812
0.000000 0.009817 -0.051269
0.000000 -0.029452 0.001091
0.000000 -0.027271 -0.041452
0.000000 -0.027271 -0.041452
0.000000 0.005454 -0.085085
0.000000 -0.025089 -0.103629
0.000000 -0.046906 -0.155989
0.000000 0.003272 -0.186532
0.000000 0.021817 -0.162534
0.000000 -0.025089 -0.127627
0.000000 -0.056723 -0.071995
0.000000 -0.056723 -0.071995
0.000000 0.007636 0.033816
0.000000 0.005454 0.185441
0.000000 -0.069813 0.184350
0.000000 -0.111265 0.026180
0.000000 -0.111265 0.026180
0.000000 -0.047997 0.035997
0.000000 0.022907 0.090539
0.000000 0.010908 0.098175
0.000000 -0.037088 0.093811
0.000000 -0.061087 0.175624
0.000000 -0.078540 0.254164
0.000000 -0.106901 0.201804
0.000000 -0.111265 0.131991
0.000000 -0.022907 0.082903
0.000000 -0.027271 0.018544
0.000000 -0.027271 0.018544
0.000000 -0.047997 0.062177
0.000000 -0.073086 0.063268
0.000000 -0.083994 0.078540
0.000000 -0.078540 0.133081
0.000000 -0.063268 0.063268
0.000000 -0.063268 0.063268
0.000000 -0.033816 0.086176
0.000000 -0.062177 0.262890
0.000000 -0.069813 0.201804
0.000000 -0.069813 0.201804
0.000000 -0.078540 0.039270
0.000000 -0.053451 -0.009817
0.000000 -0.046906 -0.002182
0.000000 -0.046906 -0.002182
0.000000 -0.057814 0.069813
0.000000 -0.050178 0.063268
0.000000 -0.037088 0.077449
0.000000 -0.037088 0.077449
0.000000 -0.017453 0.011999
0.000000 -0.030543 0.008727
0.000000 0.021817 0.054542
0.000000 0.037088 0.099266
0.000000 0.037088 0.099266
0.000000 0.009817 0.061087
0.000000 0.002182 0.032725
0.000000 -0.007636 0.087266
0.000000 -0.009817 0.099266
0.000000 -0.005454 0.111265
0.000000 0.002182 0.087266
0.000000 0.022907 -0.027271
0.000000 0.034907 -0.088357
0.000000 0.013090 -0.040361
0.000000 -0.019635 -0.013090
0.000000 -0.025089 -0.044724
0.000000 0.008727 -0.034907
0.000000 0.009817 0.025089
0.000000 0.009817 0.081812
0.000000 -0.002182 0.064359
0.000000 -0.033816 0.022907
0.000000 -0.043633 0.035997
0.000000 -0.006545 0.027271
0.000000 -0.009817 -0.015272
0.000000 -0.034907 -0.057814
0.000000 -0.034907 -0.057814
0.000000 0.005454 -0.007636
0.000000 -0.028362 -0.033816
0.000000 -0.028362 -0.033816
0.000000 -0.005454 -0.042542
0.000000 0.015272 -0.117810
0.000000 0.008727 -0.023998
0.000000 0.021817 -0.083994
0.000000 0.023998 -0.184350
0.000000 0.013090 -0.133081
0.000000 0.010908 -0.067632
0.000000 0.029452 0.029452
0.000000 0.066541 0.052360
0.000000 0.078540 0.039270
0.000000 0.061087 -0.021817
0.000000 0.061087 -0.021817
0.000000 0.019635 -0.187623
0.000000 0.073086 -0.134172
0.000000 0.112356 -0.116719
0.000000 0.112356 -0.116719
0.000000 0.058905 -0.161443
0.000000 0.018544 -0.226893
0.000000 0.001091 -0.263981
0.000000 0.001091 -0.263981
0.000000 0.076358 -0.097084
0.000000 0.112356 -0.081812
0.000000 0.102538 -0.091630
0.000000 0.077449 -0.158171
0.000000 0.077449 -0.158171
0.000000 0.081812 -0.143990
0.000000 0.098175 -0.107992
0.000000 0.085085 -0.089448
0.000000 0.079631 -0.141808
0.000000 0.080722 -0.133081
0.000000 0.082903 -0.115628
0.000000 0.082903 -0.115628
0.000000 0.070904 -0.018544
0.000000 0.083994 0.047997
0.000000 0.083994 0.047997
0.000000 0.104720 0.054542
0.000000 0.033816 -0.157080
0.000000 -0.006545 -0.235620
0.000000 0.063268 -0.145081
0.000000 0.063268 -0.145081
0.000000 0.124355 -0.097084
0.000000 0.114537 -0.070904
0.000000 0.080722 -0.018544
0.000000 0.085085 -0.101447
0.000000 0.085085 -0.101447
0.000000 0.085085 -0.099266
0.000000 0.053451 -0.111265
0.000000 0.019635 -0.162534
0.000000 0.010908 -0.173442
0.000000 0.010908 -0.173442
0.000000 0.039270 -0.161443
0.000000 0.075267 -0.133081
0.000000 0.098175 -0.082903
0.000000 0.121082 -0.051269
0.000000 0.092721 -0.066541
0.000000 0.037088 -0.067632
0.000000 0.019635 0.006545
0.000000 0.056723 0.035997
0.000000 0.087266 0.061087
0.000000 0.095993 0.066541
0.000000 0.101447 -0.006545
0.000000 0.101447 -0.006545
0.000000 0.127627 0.022907
0.000000 0.114537 0.018544
0.000000 0.128718 0.011999
0.000000 0.128718 0.011999
0.000000 0.150535 0.040361
0.000000 0.184350 0.049087
0.000000 0.181078 0.062177
0.000000 0.181078 0.062177
0.000000 0.148353 0.043633
0.000000 0.087266 0.000000
0.000000 0.073086 0.046906
0.000000 0.066541 0.098175
0.000000 0.066541 0.098175
0.000000 0.006545 0.040361
0.000000 0.008727 0.087266
0.000000 0.056723 0.100356
0.000000 0.103629 0.057814
0.000000 0.118901 0.046906
0.000000 0.114537 0.062177
0.000000 0.133081 -0.007636
0.000000 0.105811 -0.098175
0.000000 0.055632 -0.125446
0.000000 0.031634 -0.085085
0.000000 0.035997 -0.035997
0.000000 0.029452 0.045815
0.000000 0.044724 0.073086
0.000000 0.081812 0.069813
0.000000 0.097084 0.041452
0.000000 0.083994 -0.005454
0.000000 0.083994 -0.005454
0.000000 0.079631 -0.009817
0.000000 0.069813 0.015272
0.000000 0.083994 0.100356
0.000000 0.146171 0.110174
0.000000 0.106901 -0.018544
0.000000 0.070904 -0.061087
0.000000 0.070904 -0.061087
0.000000 0.058905 -0.053451
0.000000 0.062177 -0.004363
0.000000 0.128718 -0.019635
0.000000 0.118901 -0.013090
0.000000 0.121082 -0.040361
0.000000 0.121082 -0.040361
0.000000 0.070904 -0.065450
0.000000 0.082903 -0.047997
0.000000 0.147262 -0.003272
0.000000 0.207258 0.100356
0.000000 0.198531 0.029452
0.000000 0.129809 -0.115628
0.000000 0.086176 -0.134172
0.000000 0.103629 -0.085085
0.000000 0.092721 -0.045815
0.000000 0.064359 -0.042542
0.000000 0.078540 -0.062177
0.000000 0.078540 -0.062177
0.000000 0.100356 -0.093811
0.000000 0.081812 -0.135263
0.000000 0.069813 -0.101447
0.000000 0.116719 -0.042542
0.000000 0.146171 -0.030543
0.000000 0.019635 -0.075267
0.000000 -0.033816 -0.085085
0.000000 -0.033816 -0.085085
0.000000 0.075267 0.015272
0.000000 0.112356 -0.023998
0.000000 0.092721 -0.082903
0.000000 0.062177 -0.094902
0.000000 0.088357 -0.073086
0.000000 0.139626 -0.063268
0.000000 0.123264 -0.080722
0.000000 0.039270 -0.032725
0.000000 0.029452 0.098175
0.000000 0.110174 0.186532
0.000000 0.160352 0.207258
0.000000 0.164716 0.150535
0.000000 0.140717 0.068722
0.000000 0.127627 0.007636
0.000000 0.126536 -0.037088
0.000000 0.093811 -0.026180
0.000000 0.045815 0.001091
0.000000 0.008727 0.025089
0.000000 0.010908 0.089448
0.000000 0.039270 0.056723
0.000000 0.039270 -0.069813
0.000000 0.037088 -0.167988
0.000000 0.057814 -0.182169
0.000000 0.069813 -0.138536
0.000000 0.028362 -0.123264
0.000000 -0.030543 -0.035997
0.000000 -0.030543 -0.035997
0.000000 -0.043633 0.021817
0.000000 -0.035997 0.058905
0.000000 0.023998 0.014181
0.000000 0.054542 0.067632
0.000000 0.049087 0.088357
0.000000 0.005454 0.034907
0.000000 -0.019635 -0.014181
0.000000 0.041452 0.037088
0.000000 0.125446 0.027271
0.000000 0.125446 0.027271
0.000000 0.131991 -0.049087
0.000000 0.056723 -0.111265
0.000000 -0.067632 -0.081812
0.000000 -0.067632 -0.081812
0.000000 -0.029452 0.043633
0.000000 0.034907 0.092721
0.000000 0.032725 0.143990
0.000000 0.029452 0.174533
0.000000 0.067632 0.076358
0.000000 0.183260 0.098175
0.000000 0.191986 0.020726
0.000000 0.191986 0.020726
0.000000 0.101447 -0.050178
0.000000 0.058905 0.007636
0.000000 0.066541 0.030543
0.000000 0.040361 0.066541
0.000000 0.077449 -0.007636
0.000000 0.112356 -0.046906
0.000000 0.101447 -0.047997
0.000000 0.080722 0.002182
0.000000 0.080722 0.076358
0.000000 0.088357 0.049087
0.000000 0.056723 0.035997
0.000000 0.044724 0.083994
0.000000 0.000000 0.049087
0.000000 0.000000 0.049087
0.000000 -0.071995 0.028362
0.000000 -0.050178 0.158171
0.000000 -0.006545 0.317432
0.000000 -0.006545 0.317432
0.000000 0.074177 0.406880
0.000000 0.104720 0.410153
0.000000 0.074177 0.416698
0.000000 0.050178 0.438514
0.000000 0.017453 0.382882
0.000000 -0.015272 0.278162
0.000000 -0.037088 0.229075
0.000000 -0.047997 0.263981
0.000000 -0.046906 0.290161
0.000000 0.005454 0.366519
0.000000 0.028362 0.494147
0.000000 0.026180 0.567232
0.000000 0.026180 0.567232
0.000000 0.082903 0.740674
0.000000 0.112356 0.666498
0.000000 0.069813 0.532326
0.000000 -0.014181 0.357793
0.000000 -0.080722 0.267254
0.000000 -0.087266 0.310887
0.000000 -0.053451 0.423243
0.000000 -0.020726 0.515963
0.000000 -0.030543 0.559596
0.000000 -0.050178 0.581413
0.000000 -0.038179 0.649045
0.000000 0.000000 0.656680
0.000000 0.010908 0.596685
0.000000 -0.025089 0.559596
0.000000 -0.034907 0.494147
0.000000 -0.017453 0.410153
0.000000 0.010908 0.401426
0.000000 0.022907 0.417788
0.000000 -0.002182 0.357793
0.000000 -0.040361 0.274889
0.000000 -0.064359 0.178896
0.000000 -0.065450 0.196350
0.000000 -0.045815 0.223620
0.000000 -0.017453 0.317432
0.000000 -0.017453 0.317432
0.000000 0.052360 0.380700
0.000000 0.065450 0.340339
0.000000 0.065450 0.340339
0.000000 0.062177 0.275980
0.000000 0.040361 0.290161
0.000000 0.034907 0.279253
0.000000 0.029452 0.248710
0.000000 0.026180 0.311978
0.000000 0.058905 0.318523
0.000000 0.070904 0.302160
0.000000 0.054542 0.319614
0.000000 0.154898 0.485420
0.000000 0.237801 0.474512
0.000000 0.294524 0.425424
0.000000 0.294524 0.425424
0.000000 0.317432 0.299979
0.000000 0.173442 0.208349
0.000000 0.136354 0.272708
0.000000 0.123264 0.280344
0.000000 0.123264 0.280344
0.000000 0.116719 0.139626
0.000000 0.089448 -0.052360
0.000000 0.089448 -0.052360
0.000000 0.077449 -0.098175
0.000000 0.134172 -0.085085
0.000000 0.224711 -0.051269
0.000000 0.291252 0.052360
0.000000 0.291252 0.052360
0.000000 0.315250 0.100356
0.000000 0.237801 0.172351
0.000000 0.162534 0.130900
0.000000 0.162534 0.130900
0.000000 0.109083 0.073086
0.000000 0.111265 0.059996
0.000000 0.147262 0.015272
0.000000 0.179987 0.023998
0.000000 0.195259 0.003272
0.000000 0.173442 0.030543
0.000000 0.078540 0.164716
0.000000 0.031634 0.099266
0.000000 0.017453 0.109083
0.000000 0.009817 0.257436
0.000000 -0.018544 0.292343
0.000000 -0.018544 0.292343
0.000000 0.005454 0.301069
0.000000 -0.004363 0.225802
0.000000 -0.158171 0.210530
0.000000 -0.158171 0.210530
0.000000 -0.174533 0.271617
0.000000 -0.174533 0.271617
0.000000 -0.164716 0.412334
0.000000 -0.164716 0.412334
0.000000 -0.187623 0.471239
0.000000 -0.258527 0.427606
0.000000 -0.229075 0.429788
0.000000 -0.146171 0.413425
0.000000 -0.146171 0.413425
0.000000 -0.064359 0.361065
0.000000 -0.006545 0.374155
0.000000 -0.030543 0.339249
0.000000 -0.030543 0.339249
0.000000 -0.130900 0.403608
0.000000 -0.165806 0.285798
0.000000 -0.221439 0.247619
0.000000 -0.214894 0.251982
0.000000 -0.209440 0.304342
0.000000 -0.188714 0.412334
0.000000 -0.198531 0.368701
0.000000 -0.281434 0.282525
0.000000 -0.374155 0.105811
0.000000 -0.433060 0.017453
0.000000 -0.335976 0.230165
0.000000 -0.335976 0.230165
0.000000 -0.283616 0.239983
0.000000 -0.275980 0.274889
0.000000 -0.278162 0.143990
0.000000 -0.278162 0.143990
0.000000 -0.257436 0.196350
0.000000 -0.227984 0.166897
0.000000 -0.183260 -0.027271
0.000000 -0.183260 -0.027271
0.000000 -0.122173 0.345794
0.000000 -0.101447 0.209440
0.000000 -0.091630 0.262890
0.000000 -0.082903 0.239983
0.000000 -0.082903 0.239983
0.000000 -0.159261 0.050178
0.000000 -0.205076 0.054542
0.000000 -0.223620 0.086176
0.000000 -0.215985 0.179987
0.000000 -0.178896 0.091630
0.000000 -0.157080 0.044724
0.000000 -0.129809 0.023998
0.000000 -0.093811 0.115628
0.000000 -0.075267 0.227984
0.000000 -0.029452 0.182169
0.000000 -0.014181 0.123264
0.000000 -0.014181 0.123264
0.000000 -0.143990 -0.003272
0.000000 -0.165806 0.000000
0.000000 -0.124355 -0.062177
0.000000 -0.124355 -0.062177
0.000000 0.022907 -0.154898
0.000000 0.039270 -0.099266
0.000000 -0.025089 -0.206167
0.000000 -0.025089 -0.206167
0.000000 -0.044724 -0.294524
0.000000 0.046906 -0.046906
0.000000 0.148353 0.009817
0.000000 0.114537 -0.148353
0.000000 0.114537 -0.148353
0.000000 0.039270 -0.136354
0.000000 0.039270 -0.106901
0.000000 0.102538 -0.223620
0.000000 0.057814 -0.210530
0.000000 0.057814 -0.210530
0.000000 0.033816 -0.005454
0.000000 -0.058905 -0.026180
0.000000 -0.052360 -0.008727
0.000000 -0.059996 -0.043633
0.000000 -0.089448 -0.083994
0.000000 -0.141808 -0.169079
0.000000 -0.177805 -0.209440
0.000000 -0.159261 -0.232347
0.000000 -0.116719 -0.209440
0.000000 -0.074177 -0.269435
0.000000 -0.106901 -0.309796
0.000000 -0.130900 -0.335976
0.000000 -0.151626 -0.330522
0.000000 -0.158171 -0.303251
0.000000 -0.111265 -0.301069
0.000000 -0.111265 -0.301069
0.000000 -0.064359 -0.281434
0.000000 -0.086176 -0.354520
0.000000 -0.086176 -0.354520
0.000000 -0.148353 -0.382882
0.000000 -0.165806 -0.407971
0.000000 -0.030543 -0.179987
0.000000 0.085085 -0.278162
0.000000 0.002182 -0.281434
0.000000 0.002182 -0.281434
0.000000 -0.175624 -0.274889
0.000000 -0.124355 -0.159261
0.000000 -0.079631 -0.113446
0.000000 -0.032725 -0.183260
0.000000 -0.052360 -0.187623
0.000000 -0.085085 -0.178896
0.000000 -0.029452 -0.176715
0.000000 0.081812 -0.181078
0.000000 0.098175 -0.152716
0.000000 0.076358 -0.130900
0.000000 0.052360 -0.133081
0.000000 0.025089 -0.123264
0.000000 0.007636 -0.125446
0.000000 0.002182 -0.104720
0.000000 0.032725 -0.090539
0.000000 0.055632 -0.147262
0.000000 -0.007636 -0.202895
0.000000 -0.034907 -0.129809
0.000000 0.034907 -0.095993
0.000000 0.075267 -0.063268
0.000000 0.075267 -0.063268
0.000000 0.080722 -0.029452
0.000000 0.069813 0.017453
0.000000 0.071995 0.086176
0.000000 0.071995 0.032725
0.000000 0.071995 0.032725
0.000000 0.030543 -0.101447
0.000000 0.032725 -0.197440
0.000000 0.021817 -0.165806
0.000000 -0.001091 -0.209440
0.000000 -0.001091 -0.209440
0.000000 0.009817 -0.178896
0.000000 -0.005454 -0.107992
0.000000 0.013090 -0.157080
0.000000 0.005454 -0.135263
0.000000 0.005454 -0.135263
0.000000 0.022907 -0.131991
0.000000 0.093811 0.020726
0.000000 0.093811 0.020726
0.000000 0.074177 -0.023998
0.000000 0.050178 -0.002182
0.000000 0.025089 -0.042542
0.000000 0.006545 -0.040361
0.000000 0.016362 -0.071995
0.000000 0.016362 -0.071995
0.000000 -0.018544 -0.080722
0.000000 -0.007636 -0.092721
0.000000 -0.014181 -0.098175
0.000000 0.015272 -0.007636
0.000000 0.032725 -0.002182
0.000000 0.008727 -0.020726
0.000000 0.007636 0.014181
0.000000 0.025089 -0.038179
0.000000 0.054542 -0.046906
0.000000 0.079631 -0.054542
0.000000 0.079631 -0.054542
0.000000 0.087266 0.025089
0.000000 0.117810 0.050178
0.000000 0.117810 0.050178
0.000000 0.077449 0.026180
0.000000 0.026180 -0.038179
0.000000 -0.090539 0.027271
0.000000 -0.094902 0.002182
0.000000 -0.094902 0.002182
0.000000 -0.143990 -0.009817
0.000000 -0.101447 0.118901
0.000000 -0.045815 0.142899
0.000000 -0.017453 0.110174
0.000000 -0.010908 0.150535
0.000000 0.018544 0.122173
0.000000 0.028362 0.073086
0.000000 0.039270 0.092721
0.000000 0.049087 0.080722
0.000000 0.003272 0.089448
0.000000 -0.047997 0.151626
0.000000 -0.054542 0.161443
0.000000 -0.054542 0.161443
0.000000 -0.049087 0.217075
0.000000 -0.063268 0.176715
0.000000 -0.107992 0.055632
0.000000 -0.155989 -0.010908
0.000000 -0.149444 -0.034907
0.000000 -0.050178 -0.006545
0.000000 -0.050178 -0.006545
0.000000 -0.018544 0.033816
0.000000 -0.034907 0.080722
0.000000 -0.110174 0.028362
0.000000 -0.155989 0.011999
0.000000 -0.155989 0.011999
0.000000 -0.163625 -0.002182
0.000000 -0.157080 0.005454
0.000000 -0.175624 0.011999
0.000000 -0.181078 0.046906
0.000000 -0.142899 0.016362
0.000000 -0.142899 0.016362
0.000000 -0.068722 -0.091630
0.000000 0.018544 -0.052360
0.000000 0.018544 -0.052360
0.000000 0.105811 0.076358
0.000000 0.006545 0.056723
0.000000 -0.090539 -0.003272
0.000000 -0.090539 -0.003272
0.000000 -0.133081 -0.027271
0.000000 -0.159261 -0.052360
0.000000 -0.195259 -0.080722
0.000000 -0.197440 -0.101447
0.000000 -0.190895 -0.034907
0.000000 -0.179987 -0.007636
0.000000 -0.199622 -0.099266
0.000000 -0.199622 -0.099266
0.000000 -0.085085 -0.023998
0.000000 -0.133081 0.011999
0.000000 -0.171261 0.022907
0.000000 -0.116719 -0.043633
0.000000 -0.116719 -0.043633
0.000000 0.000000 -0.086176
0.000000 0.027271 -0.118901
0.000000 0.057814 -0.090539
0.000000 0.079631 -0.027271
0.000000 0.079631 -0.027271
0.000000 0.090539 0.136354
0.000000 0.067632 0.205076
0.000000 0.105811 0.254164
0.000000 0.141808 0.290161
0.000000 0.141808 0.290161
0.000000 0.151626 0.185441
0.000000 0.160352 0.114537
0.000000 0.160352 0.114537
0.000000 0.208349 0.153807
0.000000 0.209440 0.197440
0.000000 0.209440 0.197440
0.000000 0.254164 0.184350
0.000000 0.294524 0.186532
0.000000 0.320704 0.311978
0.000000 0.369792 0.292343
0.000000 0.430878 0.279253
0.000000 0.592321 0.272708
0.000000 0.691587 0.304342
0.000000 0.691587 0.304342
0.000000 0.739584 0.367610
0.000000 0.712313 0.401426
0.000000 0.593412 0.245437
0.000000 0.544325 0.154898
0.000000 0.501782 0.078540
0.000000 0.501782 0.078540
0.000000 0.485420 -0.099266
0.000000 0.469057 -0.106901
0.000000 0.473421 -0.149444
0.000000 0.475602 -0.172351
0.000000 0.460331 -0.126536
0.000000 0.488692 -0.117810
0.000000 0.514872 -0.065450
0.000000 0.535598 -0.028362
0.000000 0.566141 -0.033816
0.000000 0.566141 -0.033816
0.000000 0.596685 0.057814
0.000000 0.606502 0.130900
0.000000 0.606502 0.130900
0.000000 0.611956 0.183260
0.000000 0.571596 0.195259
0.000000 0.498510 0.210530
0.000000 0.437423 0.146171
0.000000 0.437423 0.146171
0.000000 0.378518 0.045815
0.000000 0.386154 -0.028362
0.000000 0.400335 -0.042542
0.000000 0.419970 -0.010908
0.000000 0.437423 0.055632
0.000000 0.405789 0.055632
0.000000 0.381791 0.041452
0.000000 0.382882 0.044724
0.000000 0.386154 0.021817
0.000000 0.395972 0.000000
0.000000 0.395972 0.000000
0.000000 0.394881 0.033816
0.000000 0.386154 0.026180
0.000000 0.373064 0.054542
0.000000 0.375246 0.021817
0.000000 0.371973 -0.027271
0.000000 0.362156 -0.002182
0.000000 0.368701 0.013090
0.000000 0.376337 0.071995
0.000000 0.385063 0.074177
0.000000 0.349066 0.076358
0.000000 0.327249 0.057814
0.000000 0.319614 0.067632
0.000000 0.296706 0.098175
0.000000 0.260709 0.079631
0.000000 0.260709 0.079631
0.000000 0.262890 -0.002182
0.000000 0.260709 -0.102538
0.000000 0.272708 -0.047997
0.000000 0.272708 -0.047997
0.000000 0.253073 0.097084
0.000000 0.253073 0.097084
0.000000 0.225802 0.181078
0.000000 0.203985 0.119991
0.000000 0.203985 0.119991
0.000000 0.203985 0.069813
0.000000 0.203985 0.069813
0.000000 0.265072 0.064359
0.000000 0.265072 0.064359
0.000000 0.281434 0.080722
0.000000 0.294524 0.082903
0.000000 0.399244 0.006545
0.000000 0.440696 -0.031634
0.000000 0.440696 -0.031634
0.000000 0.448332 -0.017453
0.000000 0.448332 -0.049087
0.000000 0.441787 -0.093811
0.000000 0.439605 -0.127627
0.000000 0.431969 -0.141808
0.000000 0.428697 -0.140717
0.000000 0.440696 -0.129809
0.000000 0.425424 -0.058905
0.000000 0.404698 -0.013090
0.000000 0.410153 -0.053451
0.000000 0.380700 -0.030543
0.000000 0.382882 0.022907
0.000000 0.353429 0.106901
0.000000 0.353429 0.106901
0.000000 0.335976 0.056723
0.000000 0.305433 0.039270
0.000000 0.279253 -0.022907
0.000000 0.253073 -0.071995
0.000000 0.257436 -0.077449
0.000000 0.254164 0.013090
0.000000 0.248710 0.069813
0.000000 0.271617 0.085085
0.000000 0.251982 0.109083
0.000000 0.254164 0.032725
0.000000 0.274889 -0.021817
0.000000 0.269435 -0.051269
0.000000 0.275980 -0.083994
0.000000 0.268344 -0.141808
0.000000 0.274889 -0.141808
0.000000 0.275980 -0.139626
0.000000 0.291252 -0.145081
0.000000 0.305433 -0.148353
0.000000 0.327249 -0.103629
0.000000 0.343612 -0.119991
0.000000 0.344703 -0.145081
0.000000 0.377428 -0.128718
0.000000 0.386154 -0.087266
0.000000 0.379609 -0.083994
0.000000 0.412334 -0.105811
0.000000 0.412334 -0.105811
0.000000 0.388336 -0.137445
0.000000 0.442878 -0.256345
0.000000 0.464694 -0.244346
0.000000 0.488692 -0.189805
0.000000 0.479966 -0.242165
0.000000 0.486511 -0.274889
0.000000 0.478875 -0.314159
0.000000 0.511600 -0.317432
0.000000 0.511600 -0.256345
0.000000 0.545416 -0.227984
0.000000 0.537780 -0.238892
0.000000 0.481057 -0.227984
0.000000 0.449422 -0.256345
0.000000 0.404698 -0.303251
0.000000 0.401426 -0.440696
0.000000 0.411243 -0.446150
0.000000 0.439605 -0.363247
0.000000 0.454877 -0.321795
0.000000 0.488692 -0.205076
0.000000 0.560687 -0.064359
0.000000 0.508327 0.030543
0.000000 0.461422 -0.125446
0.000000 0.424333 -0.147262
0.000000 0.373064 -0.237801
0.000000 0.373064 -0.237801
0.000000 0.315250 -0.332704
0.000000 0.320704 -0.241074
0.000000 0.280344 -0.178896
0.000000 0.280344 -0.178896
0.000000 0.280344 -0.178896
0.000000 0.286889 -0.163625
0.000000 0.297797 0.058905
0.000000 0.297797 0.058905
0.000000 0.293434 -0.029452
0.000000 0.293434 -0.029452
0.000000 0.321795 -0.067632
0.000000 0.346884 -0.073086
0.000000 0.354520 -0.052360
0.000000 0.354520 -0.052360
0.000000 0.371973 0.002182
0.000000 0.386154 0.092721
0.000000 0.386154 0.051269
0.000000 0.364338 0.076358
0.000000 0.362156 0.074177
0.000000 0.331613 0.045815
0.000000 0.280344 0.103629
0.000000 0.275980 0.125446
0.000000 0.287979 0.155989
0.000000 0.257436 0.227984
0.000000 0.235620 0.194168
0.000000 0.209440 0.253073
0.000000 0.196350 0.305433
0.000000 0.175624 0.218166
0.000000 0.171261 0.139626
0.000000 0.129809 0.118901
0.000000 0.129809 0.118901
0.000000 0.123264 0.090539
0.000000 0.147262 0.107992
0.000000 0.135263 0.128718
0.000000 0.135263 0.128718
0.000000 0.134172 0.075267
0.000000 0.137445 0.023998
0.000000 0.137445 0.023998
0.000000 0.164716 0.041452
0.000000 0.185441 0.141808
0.000000 0.177805 0.193077
0.000000 0.185441 -0.010908
0.000000 0.185441 -0.010908
0.000000 0.167988 -0.030543
0.000000 0.177805 -0.077449
0.000000 0.217075 0.114537
0.000000 0.233438 0.190895
0.000000 0.233438 0.190895
0.000000 0.223620 0.152716
0.000000 0.207258 0.089448
0.000000 0.205076 0.000000
0.000000 0.212712 -0.059996
0.000000 0.234529 -0.031634
0.000000 0.273799 0.075267
0.000000 0.273799 0.075267
0.000000 0.275980 0.098175
0.000000 0.251982 0.150535
0.000000 0.251982 0.150535
0.000000 0.217075 0.138536
0.000000 0.201804 0.127627
0.000000 0.178896 0.136354
0.000000 0.128718 0.095993
0.000000 0.128718 0.095993
0.000000 0.107992 0.045815
0.000000 0.065450 -0.004363
0.000000 0.026180 -0.045815
0.000000 -0.017453 -0.116719
0.000000 -0.017453 -0.116719
0.000000 -0.049087 -0.142899
0.000000 -0.066541 -0.109083
0.000000 -0.080722 -0.097084
0.000000 -0.179987 -0.195259
0.000000 -0.179987 -0.195259
0.000000 -0.209440 -0.275980
0.000000 -0.239983 -0.284707
0.000000 -0.275980 -0.282525
0.000000 -0.314159 -0.318523
0.000000 -0.344703 -0.352338
0.000000 -0.352338 -0.343612
0.000000 -0.339249 -0.277071
0.000000 -0.341430 -0.260709
0.000000 -0.351248 -0.271617
0.000000 -0.398153 -0.386154
0.000000 -0.417788 -0.453786
0.000000 -0.402517 -0.460331
0.000000 -0.386154 -0.450513
0.000000 -0.393790 -0.393790
0.000000 -0.393790 -0.393790
0.000000 -0.404698 -0.353429
0.000000 -0.433060 -0.279253
0.000000 -0.506146 -0.301069
0.000000 -0.542143 -0.374155
0.000000 -0.598866 -0.337067
0.000000 -0.598866 -0.337067
0.000000 -0.633773 -0.321795
0.000000 -0.653408 -0.335976
0.000000 -0.685042 -0.357793
0.000000 -0.685042 -0.357793
0.000000 -0.704677 -0.421061
0.000000 -0.704677 -0.417788
0.000000 -0.717767 -0.362156
0.000000 -0.733039 -0.342521
0.000000 -0.730857 -0.345794
0.000000 -0.709040 -0.320704
0.000000 -0.671952 -0.275980
0.000000 -0.644681 -0.238892
0.000000 -0.639227 -0.233438
0.000000 -0.646863 -0.270526
0.000000 -0.652317 -0.385063
0.000000 -0.649045 -0.490874
0.000000 -0.633773 -0.353429
0.000000 -0.599957 -0.265072
0.000000 -0.572686 -0.224711
0.000000 -0.559596 -0.189805
0.000000 -0.571596 -0.195259
0.000000 -0.569414 -0.205076
0.000000 -0.569414 -0.205076
0.000000 -0.625046 -0.254164
0.000000 -0.658862 -0.344703
0.000000 -0.706859 -0.403608
0.000000 -0.706859 -0.403608
0.000000 -0.709040 -0.449422
0.000000 -0.729766 -0.472330
0.000000 -0.761400 -0.382882
0.000000 -0.728675 -0.309796
0.000000 -0.678497 -0.262890
0.000000 -0.622865 -0.035997
0.000000 -0.622865 -0.035997
0.000000 -0.569414 -0.019635
0.000000 -0.541052 -0.066541
0.000000 -0.536689 -0.184350
0.000000 -0.541052 -0.267254
0.000000 -0.532326 -0.272708
0.000000 -0.532326 -0.272708
0.000000 -0.578141 -0.115628
0.000000 -0.594503 -0.109083
0.000000 -0.605411 -0.163625
0.000000 -0.615229 -0.135263
0.000000 -0.622865 -0.129809
0.000000 -0.626137 -0.141808
0.000000 -0.604321 -0.146171
0.000000 -0.565051 -0.181078
0.000000 -0.538871 -0.131991
0.000000 -0.534507 -0.073086
0.000000 -0.523599 -0.046906
0.000000 -0.471239 -0.075267
0.000000 -0.440696 -0.093811
0.000000 -0.441787 -0.090539
0.000000 -0.461422 -0.095993
0.000000 -0.461422 -0.095993
0.000000 -0.498510 -0.090539
0.000000 -0.502873 -0.073086
0.000000 -0.501782 -0.044724
0.000000 -0.501782 -0.044724
0.000000 -0.529053 -0.076358
0.000000 -0.535598 -0.099266
0.000000 -0.556324 -0.058905
0.000000 -0.563960 -0.077449
0.000000 -0.563960 -0.077449
0.000000 -0.513782 -0.074177
0.000000 -0.472330 -0.051269
0.000000 -0.477784 -0.004363
0.000000 -0.546506 0.050178
0.000000 -0.546506 0.050178
0.000000 -0.561778 -0.032725
0.000000 -0.570505 -0.139626
0.000000 -0.613047 -0.186532
0.000000 -0.642500 -0.128718
0.000000 -0.649045 -0.150535
0.000000 -0.647954 -0.176715
0.000000 -0.641409 -0.162534
0.000000 -0.623955 -0.183260
0.000000 -0.623955 -0.183260
0.000000 -0.630500 -0.179987
0.000000 -0.647954 -0.116719
0.000000 -0.678497 -0.064359
0.000000 -0.697041 -0.166897
0.000000 -0.697041 -0.166897
0.000000 -0.691587 -0.117810
0.000000 -0.661044 -0.103629
0.000000 -0.647954 0.032725
0.000000 -0.691587 0.023998
0.000000 -0.741765 0.001091
0.000000 -0.741765 0.001091
0.000000 -0.781035 -0.070904
0.000000 -0.821396 -0.125446
0.000000 -0.794125 -0.091630
0.000000 -0.737402 -0.021817
0.000000 -0.737402 -0.021817
0.000000 -0.642500 0.214894
0.000000 -0.617410 0.249800
0.000000 -0.617410 0.249800
0.000000 -0.628319 0.226893
0.000000 -0.662135 0.191986
0.000000 -0.680679 0.149444
0.000000 -0.665407 0.158171
0.000000 -0.665407 0.158171
0.000000 -0.610865 0.247619
0.000000 -0.579231 0.260709
0.000000 -0.549779 0.308705
0.000000 -0.505055 0.332704
0.000000 -0.466876 0.368701
0.000000 -0.466876 0.368701
0.000000 -0.434151 0.393790
0.000000 -0.416698 0.388336
0.000000 -0.346884 0.493056
0.000000 -0.368701 0.410153
0.000000 -0.368701 0.410153
0.000000 -0.403608 0.501782
0.000000 -0.414516 0.459240
0.000000 -0.474512 0.454877
0.000000 -0.525781 0.399244
0.000000 -0.541052 0.344703
0.000000 -0.541052 0.344703
0.000000 -0.532326 0.319614
0.000000 -0.592321 0.355611
0.000000 -0.617410 0.316341
0.000000 -0.617410 0.316341
0.000000 -0.611956 0.234529
0.000000 -0.590140 0.165806
0.000000 -0.589049 0.259618
0.000000 -0.589049 0.259618
0.000000 -0.572686 0.303251
0.000000 -0.572686 0.303251
0.000000 -0.655590 0.242165
0.000000 -0.655590 0.242165
0.000000 -0.749401 0.116719
0.000000 -0.814851 0.026180
0.000000 -0.916298 -0.050178
0.000000 -0.943569 -0.076358
0.000000 -0.943569 -0.076358
0.000000 -0.964295 -0.052360
0.000000 -0.956659 -0.018544
0.000000 -0.941387 0.094902
0.000000 -0.987202 0.018544
0.000000 -0.987202 0.018544
0.000000 -1.040653 -0.076358
0.000000 -1.071196 -0.159261
0.000000 -1.065742 -0.159261
0.000000 -1.035199 -0.126536
0.000000 -1.035199 -0.126536
0.000000 -1.012291 -0.044724
0.000000 -0.997020 -0.040361
0.000000 -1.015564 -0.085085
0.000000 -1.002474 -0.034907
0.000000 -0.963204 -0.093811
0.000000 -0.947932 -0.106901
0.000000 -0.929388 -0.018544
0.000000 -0.871574 0.000000
0.000000 -0.811578 0.021817
0.000000 -0.752674 0.014181
0.000000 -0.712313 0.031634
0.000000 -0.711222 0.005454
0.000000 -0.711222 -0.050178
0.000000 -0.734129 -0.021817
0.000000 -0.749401 0.043633
0.000000 -0.737402 0.067632
0.000000 -0.738493 0.078540
0.000000 -0.734129 0.102538
0.000000 -0.710131 0.088357
0.000000 -0.683951 0.114537
0.000000 -0.683951 0.114537
0.000000 -0.670861 0.138536
0.000000 -0.683951 0.092721
0.000000 -0.697041 0.015272
0.000000 -0.697041 0.015272
0.000000 -0.728675 -0.129809
0.000000 -0.760309 -0.116719
0.000000 -0.781035 -0.134172
0.000000 -0.807215 -0.170170
0.000000 -0.807215 -0.170170
0.000000 -0.818123 -0.160352
0.000000 -0.793034 -0.149444
0.000000 -0.771218 -0.110174
0.000000 -0.770127 -0.113446
0.000000 -0.770127 -0.113446
0.000000 -0.773399 -0.225802
0.000000 -0.787580 -0.193077
0.000000 -0.755946 -0.133081
0.000000 -0.693769 -0.114537
0.000000 -0.635955 -0.065450
0.000000 -0.587958 -0.020726
0.000000 -0.566141 0.019635
0.000000 -0.560687 0.029452
0.000000 -0.566141 0.033816
0.000000 -0.566141 0.033816
0.000000 -0.653408 0.016362
0.000000 -0.678497 -0.047997
0.000000 -0.697041 -0.078540
0.000000 -0.697041 -0.078540
0.000000 -0.700314 -0.076358
0.000000 -0.673043 -0.049087
0.000000 -0.638136 -0.045815
0.000000 -0.605411 -0.032725
0.000000 -0.605411 -0.032725
0.000000 -0.586867 -0.044724
0.000000 -0.573777 -0.023998
0.000000 -0.563960 0.006545
0.000000 -0.554142 0.037088
0.000000 -0.532326 0.070904
0.000000 -0.532326 0.070904
0.000000 -0.519236 0.047997
0.000000 -0.595594 0.005454
0.000000 -0.659953 -0.027271
0.000000 -0.706859 -0.104720
0.000000 -0.706859 -0.104720
0.000000 -0.736311 -0.175624
0.000000 -0.726494 -0.241074
0.000000 -0.726494 -0.241074
0.000000 -0.810488 -0.171261
0.000000 -0.810488 -0.171261
0.000000 -0.882482 -0.267254
0.000000 -0.909753 -0.289070
0.000000 -0.916298 -0.331613
0.000000 -0.916298 -0.331613
0.000000 -0.897754 -0.342521
0.000000 -0.857393 -0.390518
0.000000 -0.820305 -0.397063
0.000000 -0.801761 -0.367610
0.000000 -0.790853 -0.364338
0.000000 -0.815942 -0.344703
0.000000 -0.857393 -0.375246
0.000000 -0.881392 -0.395972
0.000000 -0.881392 -0.395972
0.000000 -0.865029 -0.367610
0.000000 -0.835577 -0.399244
0.000000 -0.778854 -0.350157
0.000000 -0.752674 -0.330522
0.000000 -0.734129 -0.325068
0.000000 -0.734129 -0.325068
0.000000 -0.687224 -0.353429
0.000000 -0.662135 -0.377428
0.000000 -0.659953 -0.352338
0.000000 -0.659953 -0.352338
0.000000 -0.658862 -0.339249
0.000000 -0.601048 -0.306524
0.000000 -0.558506 -0.290161
0.000000 -0.530144 -0.271617
0.000000 -0.536689 -0.208349
0.000000 -0.568323 -0.218166
0.000000 -0.622865 -0.315250
0.000000 -0.626137 -0.343612
0.000000 -0.582504 -0.344703
0.000000 -0.548688 -0.390518
0.000000 -0.548688 -0.390518
0.000000 -0.531235 -0.321795
0.000000 -0.515963 -0.286889
0.000000 -0.464694 -0.292343
0.000000 -0.400335 -0.284707
0.000000 -0.400335 -0.284707
0.000000 -0.296706 -0.171261
0.000000 -0.279253 -0.129809
0.000000 -0.260709 -0.118901
0.000000 -0.239983 -0.119991
0.000000 -0.217075 -0.161443
0.000000 -0.217075 -0.161443
0.000000 -0.159261 -0.154898
0.000000 -0.111265 -0.116719
0.000000 -0.054542 -0.058905
0.000000 -0.054542 -0.058905
0.000000 0.006545 0.000000
0.000000 0.064359 0.043633
0.000000 0.098175 0.000000
0.000000 0.098175 0.000000
0.000000 0.166897 0.164716
0.000000 0.266163 0.135263
0.000000 0.322886 0.140717
0.000000 0.376337 0.157080
0.000000 0.376337 0.157080
0.000000 0.409062 0.184350
0.000000 0.458149 0.199622
0.000000 0.485420 0.169079
0.000000 0.642500 0.325068
0.000000 0.710131 0.247619
0.000000 0.710131 0.247619
0.000000 0.711222 0.196350
0.000000 0.729766 0.246528
0.000000 0.765764 0.223620
0.000000 0.781035 0.275980
0.000000 0.795216 0.306524
0.000000 0.801761 0.301069
0.000000 0.825759 0.299979
0.000000 0.865029 0.293434
0.000000 0.904299 0.313069
0.000000 0.904299 0.313069
0.000000 0.978476 0.325068
0.000000 1.005746 0.340339
0.000000 1.043926 0.295615
0.000000 1.070105 0.259618
0.000000 1.089740 0.247619
0.000000 1.096285 0.220348
0.000000 1.109375 0.201804
0.000000 1.141009 0.160352
0.000000 1.174825 0.118901
0.000000 1.203187 0.102538
0.000000 1.239184 0.061087
0.000000 1.271909 0.010908
0.000000 1.299180 -0.051269
0.000000 1.313361 -0.054542
0.000000 1.319906 -0.022907
0.000000 1.329723 0.043633
0.000000 1.329723 0.043633
0.000000 1.339541 0.088357
0.000000 1.351540 0.126536
0.000000 1.362448 0.112356
0.000000 1.351540 0.079631
0.000000 1.293726 -0.003272
0.000000 1.275182 0.011999
0.000000 1.275182 0.011999
0.000000 1.273000 0.037088
0.000000 1.295907 0.050178
0.000000 1.344995 0.083994
0.000000 1.373357 0.092721
0.000000 1.389719 0.115628
0.000000 1.389719 0.115628
0.000000 1.413717 0.113446
0.000000 1.436625 0.104720
0.000000 1.450806 0.081812
0.000000 1.443170 0.119991
0.000000 1.455169 0.116719
0.000000 1.462805 0.089448
0.000000 1.437716 0.081812
0.000000 1.395173 0.089448
0.000000 1.352631 0.116719
0.000000 1.318815 0.074177
0.000000 1.294817 0.038179
0.000000 1.253365 0.019635
0.000000 1.199914 0.000000
0.000000 1.123556 0.029452
0.000000 1.060288 0.040361
0.000000 1.010110 0.018544
0.000000 0.990475 -0.010908
0.000000 0.990475 -0.010908
0.000000 0.951205 -0.023998
0.000000 0.906481 -0.087266
0.000000 0.843213 -0.141808
0.000000 0.843213 -0.141808
0.000000 0.759219 -0.106901
0.000000 0.701405 -0.083994
0.000000 0.664316 -0.073086
0.000000 0.662135 -0.029452
0.000000 0.689405 -0.031634
0.000000 0.676315 -0.101447
0.000000 0.676315 -0.101447
0.000000 0.645772 -0.112356
0.000000 0.625046 -0.127627
0.000000 0.617410 -0.028362
0.000000 0.637045 -0.077449
0.000000 0.637045 -0.077449
0.000000 0.631591 -0.173442
0.000000 0.594503 -0.208349
0.000000 0.521417 -0.065450
0.000000 0.466876 -0.034907
0.000000 0.463603 -0.039270
0.000000 0.463603 -0.039270
0.000000 0.531235 -0.174533
0.000000 0.534507 -0.154898
0.000000 0.508327 -0.094902
0.000000 0.455967 -0.074177
0.000000 0.391608 -0.083994
0.000000 0.347975 -0.088357
0.000000 0.344703 -0.083994
0.000000 0.344703 -0.083994
0.000000 0.361065 -0.086176
0.000000 0.344703 -0.005454
0.000000 0.301069 0.003272
0.000000 0.301069 0.003272
0.000000 0.310887 -0.031634
0.000000 0.351248 -0.077449
0.000000 0.393790 -0.130900
0.000000 0.399244 -0.022907
0.000000 0.399244 -0.022907
0.000000 0.391608 0.077449
0.000000 0.389427 0.147262
0.000000 0.392699 0.210530
0.000000 0.451604 0.278162
0.000000 0.451604 0.278162
0.000000 0.457058 0.349066
0.000000 0.436332 0.513782
0.000000 0.459240 0.579231
0.000000 0.518145 0.634864
0.000000 0.505055 0.812669
0.000000 0.479966 0.909753
0.000000 0.479966 0.909753
0.000000 0.471239 0.943569
0.000000 0.435242 1.026472
0.000000 0.391608 1.029745
0.000000 0.391608 1.029745
0.000000 0.310887 0.957750
0.000000 0.270526 1.023200
0.000000 0.247619 0.999201
0.000000 0.239983 0.893391
0.000000 0.239983 0.893391
0.000000 0.233438 0.849758
0.000000 0.207258 0.829032
0.000000 0.158171 0.851939
0.000000 0.172351 0.869393
0.000000 0.195259 0.769036
0.000000 0.175624 0.739584
0.000000 0.130900 0.818123
0.000000 0.058905 0.808306
0.000000 0.029452 0.597776
0.000000 -0.029452 0.484329
0.000000 -0.069813 0.474512
0.000000 -0.069813 0.474512
0.000000 -0.068722 0.471239
0.000000 -0.044724 0.519236
0.000000 -0.044724 0.593412
0.000000 -0.044724 0.593412
0.000000 -0.022907 0.694860
0.000000 -0.020726 0.765764
0.000000 -0.026180 0.786489
0.000000 -0.027271 0.723221
0.000000 -0.027271 0.723221
0.000000 -0.001091 0.766854
0.000000 0.046906 0.788671
0.000000 0.129809 0.973021
0.000000 0.129809 0.973021
0.000000 0.123264 0.985021
0.000000 0.123264 0.985021
0.000000 0.111265 1.029745
0.000000 0.111265 1.029745
0.000000 0.095993 1.041744
0.000000 0.085085 1.110466
0.000000 0.026180 1.124647
0.000000 0.016362 1.037381
0.000000 0.016362 1.037381
0.000000 0.068722 0.769036
0.000000 0.059996 0.602139
0.000000 0.034907 0.536689
0.000000 0.017453 0.553051
0.000000 -0.001091 0.577050
0.000000 0.004363 0.541052
0.000000 0.014181 0.466876
0.000000 -0.011999 0.379609
0.000000 0.028362 0.425424
0.000000 0.018544 0.485420
0.000000 -0.074177 0.269435
0.000000 -0.073086 0.255255
0.000000 -0.054542 0.269435
0.000000 -0.085085 0.377428
0.000000 -0.063268 0.389427
0.000000 -0.069813 0.344703
0.000000 -0.069813 0.344703
0.000000 -0.077449 0.298888
0.000000 -0.050178 0.291252
0.000000 0.037088 0.477784
0.000000 0.037088 0.477784
0.000000 -0.056723 0.476693
0.000000 -0.022907 0.543234
0.000000 -0.016362 0.506146
0.000000 -0.078540 0.548688
0.000000 -0.078540 0.548688
0.000000 -0.092721 0.571596
0.000000 -0.082903 0.566141
0.000000 -0.082903 0.566141
0.000000 -0.021817 0.679588
0.000000 -0.046906 0.509418
0.000000 -0.045815 0.665407
0.000000 -0.001091 0.694860
0.000000 0.001091 0.724312
0.000000 0.006545 0.718858
0.000000 0.023998 0.591231
0.000000 0.028362 0.571596
0.000000 0.035997 0.547597
0.000000 0.045815 0.570505
0.000000 0.045815 0.570505
0.000000 0.107992 0.591231
0.000000 0.040361 0.553051
0.000000 0.055632 0.646863
0.000000 0.067632 0.678497
0.000000 0.067632 0.678497
0.000000 0.053451 0.869393
0.000000 0.081812 0.769036
0.000000 0.098175 0.701405
0.000000 0.208349 0.836668
0.000000 0.208349 0.836668
0.000000 0.073086 0.767945
0.000000 0.063268 0.855212
0.000000 0.110174 0.866120
0.000000 0.117810 0.760309
0.000000 0.095993 0.815942
0.000000 0.125446 0.877028
0.000000 0.153807 0.785398
0.000000 0.248710 1.089740
0.000000 0.185441 1.247911
0.000000 0.124355 0.875938
0.000000 0.071995 0.745038
0.000000 0.066541 0.851939
0.000000 0.086176 0.901027
0.000000 0.094902 0.954477
0.000000 0.088357 0.789762
0.000000 0.078540 0.571596
0.000000 0.080722 0.470148
0.000000 0.158171 0.509418
0.000000 0.174533 0.759219
0.000000 0.045815 0.602139
0.000000 0.000000 0.551961
0.000000 -0.027271 0.611956
0.000000 -0.014181 0.644681
0.000000 -0.010908 0.620683
0.000000 -0.011999 0.467967
0.000000 -0.042542 0.410153
0.000000 -0.058905 0.531235
0.000000 -0.038179 0.520326
0.000000 -0.015272 0.488692
0.000000 -0.006545 0.536689
0.000000 -0.001091 0.592321
0.000000 0.001091 0.678497
0.000000 0.005454 0.820305
0.000000 0.015272 1.040653
0.000000 0.049087 0.959931
0.000000 0.059996 0.760309
0.000000 0.059996 0.661044
0.000000 0.046906 0.766854
0.000000 0.042542 0.892300
0.000000 0.047997 0.966477
0.000000 0.022907 1.050470
0.000000 0.153807 1.099558
0.000000 0.052360 0.855212
0.000000 0.052360 0.855212
0.000000 0.033816 0.953386
0.000000 0.099266 1.189006
0.000000 0.099266 1.189006
0.000000 0.082903 1.033017
0.000000 0.063268 0.742856
0.000000 0.049087 0.542143
0.000000 0.038179 0.514872
0.000000 0.037088 0.618501
0.000000 0.034907 0.570505
0.000000 0.041452 0.617410
0.000000 0.032725 0.694860
0.000000 0.041452 0.749401
0.000000 0.064359 0.755946
0.000000 0.073086 0.721039
0.000000 0.058905 0.554142
0.000000 0.058905 0.554142
0.000000 0.050178 0.511600
0.000000 0.038179 0.341430
0.000000 0.038179 0.341430
0.000000 0.023998 0.214894
0.000000 0.011999 0.100356
0.000000 0.016362 0.099266
0.000000 0.019635 0.007636
0.000000 0.019635 0.007636
0.000000 0.005454 -0.148353
0.000000 -0.009817 -0.290161
0.000000 0.005454 -0.509418
0.000000 0.020726 -0.691587
0.000000 0.017453 -0.789762
0.000000 0.016362 -0.918480
0.000000 0.008727 -1.120284
0.000000 -0.016362 -1.198824
0.000000 -0.009817 -1.192279
0.000000 -0.003272 -1.318815
0.000000 -0.014181 -1.375538
0.000000 -0.014181 -1.366812
0.000000 -0.018544 -1.350449
0.000000 -0.035997 -1.110466
0.000000 -0.019635 -0.925025
0.000000 0.002182 -1.058106
0.000000 -0.013090 -1.139919
0.000000 -0.008727 -1.265364
0.000000 -0.026180 -1.392992
0.000000 -0.073086 -1.226094
0.000000 -0.066541 -0.991566
0.000000 -0.039270 -0.849758
0.000000 -0.027271 -0.759219
0.000000 -0.039270 -0.735220
0.000000 -0.051269 -0.728675
0.000000 -0.049087 -0.700314
0.000000 -0.044724 -0.680679
0.000000 -0.044724 -0.680679
0.000000 -0.035997 -0.712313
0.000000 -0.032725 -0.758128
0.000000 -0.026180 -0.824668
0.000000 -0.044724 -0.952296
0.000000 -0.087266 -0.958841
0.000000 -0.097084 -1.134465
0.000000 -0.097084 -1.134465
0.000000 -0.104720 -1.170462
0.000000 -0.109083 -1.145373
0.000000 -0.109083 -0.952296
0.000000 -0.094902 -0.802852
0.000000 -0.049087 -0.797398
0.000000 -0.049087 -0.797398
0.000000 -0.058905 -0.677406
0.000000 -0.061087 -0.739584
0.000000 -0.078540 -0.761400
0.000000 -0.055632 -0.806124
0.000000 -0.008727 -0.908662
0.000000 -0.027271 -0.944660
0.000000 -0.034907 -0.892300
0.000000 -0.034907 -0.908662
0.000000 -0.050178 -0.723221
0.000000 -0.022907 -0.549779
0.000000 0.006545 -0.532326
0.000000 0.014181 -0.579231
0.000000 0.014181 -0.645772
0.000000 0.027271 -0.701405
0.000000 0.022907 -0.664316
0.000000 0.001091 -0.530144
0.000000 -0.009817 -0.494147
0.000000 -0.026180 -0.512691
0.000000 -0.037088 -0.518145
0.000000 -0.034907 -0.489783
0.000000 -0.017453 -0.495237
0.000000 -0.009817 -0.508327
0.000000 -0.009817 -0.508327
0.000000 -0.027271 -0.433060
0.000000 -0.049087 -0.434151
0.000000 -0.062177 -0.327249
0.000000 -0.062177 -0.327249
0.000000 -0.052360 -0.292343
0.000000 -0.051269 -0.274889
0.000000 -0.022907 -0.428697
0.000000 -0.004363 -0.550870
0.000000 -0.004363 -0.550870
0.000000 -0.002182 -0.668680
0.000000 -0.032725 -0.630500
0.000000 -0.057814 -0.491965
0.000000 -0.054542 -0.462512
0.000000 -0.026180 -0.619592
0.000000 -0.007636 -0.709040
0.000000 -0.030543 -0.638136
0.000000 -0.030543 -0.638136
0.000000 -0.067632 -0.565051
0.000000 -0.101447 -0.640318
0.000000 -0.088357 -0.826850
0.000000 -0.085085 -0.991566
0.000000 -0.085085 -0.991566
0.000000 -0.092721 -1.072287
0.000000 -0.082903 -1.015564
0.000000 -0.058905 -0.997020
0.000000 -0.058905 -0.997020
0.000000 -0.030543 -1.077741
0.000000 -0.017453 -1.150827
0.000000 -0.026180 -1.100649
0.000000 -0.029452 -1.002474
0.000000 0.005454 -0.945751
0.000000 0.005454 -0.945751
0.000000 0.002182 -0.881392
0.000000 -0.004363 -0.772309
0.000000 -0.004363 -0.740674
0.000000 -0.006545 -0.698132
0.000000 -0.003272 -0.620683
0.000000 0.002182 -0.584686
0.000000 0.016362 -0.572686
0.000000 0.023998 -0.578141
0.000000 0.028362 -0.613047
0.000000 0.033816 -0.652317
0.000000 0.041452 -0.667589
0.000000 0.025089 -0.658862
0.000000 -0.015272 -0.581413
0.000000 -0.055632 -0.452695
0.000000 -0.068722 -0.436332
0.000000 -0.068722 -0.457058
0.000000 -0.057814 -0.510509
0.000000 -0.040361 -0.556324
0.000000 -0.004363 -0.634864
0.000000 0.000000 -0.615229
0.000000 -0.017453 -0.589049
0.000000 -0.037088 -0.536689
0.000000 -0.044724 -0.418879
0.000000 -0.039270 -0.368701
0.000000 -0.034907 -0.389427
0.000000 -0.019635 -0.519236
0.000000 0.004363 -0.641409
0.000000 0.007636 -0.670861
0.000000 0.007636 -0.670861
0.000000 -0.026180 -0.632682
0.000000 -0.059996 -0.567232
0.000000 -0.069813 -0.582504
0.000000 -0.011999 -0.734129
0.000000 -0.011999 -0.734129
0.000000 0.009817 -0.798488
0.000000 0.018544 -0.746129
0.000000 0.005454 -0.619592
0.000000 0.020726 -0.586867
0.000000 0.039270 -0.519236
0.000000 0.039270 -0.519236
0.000000 0.070904 -0.479966
0.000000 0.089448 -0.407971
0.000000 0.079631 -0.340339
0.000000 0.079631 -0.298888
0.000000 0.079631 -0.298888
0.000000 0.115628 -0.306524
0.000000 0.173442 -0.469057
0.000000 0.178896 -0.591231
0.000000 0.178896 -0.591231
0.000000 0.165806 -0.591231
0.000000 0.143990 -0.498510
0.000000 0.117810 -0.461422
0.000000 0.116719 -0.532326
0.000000 0.116719 -0.532326
0.000000 0.097084 -0.513782
0.000000 0.073086 -0.511600
0.000000 0.041452 -0.519236
0.000000 0.018544 -0.662135
0.000000 0.030543 -0.656680
0.000000 0.030543 -0.656680
0.000000 0.035997 -0.635955
0.000000 0.030543 -0.617410
0.000000 0.008727 -0.517054
0.000000 0.008727 -0.517054
0.000000 0.033816 -0.614138
0.000000 0.057814 -0.682860
0.000000 0.051269 -0.743947
0.000000 0.016362 -0.719949
0.000000 0.016362 -0.719949
0.000000 -0.008727 -0.644681
0.000000 -0.017453 -0.704677
0.000000 -0.013090 -0.772309
0.000000 -0.013090 -0.772309
0.000000 0.002182 -0.893391
0.000000 0.002182 -0.893391
0.000000 0.021817 -0.875938
0.000000 0.021817 -0.875938
0.000000 -0.015272 -0.856303
0.000000 -0.029452 -0.810488
0.000000 -0.011999 -0.830123
0.000000 0.016362 -0.895572
0.000000 0.015272 -0.895572
0.000000 0.010908 -0.872665
0.000000 -0.017453 -0.802852
0.000000 -0.029452 -0.745038
0.000000 0.009817 -0.821396
0.000000 0.042542 -0.901027
0.000000 0.053451 -0.935933
0.000000 0.046906 -0.925025
0.000000 0.022907 -0.865029
0.000000 0.030543 -0.875938
0.000000 0.055632 -0.956659
0.000000 0.066541 -1.172644
0.000000 0.066541 -1.172644
0.000000 0.050178 -1.147555
0.000000 0.022907 -1.105012
0.000000 0.023998 -1.199914
0.000000 0.023998 -1.199914
0.000000 0.076358 -1.507529
0.000000 0.076358 -1.507529
0.000000 0.030543 -1.253365
0.000000 0.030543 -1.253365
0.000000 -0.004363 -1.127920
0.000000 -0.030543 -1.016655
0.000000 -0.009817 -1.049380
0.000000 0.025089 -1.180279
0.000000 0.049087 -1.185734
0.000000 0.056723 -1.075560
0.000000 0.042542 -0.958841
0.000000 0.019635 -0.913026
0.000000 0.009817 -0.902117
0.000000 0.008727 -0.913026
0.000000 0.006545 -0.839940
0.000000 0.013090 -0.835577
0.000000 0.031634 -0.925025
0.000000 0.059996 -1.087559
0.000000 0.086176 -1.258819
0.000000 0.089448 -1.302453
0.000000 0.073086 -1.238093
0.000000 0.078540 -1.180279
0.000000 0.098175 -1.185734
0.000000 0.133081 -1.362448
0.000000 0.133081 -1.362448
0.000000 0.152716 -1.473713
0.000000 0.078540 -1.165008
0.000000 0.011999 -0.811578
0.000000 0.011999 -0.811578
0.000000 0.011999 -0.541052
0.000000 0.085085 -0.757037
0.000000 0.128718 -0.981748
0.000000 0.125446 -1.057016
0.000000 0.125446 -1.057016
0.000000 0.083994 -0.954477
0.000000 0.073086 -0.885755
0.000000 0.095993 -0.926116
0.000000 0.143990 -1.012291
0.000000 0.185441 -1.112648
0.000000 0.172351 -1.063560
0.000000 0.101447 -0.890118
0.000000 0.038179 -0.773399
0.000000 0.003272 -0.750492
0.000000 0.028362 -0.905390
0.000000 0.099266 -1.183552
0.000000 0.163625 -1.454078
0.000000 0.194168 -1.524982
0.000000 0.157080 -1.284999
0.000000 0.075267 -0.968658
0.000000 0.075267 -0.968658
0.000000 -0.027271 -0.495237
0.000000 -0.017453 -0.452695
0.000000 0.018544 -0.547597
0.000000 0.029452 -0.596685
0.000000 0.029452 -0.596685
0.000000 0.009817 -0.549779
0.000000 -0.008727 -0.445059
0.000000 0.035997 -0.526872
0.000000 0.076358 -0.658862
0.000000 0.076358 -0.658862
0.000000 0.155989 -1.001383
0.000000 0.140717 -1.094104
0.000000 0.140717 -1.094104
0.000000 0.137445 -1.129010
0.000000 0.093811 -1.030836
0.000000 0.088357 -1.031926
0.000000 0.076358 -0.926116
0.000000 0.062177 -0.822487
0.000000 0.064359 -0.832304
0.000000 0.076358 -0.801761
0.000000 0.082903 -0.776672
0.000000 0.126536 -0.895572
0.000000 0.154898 -0.985021
0.000000 0.165806 -1.050470
0.000000 0.165806 -1.050470
0.000000 0.173442 -1.066833
0.000000 0.054542 -0.761400
0.000000 0.054542 -0.761400
0.000000 0.054542 -0.761400
0.000000 0.030543 -0.728675
0.000000 0.020726 -0.771218
0.000000 0.020726 -0.771218
0.000000 0.026180 -0.663225
0.000000 0.026180 -0.663225
0.000000 0.058905 -0.493056
0.000000 0.085085 -0.428697
0.000000 0.015272 0.154898
0.000000 0.015272 0.154898
0.000000 -0.146171 1.139919
0.000000 -0.177805 1.526073
0.000000 -0.241074 2.044218
0.000000 -0.322886 2.644175
0.000000 -0.429788 3.345579
0.000000 -0.559596 3.873542
0.000000 -0.632682 3.940083
0.000000 -0.545416 3.532112
0.000000 -0.363247 2.874340
0.000000 -0.196350 2.231841
0.000000 -0.074177 1.783509
0.000000 -0.074177 1.783509
0.000000 -0.025089 1.637338
0.000000 -0.070904 1.659154
0.000000 -0.095993 1.656973
0.000000 -0.095993 1.656973
0.000000 -0.113446 1.566434
0.000000 -0.157080 1.347177
0.000000 -0.185441 1.353722
0.000000 -0.185441 1.353722
0.000000 -0.190895 1.433352
0.000000 -0.199622 1.364630
0.000000 -0.152716 1.149736
0.000000 -0.095993 0.986111
0.000000 -0.095993 0.986111
0.000000 -0.049087 0.935933
0.000000 -0.059996 1.053743
0.000000 -0.043633 1.053743
0.000000 -0.008727 1.009019
0.000000 0.002182 0.998111
0.000000 0.002182 1.062470
0.000000 -0.021817 1.233730
0.000000 -0.046906 1.371175
0.000000 -0.022907 1.387537
0.000000 -0.001091 1.383174
0.000000 0.029452 1.283908
0.000000 0.029452 1.283908
0.000000 0.077449 1.202096
0.000000 0.119991 1.253365
0.000000 0.148353 1.329723
0.000000 0.179987 1.326451
0.000000 0.282525 1.089740
0.000000 0.325068 0.929388
0.000000 0.325068 0.929388
0.000000 0.329431 0.949023
0.000000 0.335976 0.987202
0.000000 0.414516 0.995929
0.000000 0.485420 0.838849
0.000000 0.541052 0.709040
0.000000 0.541052 0.709040
0.000000 0.590140 0.522508
0.000000 0.569414 0.457058
0.000000 0.527962 0.429788
0.000000 0.481057 0.466876
0.000000 0.455967 0.441787
0.000000 0.450513 0.385063
0.000000 0.461422 0.308705
0.000000 0.486511 0.271617
0.000000 0.502873 0.297797
0.000000 0.502873 0.297797
0.000000 0.508327 0.411243
0.000000 0.590140 0.440696
0.000000 0.626137 0.298888
0.000000 0.626137 0.298888
0.000000 0.650135 0.245437
0.000000 0.659953 0.166897
0.000000 0.608684 0.236710
0.000000 0.547597 0.287979
0.000000 0.484329 0.309796
0.000000 0.484329 0.309796
0.000000 0.379609 0.345794
0.000000 0.339249 0.390518
0.000000 0.327249 0.400335
0.000000 0.311978 0.285798
0.000000 0.319614 0.170170
0.000000 0.338158 0.122173
0.000000 0.327249 0.150535
0.000000 0.241074 0.351248
0.000000 0.241074 0.351248
0.000000 0.182169 0.469057
0.000000 0.149444 0.483238
0.000000 0.145081 0.474512
0.000000 0.154898 0.416698
0.000000 0.154898 0.416698
0.000000 0.170170 0.394881
0.000000 0.186532 0.437423
0.000000 0.225802 0.529053
0.000000 0.231256 0.559596
0.000000 0.242165 0.605411
0.000000 0.242165 0.605411
0.000000 0.258527 0.655590
0.000000 0.311978 0.673043
0.000000 0.319614 0.778854
0.000000 0.319614 0.778854
0.000000 0.335976 0.818123
0.000000 0.373064 0.701405
0.000000 0.405789 0.741765
0.000000 0.402517 0.749401
0.000000 0.385063 0.738493
0.000000 0.385063 0.738493
0.000000 0.323977 0.681770
0.000000 0.296706 0.632682
0.000000 0.268344 0.539961
0.000000 0.250891 0.448332
0.000000 0.246528 0.400335
0.000000 0.236710 0.376337
0.000000 0.236710 0.334885
0.000000 0.248710 0.305433
0.000000 0.248710 0.305433
0.000000 0.281434 0.297797
0.000000 0.297797 0.291252
0.000000 0.274889 0.318523
0.000000 0.238892 0.303251
0.000000 0.238892 0.303251
0.000000 0.279253 0.289070
0.000000 0.265072 0.290161
0.000000 0.257436 0.271617
0.000000 0.259618 0.272708
0.000000 0.259618 0.272708
0.000000 0.283616 0.338158
0.000000 0.307614 0.316341
0.000000 0.320704 0.273799
0.000000 0.400335 0.357793
0.000000 0.400335 0.357793
0.000000 0.443968 0.366519
0.000000 0.474512 0.341430
0.000000 0.461422 0.371973
0.000000 0.446150 0.380700
0.000000 0.446150 0.380700
0.000000 0.436332 0.331613
0.000000 0.431969 0.296706
0.000000 0.472330 0.350157
0.000000 0.495237 0.421061
0.000000 0.550870 0.591231
0.000000 0.550870 0.591231
0.000000 0.595594 0.715585
0.000000 0.603230 0.581413
0.000000 0.605411 0.562869
0.000000 0.674134 0.693769
0.000000 0.674134 0.693769
0.000000 0.707949 0.806124
0.000000 0.661044 0.625046
0.000000 0.639227 0.617410
0.000000 0.591231 0.568323
0.000000 0.591231 0.568323
0.000000 0.559596 0.429788
0.000000 0.510509 0.448332
0.000000 0.501782 0.440696
0.000000 0.501782 0.440696
0.000000 0.484329 0.449422
0.000000 0.363247 0.305433
0.000000 0.340339 0.292343
0.000000 0.340339 0.292343
0.000000 0.274889 0.304342
0.000000 0.277071 0.311978
0.000000 0.304342 0.275980
0.000000 0.338158 0.247619
0.000000 0.338158 0.247619
0.000000 0.304342 0.299979
0.000000 0.307614 0.289070
0.000000 0.325068 0.223620
0.000000 0.332704 0.249800
0.000000 0.332704 0.249800
0.000000 0.397063 0.242165
0.000000 0.426515 0.210530
0.000000 0.438514 0.224711
0.000000 0.470148 0.256345
0.000000 0.470148 0.256345
0.000000 0.488692 0.267254
0.000000 0.473421 0.292343
0.000000 0.475602 0.311978
0.000000 0.497419 0.343612
0.000000 0.523599 0.394881
0.000000 0.512691 0.397063
0.000000 0.481057 0.421061
0.000000 0.485420 0.447241
0.000000 0.485420 0.447241
0.000000 0.481057 0.496328
0.000000 0.484329 0.475602
0.000000 0.454877 0.400335
0.000000 0.412334 0.416698
0.000000 0.411243 0.407971
0.000000 0.416698 0.385063
0.000000 0.413425 0.374155
0.000000 0.383973 0.363247
0.000000 0.383973 0.347975
0.000000 0.379609 0.369792
0.000000 0.387245 0.370883
0.000000 0.381791 0.294524
0.000000 0.387245 0.275980
0.000000 0.379609 0.270526
0.000000 0.358883 0.256345
0.000000 0.386154 0.200713
0.000000 0.454877 0.375246
0.000000 0.454877 0.375246
0.000000 0.489783 0.356702
0.000000 0.484329 0.345794
0.000000 0.419970 0.286889
0.000000 0.428697 0.297797
0.000000 0.428697 0.297797
0.000000 0.478875 0.322886
0.000000 0.485420 0.246528
0.000000 0.422152 0.220348
0.000000 0.422152 0.220348
0.000000 0.451604 0.182169
0.000000 0.451604 0.182169
0.000000 0.518145 0.194168
0.000000 0.575959 0.236710
0.000000 0.593412 0.200713
0.000000 0.494147 0.260709
0.000000 0.406880 0.290161
0.000000 0.385063 0.308705
0.000000 0.453786 0.401426
0.000000 0.541052 0.416698
0.000000 0.597776 0.390518
0.000000 0.569414 0.352338
0.000000 0.589049 0.397063
0.000000 0.589049 0.397063
0.000000 0.786489 0.536689
0.000000 0.786489 0.536689
0.000000 0.690496 0.473421
0.000000 0.690496 0.473421
0.000000 0.500692 0.321795
0.000000 0.370883 0.151626
0.000000 0.185441 0.058905
0.000000 0.185441 0.058905
0.000000 0.079631 -0.032725
0.000000 -0.011999 -0.111265
0.000000 -0.055632 -0.110174
0.000000 -0.029452 -0.083994
0.000000 -0.029452 -0.083994
0.000000 -0.014181 -0.111265
0.000000 -0.023998 -0.139626
0.000000 -0.016362 -0.136354
0.000000 -0.011999 -0.137445
0.000000 -0.052360 -0.102538
0.000000 -0.052360 -0.102538
0.000000 -0.164716 -0.079631
0.000000 -0.198531 -0.081812
0.000000 -0.256345 -0.118901
0.000000 -0.311978 -0.182169
0.000000 -0.366519 -0.224711
0.000000 -0.366519 -0.224711
0.000000 -0.226893 -0.118901
0.000000 -0.231256 -0.073086
0.000000 -0.296706 -0.078540
0.000000 -0.337067 -0.080722
0.000000 -0.378518 -0.149444
0.000000 -0.434151 -0.224711
0.000000 -0.488692 -0.225802
0.000000 -0.488692 -0.225802
0.000000 -0.501782 -0.303251
0.000000 -0.622865 -0.369792
0.000000 -0.673043 -0.436332
0.000000 -0.607593 -0.434151
0.000000 -0.458149 -0.351248
0.000000 -0.395972 -0.291252
0.000000 -0.427606 -0.297797
0.000000 -0.458149 -0.322886
0.000000 -0.477784 -0.314159
0.000000 -0.489783 -0.314159
0.000000 -0.489783 -0.314159
0.000000 -0.519236 -0.290161
0.000000 -0.523599 -0.285798
0.000000 -0.524690 -0.292343
0.000000 -0.539961 -0.327249
0.000000 -0.570505 -0.393790
0.000000 -0.570505 -0.393790
0.000000 -0.589049 -0.354520
0.000000 -0.551961 -0.373064
0.000000 -0.549779 -0.328340
0.000000 -0.549779 -0.328340
0.000000 -0.554142 -0.266163
0.000000 -0.500692 -0.233438
0.000000 -0.497419 -0.254164
0.000000 -0.499601 -0.310887
0.000000 -0.490874 -0.230165
0.000000 -0.481057 -0.139626
0.000000 -0.466876 -0.193077
0.000000 -0.467967 -0.281434
0.000000 -0.467967 -0.281434
0.000000 -0.574868 -0.218166
0.000000 -0.602139 -0.258527
0.000000 -0.637045 -0.270526
0.000000 -0.694860 -0.314159
0.000000 -0.694860 -0.314159
0.000000 -0.727584 -0.410153
0.000000 -0.705768 -0.486511
0.000000 -0.703586 -0.454877
0.000000 -0.726494 -0.366519
0.000000 -0.726494 -0.366519
0.000000 -0.678497 -0.334885
0.000000 -0.617410 -0.274889
0.000000 -0.569414 -0.199622
0.000000 -0.524690 -0.164716
0.000000 -0.524690 -0.164716
0.000000 -0.545416 -0.154898
0.000000 -0.579231 -0.287979
0.000000 -0.646863 -0.426515
0.000000 -0.646863 -0.426515
0.000000 -0.753764 -0.281434
0.000000 -0.753764 -0.281434
0.000000 -0.605411 -0.210530
0.000000 -0.532326 -0.241074
0.000000 -0.499601 -0.260709
0.000000 -0.485420 -0.232347
0.000000 -0.475602 -0.206167
0.000000 -0.459240 -0.188714
0.000000 -0.447241 -0.189805
0.000000 -0.451604 -0.181078
0.000000 -0.451604 -0.181078
0.000000 -0.424333 -0.170170
0.000000 -0.493056 0.009817
0.000000 -0.533417 0.023998
0.000000 -0.518145 -0.009817
0.000000 -0.467967 -0.042542
0.000000 -0.423243 -0.081812
0.000000 -0.412334 -0.087266
0.000000 -0.421061 -0.075267
0.000000 -0.457058 -0.042542
0.000000 -0.500692 -0.019635
0.000000 -0.548688 0.028362
0.000000 -0.569414 0.034907
0.000000 -0.565051 0.002182
0.000000 -0.591231 0.031634
0.000000 -0.598866 0.041452
0.000000 -0.658862 0.075267
0.000000 -0.723221 0.029452
0.000000 -0.813760 -0.004363
0.000000 -0.863938 -0.046906
0.000000 -0.850848 -0.104720
0.000000 -0.835577 -0.083994
0.000000 -0.830123 -0.034907
0.000000 -0.808306 -0.023998
0.000000 -0.797398 -0.014181
0.000000 -0.830123 0.062177
0.000000 -0.795216 -0.002182
0.000000 -0.795216 -0.002182
0.000000 -0.728675 -0.067632
0.000000 -0.668680 -0.040361
0.000000 -0.613047 -0.069813
0.000000 -0.595594 -0.061087
0.000000 -0.466876 -0.076358
0.000000 -0.394881 -0.141808
0.000000 -0.394881 -0.141808
0.000000 -0.357793 -0.154898
0.000000 -0.334885 -0.123264
0.000000 -0.326159 -0.076358
0.000000 -0.330522 -0.045815
0.000000 -0.325068 0.000000
0.000000 -0.293434 -0.038179
0.000000 -0.289070 -0.080722
0.000000 -0.331613 -0.045815
0.000000 -0.508327 -0.026180
0.000000 -0.508327 -0.026180
0.000000 -0.556324 -0.002182
0.000000 -0.553051 0.010908
0.000000 -0.476693 -0.181078
0.000000 -0.459240 -0.241074
0.000000 -0.463603 -0.189805
0.000000 -0.463603 -0.189805
0.000000 -0.447241 -0.210530
0.000000 -0.315250 -0.205076
0.000000 -0.304342 -0.188714
0.000000 -0.308705 -0.207258
0.000000 -0.315250 -0.209440
0.000000 -0.315250 -0.209440
0.000000 -0.363247 -0.148353
0.000000 -0.363247 -0.175624
0.000000 -0.367610 -0.187623
0.000000 -0.367610 -0.187623
0.000000 -0.388336 -0.174533
0.000000 -0.449422 -0.193077
0.000000 -0.485420 -0.211621
0.000000 -0.508327 -0.225802
0.000000 -0.508327 -0.225802
0.000000 -0.510509 -0.210530
0.000000 -0.510509 -0.205076
0.000000 -0.497419 -0.237801
0.000000 -0.509418 -0.208349
0.000000 -0.509418 -0.208349
0.000000 -0.534507 -0.113446
0.000000 -0.521417 -0.100356
0.000000 -0.513782 -0.034907
0.000000 -0.498510 -0.134172
0.000000 -0.498510 -0.134172
0.000000 -0.485420 -0.161443
0.000000 -0.514872 -0.184350
0.000000 -0.532326 -0.058905
0.000000 -0.531235 -0.078540
0.000000 -0.531235 -0.078540
0.000000 -0.533417 -0.130900
0.000000 -0.536689 -0.046906
0.000000 -0.514872 -0.049087
0.000000 -0.531235 -0.040361
0.000000 -0.542143 -0.075267
0.000000 -0.536689 -0.102538
0.000000 -0.530144 -0.055632
0.000000 -0.507237 -0.077449
0.000000 -0.497419 -0.077449
0.000000 -0.512691 -0.135263
0.000000 -0.551961 -0.220348
0.000000 -0.629410 -0.283616
0.000000 -0.694860 -0.295615
0.000000 -0.727584 -0.290161
0.000000 -0.710131 -0.294524
0.000000 -0.693769 -0.290161
0.000000 -0.690496 -0.289070
0.000000 -0.690496 -0.289070
0.000000 -0.733039 -0.208349
0.000000 -0.690496 -0.196350
0.000000 -0.695950 -0.227984
0.000000 -0.695950 -0.227984
0.000000 -0.747219 -0.218166
0.000000 -0.750492 -0.194168
0.000000 -0.717767 -0.190895
0.000000 -0.707949 -0.147262
0.000000 -0.697041 -0.133081
0.000000 -0.687224 -0.131991
0.000000 -0.687224 -0.131991
0.000000 -0.678497 -0.191986
0.000000 -0.685042 -0.219257
0.000000 -0.740674 -0.188714
0.000000 -0.757037 -0.153807
0.000000 -0.747219 -0.209440
0.000000 -0.747219 -0.209440
0.000000 -0.765764 -0.286889
0.000000 -0.766854 -0.374155
0.000000 -0.766854 -0.374155
0.000000 -0.767945 -0.461422
0.000000 -0.787580 -0.546506
0.000000 -0.787580 -0.546506
0.000000 -0.815942 -0.496328
0.000000 -0.796307 -0.474512
0.000000 -0.762491 -0.440696
0.000000 -0.746129 -0.436332
0.000000 -0.750492 -0.445059
0.000000 -0.736311 -0.529053
0.000000 -0.668680 -0.509418
0.000000 -0.668680 -0.509418
0.000000 -0.644681 -0.498510
0.000000 -0.638136 -0.462512
0.000000 -0.671952 -0.376337
0.000000 -0.653408 -0.359974
0.000000 -0.628319 -0.359974
0.000000 -0.628319 -0.359974
0.000000 -0.569414 -0.351248
0.000000 -0.557415 -0.356702
0.000000 -0.598866 -0.380700
0.000000 -0.663225 -0.387245
0.000000 -0.693769 -0.381791
0.000000 -0.712313 -0.380700
0.000000 -0.719949 -0.383973
0.000000 -0.719949 -0.383973
0.000000 -0.721039 -0.361065
0.000000 -0.682860 -0.355611
0.000000 -0.655590 -0.325068
0.000000 -0.657771 -0.305433
0.000000 -0.682860 -0.281434
0.000000 -0.721039 -0.289070
0.000000 -0.762491 -0.374155
0.000000 -0.789762 -0.440696
0.000000 -0.757037 -0.469057
0.000000 -0.666498 -0.334885
0.000000 -0.666498 -0.334885
0.000000 -0.674134 -0.236710
0.000000 -0.678497 -0.194168
0.000000 -0.649045 -0.236710
0.000000 -0.643590 -0.262890
0.000000 -0.706859 -0.277071
0.000000 -0.706859 -0.277071
0.000000 -0.815942 -0.230165
0.000000 -0.795216 -0.333794
0.000000 -0.795216 -0.333794
0.000000 -0.728675 -0.332704
0.000000 -0.728675 -0.332704
0.000000 -0.817033 -0.464694
0.000000 -0.847576 -0.570505
0.000000 -0.847576 -0.570505
0.000000 -0.831213 -0.461422
0.000000 -0.737402 -0.568323
0.000000 -0.721039 -0.507237
0.000000 -0.721039 -0.507237
0.000000 -0.697041 -0.412334
0.000000 -0.649045 -0.400335
0.000000 -0.591231 -0.407971
0.000000 -0.560687 -0.377428
0.000000 -0.541052 -0.427606
0.000000 -0.541052 -0.489783
0.000000 -0.565051 -0.467967
0.000000 -0.574868 -0.467967
0.000000 -0.533417 -0.464694
0.000000 -0.447241 -0.494147
0.000000 -0.363247 -0.419970
0.000000 -0.303251 -0.287979
0.000000 -0.225802 -0.225802
0.000000 -0.142899 -0.165806
0.000000 -0.097084 -0.123264
0.000000 -0.050178 -0.095993
0.000000 0.019635 -0.076358
0.000000 0.087266 -0.089448
0.000000 0.145081 -0.078540
0.000000 0.197440 -0.050178
0.000000 0.247619 0.011999
0.000000 0.285798 0.076358
0.000000 0.325068 0.098175
0.000000 0.297797 -0.105811
0.000000 0.278162 0.002182
0.000000 0.278162 0.002182
0.000000 0.483238 0.223620
0.000000 0.536689 0.368701
0.000000 0.536689 0.368701
0.000000 0.604321 0.271617
0.000000 0.629410 0.250891
0.000000 0.625046 0.269435
0.000000 0.626137 0.267254
0.000000 0.631591 0.310887
0.000000 0.639227 0.364338
0.000000 0.611956 0.338158
0.000000 0.602139 0.080722
0.000000 0.635955 0.355611
0.000000 0.714494 0.291252
0.000000 0.762491 0.160352
0.000000 0.739584 0.208349
0.000000 0.746129 0.246528
0.000000 0.797398 0.239983
0.000000 0.781035 0.102538
0.000000 0.727584 0.342521
0.000000 0.739584 0.351248
0.000000 0.750492 0.198531
0.000000 0.716676 0.281434
0.000000 0.703586 0.331613
0.000000 0.723221 0.321795
0.000000 0.759219 0.333794
0.000000 0.776672 0.332704
0.000000 0.784308 0.309796
0.000000 0.822487 0.273799
0.000000 0.850848 0.283616
0.000000 0.831213 0.314159
0.000000 0.823578 0.318523
0.000000 0.819214 0.361065
0.000000 0.807215 0.378518
0.000000 0.822487 0.308705
0.000000 0.822487 0.308705
0.000000 0.867211 0.274889
0.000000 0.861757 0.331613
0.000000 0.835577 0.378518
0.000000 0.835577 0.378518
0.000000 0.899936 0.302160
0.000000 0.925025 0.267254
0.000000 0.906481 0.232347
0.000000 0.906481 0.232347
0.000000 0.844303 0.175624
0.000000 0.801761 0.027271
0.000000 0.818123 -0.023998
0.000000 0.832304 -0.062177
0.000000 0.832304 -0.062177
0.000000 0.865029 0.041452
0.000000 0.901027 0.149444
0.000000 0.958841 0.229075
0.000000 1.007928 0.231256
0.000000 1.042835 0.145081
0.000000 1.031926 0.085085
0.000000 0.986111 0.059996
0.000000 1.046107 -0.034907
0.000000 1.076651 -0.046906
0.000000 1.114830 -0.088357
0.000000 1.150827 -0.128718
0.000000 1.144282 -0.021817
0.000000 1.114830 0.075267
0.000000 1.082105 0.153807
0.000000 1.053743 0.193077
0.000000 0.998111 0.259618
0.000000 0.986111 0.238892
0.000000 0.981748 0.221439
0.000000 0.965386 0.211621
0.000000 0.998111 0.136354
0.000000 0.998111 0.136354
0.000000 0.998111 0.138536
0.000000 0.980657 0.127627
0.000000 0.962113 0.177805
0.000000 0.962113 0.177805
0.000000 0.857393 0.130900
0.000000 0.681770 0.171261
0.000000 0.650135 0.123264
0.000000 0.633773 0.070904
0.000000 0.633773 0.070904
0.000000 0.629410 0.047997
0.000000 0.533417 0.146171
0.000000 0.486511 0.174533
0.000000 0.486511 0.174533
0.000000 0.460331 0.160352
0.000000 0.454877 0.127627
0.000000 0.517054 0.101447
0.000000 0.534507 0.078540
0.000000 0.485420 0.150535
0.000000 0.485420 0.150535
0.000000 0.426515 0.230165
0.000000 0.382882 0.212712
0.000000 0.340339 0.164716
0.000000 0.316341 0.173442
0.000000 0.316341 0.173442
0.000000 0.289070 0.182169
0.000000 0.298888 0.138536
0.000000 0.285798 0.040361
0.000000 0.245437 -0.067632
0.000000 0.176715 -0.157080
0.000000 0.138536 -0.195259
0.000000 0.086176 -0.209440
0.000000 0.010908 -0.281434
0.000000 0.010908 -0.281434
0.000000 -0.071995 -0.343612
0.000000 -0.151626 -0.352338
0.000000 -0.278162 -0.297797
0.000000 -0.322886 -0.287979
0.000000 -0.322886 -0.287979
0.000000 -0.247619 -0.346884
0.000000 -0.122173 -0.458149
0.000000 -0.057814 -0.496328
0.000000 -0.076358 -0.428697
0.000000 -0.043633 -0.501782
0.000000 -0.033816 -0.522508
0.000000 -0.023998 -0.423243
0.000000 -0.023998 -0.423243
0.000000 -0.049087 -0.246528
0.000000 -0.069813 -0.139626
0.000000 -0.110174 -0.122173
0.000000 -0.130900 -0.200713
0.000000 -0.087266 -0.334885
0.000000 0.101447 -0.485420
0.000000 0.101447 -0.485420
0.000000 0.104720 -0.399244
0.000000 0.076358 -0.282525
0.000000 0.075267 -0.109083
0.000000 0.053451 0.047997
0.000000 0.053451 0.047997
0.000000 0.031634 0.085085
0.000000 0.041452 -0.033816
0.000000 0.046906 -0.147262
0.000000 0.026180 -0.155989
0.000000 0.026180 -0.155989
0.000000 -0.033816 0.063268
0.000000 -0.142899 0.152716
0.000000 -0.221439 -0.133081
0.000000 -0.247619 -0.143990
0.000000 -0.261800 -0.127627
0.000000 -0.261800 -0.127627
0.000000 -0.334885 -0.037088
0.000000 -0.359974 0.107992
0.000000 -0.262890 0.017453
0.000000 -0.177805 -0.061087
0.000000 -0.177805 -0.061087
0.000000 0.001091 -0.081812
0.000000 -0.002182 0.080722
0.000000 0.000000 0.109083
0.000000 -0.039270 0.091630
0.000000 -0.134172 0.142899
0.000000 -0.147262 0.067632
0.000000 -0.119991 -0.133081
0.000000 -0.130900 -0.272708
0.000000 -0.153807 -0.284707
0.000000 -0.152716 -0.230165
0.000000 -0.157080 -0.191986
0.000000 -0.203985 -0.170170
0.000000 -0.197440 -0.249800
0.000000 -0.183260 -0.295615
0.000000 -0.139626 -0.341430
0.000000 -0.093811 -0.340339
0.000000 -0.073086 -0.281434
0.000000 -0.076358 -0.171261
0.000000 -0.078540 -0.077449
0.000000 -0.078540 -0.077449
0.000000 0.042542 -0.367610
0.000000 0.055632 -0.349066
0.000000 0.077449 -0.298888
0.000000 0.044724 -0.305433
0.000000 0.000000 -0.296706
0.000000 -0.015272 -0.263981
0.000000 -0.015272 -0.263981
0.000000 -0.019635 -0.222530
0.000000 -0.008727 -0.234529
0.000000 -0.001091 -0.271617
0.000000 -0.041452 -0.139626
0.000000 -0.035997 -0.051269
0.000000 0.045815 -0.009817
0.000000 0.045815 -0.009817
0.000000 0.117810 0.123264
0.000000 0.123264 0.344703
0.000000 0.092721 0.544325
0.000000 0.148353 0.594503
0.000000 0.148353 0.594503
0.000000 0.140717 0.662135
0.000000 0.165806 0.597776
0.000000 0.328340 0.270526
0.000000 0.268344 0.280344
0.000000 0.268344 0.280344
0.000000 0.127627 0.273799
0.000000 0.174533 0.069813
0.000000 0.166897 0.160352
0.000000 0.170170 0.319614
0.000000 0.164716 0.463603
0.000000 0.173442 0.560687
0.000000 0.213803 0.556324
0.000000 0.247619 0.522508
0.000000 0.247619 0.522508
0.000000 0.277071 0.520326
0.000000 0.183260 0.754855
0.000000 0.117810 0.770127
0.000000 0.117810 0.770127
0.000000 0.081812 0.680679
0.000000 0.046906 0.675225
0.000000 0.010908 0.679588
0.000000 0.030543 0.589049
0.000000 0.042542 0.817033
0.000000 0.077449 0.695950
0.000000 0.086176 0.571596
0.000000 0.086176 0.571596
0.000000 0.087266 0.508327
0.000000 0.107992 0.317432
0.000000 0.080722 0.307614
0.000000 0.022907 0.371973
0.000000 0.022907 0.371973
0.000000 0.009817 0.330522
0.000000 0.040361 0.266163
0.000000 0.030543 0.318523
0.000000 0.030543 0.318523
0.000000 0.029452 0.376337
0.000000 0.058905 0.294524
0.000000 0.041452 0.236710
0.000000 0.023998 0.130900
0.000000 0.017453 0.004363
0.000000 0.001091 -0.046906
0.000000 -0.007636 -0.066541
0.000000 -0.005454 -0.099266
0.000000 -0.014181 -0.025089
0.000000 -0.014181 -0.025089
0.000000 -0.004363 -0.110174
0.000000 -0.003272 -0.106901
0.000000 -0.004363 -0.270526
0.000000 0.009817 -0.275980
0.000000 -0.007636 -0.195259
0.000000 -0.007636 -0.195259
0.000000 -0.014181 -0.260709
0.000000 -0.008727 -0.386154
0.000000 -0.097084 -0.285798
0.000000 -0.161443 -0.188714
0.000000 -0.161443 -0.188714
0.000000 -0.051269 -0.344703
0.000000 -0.098175 -0.242165
0.000000 -0.185441 -0.061087
0.000000 -0.191986 -0.033816
0.000000 -0.126536 -0.146171
0.000000 -0.091630 -0.278162
0.000000 -0.082903 -0.362156
0.000000 -0.082903 -0.362156
0.000000 -0.162534 -0.355611
0.000000 -0.222530 -0.311978
0.000000 -0.222530 -0.311978
0.000000 -0.222530 -0.244346
0.000000 -0.224711 -0.241074
0.000000 -0.224711 -0.241074
0.000000 -0.200713 -0.315250
0.000000 -0.167988 -0.362156
0.000000 -0.136354 -0.301069
0.000000 -0.139626 -0.222530
0.000000 -0.135263 -0.127627
0.000000 -0.064359 -0.155989
0.000000 -0.064359 -0.155989
0.000000 -0.054542 -0.089448
0.000000 -0.104720 0.032725
0.000000 -0.149444 0.076358
0.000000 -0.166897 0.087266
0.000000 -0.161443 0.141808
0.000000 -0.154898 0.186532
0.000000 -0.139626 0.201804
0.000000 -0.112356 0.136354
0.000000 -0.087266 0.074177
0.000000 -0.068722 0.076358
0.000000 -0.098175 0.101447
0.000000 -0.162534 0.123264
0.000000 -0.214894 0.119991
0.000000 -0.224711 0.105811
0.000000 -0.201804 0.086176
0.000000 -0.199622 0.131991
0.000000 -0.213803 0.237801
0.000000 -0.226893 0.277071
0.000000 -0.213803 0.236710
0.000000 -0.172351 0.193077
0.000000 -0.099266 0.086176
0.000000 -0.046906 0.046906
0.000000 -0.037088 0.136354
0.000000 -0.068722 0.236710
0.000000 -0.079631 0.257436
0.000000 -0.086176 0.260709
0.000000 -0.086176 0.260709
0.000000 -0.065450 0.222530
0.000000 -0.053451 0.166897
0.000000 -0.064359 0.103629
0.000000 -0.068722 0.151626
0.000000 -0.068722 0.151626
0.000000 0.029452 0.119991
0.000000 0.029452 0.119991
0.000000 0.025089 0.177805
0.000000 0.011999 0.175624
0.000000 0.011999 0.175624
0.000000 0.051269 0.045815
0.000000 0.079631 -0.081812
0.000000 0.056723 -0.150535
0.000000 0.004363 -0.152716
0.000000 -0.028362 -0.148353
0.000000 -0.013090 -0.174533
0.000000 0.003272 -0.181078
0.000000 0.002182 -0.145081
0.000000 0.013090 -0.128718
0.000000 0.013090 -0.128718
0.000000 0.037088 -0.233438
0.000000 -0.001091 -0.203985
0.000000 -0.039270 -0.116719
0.000000 -0.056723 -0.054542
0.000000 -0.056723 -0.054542
0.000000 -0.066541 0.004363
0.000000 -0.070904 0.025089
0.000000 -0.075267 0.007636
0.000000 -0.075267 0.007636
0.000000 -0.079631 0.018544
0.000000 -0.039270 0.006545
0.000000 -0.026180 0.045815
0.000000 -0.009817 0.008727
0.000000 -0.009817 0.008727
0.000000 -0.035997 -0.034907
0.000000 -0.076358 -0.022907
0.000000 -0.106901 -0.064359
0.000000 -0.125446 -0.097084
0.000000 -0.125446 -0.097084
0.000000 -0.148353 -0.090539
0.000000 -0.155989 -0.028362
0.000000 -0.147262 -0.018544
0.000000 -0.139626 -0.035997
0.000000 -0.146171 -0.050178
0.000000 -0.146171 -0.050178
0.000000 -0.183260 0.013090
0.000000 -0.194168 0.046906
0.000000 -0.200713 0.014181
0.000000 -0.202895 -0.059996
0.000000 -0.202895 -0.059996
0.000000 -0.181078 -0.097084
0.000000 -0.189805 -0.040361
0.000000 -0.194168 -0.037088
0.000000 -0.199622 -0.054542
0.000000 -0.199622 -0.054542
0.000000 -0.153807 -0.105811
0.000000 -0.089448 -0.173442
0.000000 -0.064359 -0.154898
0.000000 -0.064359 -0.154898
0.000000 -0.058905 -0.110174
0.000000 -0.030543 -0.054542
0.000000 -0.020726 -0.027271
0.000000 -0.004363 -0.045815
0.000000 0.002182 -0.023998
0.000000 -0.030543 0.039270
0.000000 -0.067632 0.114537
0.000000 -0.082903 0.119991
0.000000 -0.075267 0.045815
0.000000 -0.070904 -0.004363
0.000000 -0.081812 0.031634
0.000000 -0.093811 0.081812
0.000000 -0.111265 0.116719
0.000000 -0.147262 0.133081
0.000000 -0.136354 0.070904
0.000000 -0.126536 -0.029452
0.000000 -0.160352 -0.073086
0.000000 -0.207258 -0.053451
0.000000 -0.226893 -0.019635
0.000000 -0.260709 0.007636
0.000000 -0.314159 0.057814
0.000000 -0.358883 0.160352
0.000000 -0.341430 0.175624
0.000000 -0.283616 0.116719
0.000000 -0.283616 0.116719
0.000000 -0.226893 0.063268
0.000000 -0.129809 0.050178
0.000000 -0.068722 0.053451
0.000000 -0.068722 0.053451
0.000000 -0.049087 0.116719
0.000000 -0.007636 0.003272
0.000000 -0.044724 -0.001091
0.000000 -0.065450 0.021817
0.000000 -0.065450 0.021817
0.000000 -0.065450 0.021817
0.000000 -0.114537 0.135263
0.000000 -0.161443 0.145081
0.000000 -0.253073 0.124355
0.000000 -0.253073 0.124355
0.000000 -0.253073 0.124355
0.000000 -0.233438 0.014181
0.000000 -0.157080 -0.058905
0.000000 -0.157080 -0.058905
0.000000 -0.071995 -0.106901
0.000000 0.011999 -0.135263
0.000000 0.082903 -0.178896
0.000000 0.070904 0.000000
0.000000 0.070904 0.000000
0.000000 0.016362 0.055632
0.000000 -0.050178 0.081812
0.000000 -0.107992 0.093811
0.000000 -0.010908 0.187623
0.000000 -0.010908 0.187623
0.000000 0.086176 0.049087
0.000000 0.101447 0.021817
0.000000 0.010908 -0.095993
0.000000 -0.046906 -0.170170
0.000000 -0.118901 -0.138536
0.000000 -0.158171 -0.087266
0.000000 -0.158171 -0.087266
0.000000 -0.087266 -0.037088
0.000000 -0.051269 0.015272
0.000000 -0.031634 0.093811
0.000000 -0.031634 0.093811
0.000000 -0.013090 0.174533
0.000000 -0.059996 0.151626
0.000000 -0.095993 0.091630
0.000000 -0.094902 0.046906
0.000000 -0.079631 -0.039270
0.000000 -0.070904 -0.081812
0.000000 -0.074177 -0.083994
0.000000 -0.104720 -0.044724
0.000000 -0.104720 -0.044724
0.000000 -0.206167 -0.104720
0.000000 -0.230165 -0.130900
0.000000 -0.236710 -0.034907
0.000000 -0.213803 -0.110174
0.000000 -0.197440 -0.218166
0.000000 -0.197440 -0.218166
0.000000 -0.254164 -0.068722
0.000000 -0.223620 -0.106901
0.000000 -0.189805 -0.080722
0.000000 -0.175624 -0.043633
0.000000 -0.184350 -0.050178
0.000000 -0.175624 -0.058905
0.000000 -0.150535 -0.081812
0.000000 -0.103629 -0.081812
0.000000 -0.047997 -0.049087
0.000000 0.015272 -0.014181
0.000000 0.074177 0.016362
0.000000 0.074177 0.016362
0.000000 0.145081 -0.041452
0.000000 0.193077 -0.116719
0.000000 0.219257 -0.149444
0.000000 0.233438 -0.170170
0.000000 0.272708 -0.187623
0.000000 0.255255 -0.163625
0.000000 0.255255 -0.163625
0.000000 0.202895 -0.079631
0.000000 0.151626 -0.030543
0.000000 0.095993 -0.017453
0.000000 0.032725 0.064359
0.000000 0.032725 0.064359
0.000000 0.009817 0.075267
0.000000 -0.017453 -0.011999
0.000000 -0.103629 -0.038179
0.000000 -0.177805 -0.041452
0.000000 -0.206167 0.015272
0.000000 -0.206167 0.015272
0.000000 -0.092721 0.115628
0.000000 -0.063268 0.173442
0.000000 -0.038179 0.186532
0.000000 -0.003272 0.151626
0.000000 0.026180 0.184350
0.000000 0.062177 0.177805
0.000000 0.091630 0.172351
0.000000 0.089448 0.185441
0.000000 0.071995 0.195259
0.000000 0.071995 0.195259
0.000000 0.080722 0.173442
0.000000 0.186532 0.193077
0.000000 0.232347 0.157080
0.000000 0.267254 0.039270
0.000000 0.267254 0.039270
0.000000 0.241074 -0.032725
0.000000 0.186532 -0.065450
0.000000 0.166897 -0.001091
0.000000 0.166897 -0.001091
0.000000 0.203985 0.052360
0.000000 0.256345 0.064359
0.000000 0.285798 0.064359
0.000000 0.297797 0.004363
0.000000 0.315250 -0.046906
0.000000 0.315250 -0.046906
0.000000 0.313069 0.007636
0.000000 0.326159 0.066541
0.000000 0.363247 -0.017453
0.000000 0.363247 -0.017453
0.000000 0.359974 -0.046906
0.000000 0.330522 -0.020726
0.000000 0.247619 0.023998
0.000000 0.200713 -0.047997
0.000000 0.162534 -0.206167
0.000000 0.082903 -0.047997
0.000000 0.086176 0.217075
0.000000 0.163625 0.062177
0.000000 0.163625 0.062177
0.000000 0.167988 -0.016362
0.000000 0.028362 0.074177
0.000000 0.028362 0.074177
0.000000 -0.037088 -0.047997
0.000000 -0.062177 -0.079631
0.000000 -0.046906 -0.021817
0.000000 0.000000 0.068722
0.000000 0.027271 0.150535
0.000000 0.049087 0.179987
0.000000 0.077449 0.163625
0.000000 0.089448 0.134172
0.000000 0.088357 0.163625
0.000000 0.119991 0.179987
0.000000 0.166897 0.147262
0.000000 0.201804 0.112356
0.000000 0.207258 0.113446
0.000000 0.149444 0.011999
0.000000 0.044724 -0.064359
0.000000 -0.050178 -0.109083
0.000000 -0.100356 -0.061087
0.000000 -0.100356 -0.061087
0.000000 -0.093811 -0.011999
0.000000 -0.083994 0.049087
0.000000 -0.061087 -0.037088
0.000000 -0.080722 -0.042542
0.000000 -0.080722 -0.042542
0.000000 -0.051269 -0.077449
0.000000 0.010908 -0.166897
0.000000 0.066541 -0.202895
0.000000 0.070904 -0.215985
0.000000 0.070904 -0.215985
0.000000 0.034907 -0.229075
0.000000 0.003272 -0.181078
0.000000 -0.088357 -0.062177
0.000000 -0.107992 -0.031634
0.000000 -0.107992 -0.031634
0.000000 -0.092721 -0.064359
0.000000 -0.057814 -0.191986
0.000000 -0.035997 -0.254164
0.000000 -0.029452 -0.275980
0.000000 -0.002182 -0.314159
0.000000 -0.027271 -0.388336
0.000000 -0.105811 -0.366519
0.000000 -0.164716 -0.295615
0.000000 -0.225802 -0.127627
0.000000 -0.225802 -0.127627
0.000000 -0.244346 0.001091
0.000000 -0.230165 -0.002182
0.000000 -0.212712 -0.027271
0.000000 -0.169079 -0.125446
0.000000 -0.169079 -0.125446
0.000000 -0.157080 -0.157080
0.000000 -0.171261 -0.193077
0.000000 -0.187623 -0.173442
0.000000 -0.211621 -0.188714
0.000000 -0.217075 -0.187623
0.000000 -0.217075 -0.187623
0.000000 -0.191986 -0.161443
0.000000 -0.130900 -0.223620
0.000000 -0.117810 -0.138536
0.000000 -0.117810 -0.138536
0.000000 -0.094902 -0.111265
0.000000 -0.086176 -0.059996
0.000000 -0.041452 0.009817
0.000000 -0.011999 0.016362
0.000000 -0.011999 0.016362
0.000000 0.001091 0.027271
0.000000 -0.010908 0.027271
0.000000 -0.016362 0.011999
0.000000 -0.020726 0.016362
0.000000 -0.017453 0.013090
0.000000 0.010908 -0.020726
0.000000 0.046906 -0.071995
0.000000 0.068722 -0.068722
0.000000 0.074177 -0.041452
0.000000 0.070904 -0.049087
0.000000 0.059996 -0.059996
0.000000 0.051269 -0.098175
0.000000 0.051269 -0.160352
0.000000 0.032725 -0.147262
0.000000 0.034907 -0.118901
0.000000 0.051269 -0.037088
0.000000 0.062177 0.061087
0.000000 0.071995 0.157080
0.000000 0.071995 0.157080
0.000000 0.121082 0.097084
0.000000 0.139626 0.025089
0.000000 0.134172 -0.014181
0.000000 0.134172 -0.014181
0.000000 0.123264 -0.022907
0.000000 0.115628 -0.005454
0.000000 0.104720 -0.033816
0.000000 0.104720 -0.033816
0.000000 0.104720 -0.033816
0.000000 0.083994 -0.104720
0.000000 0.076358 -0.088357
0.000000 0.068722 -0.100356
0.000000 0.066541 -0.082903
0.000000 0.053451 -0.056723
0.000000 0.045815 -0.057814
0.000000 0.022907 -0.034907
0.000000 0.003272 -0.018544
0.000000 -0.004363 -0.014181
0.000000 0.005454 0.008727
0.000000 0.004363 0.007636
0.000000 -0.017453 0.013090
0.000000 -0.058905 0.063268
0.000000 -0.068722 0.133081
0.000000 -0.049087 0.161443
0.000000 -0.049087 0.161443
0.000000 -0.033816 0.090539
0.000000 -0.025089 0.028362
0.000000 -0.050178 0.002182
0.000000 -0.050178 0.002182
0.000000 -0.078540 -0.014181
0.000000 -0.042542 -0.047997
0.000000 -0.011999 -0.116719
0.000000 0.010908 -0.155989
0.000000 0.010908 -0.155989
0.000000 0.046906 -0.182169
0.000000 0.082903 -0.281434
0.000000 0.083994 -0.255255
0.000000 0.117810 -0.249800
0.000000 0.117810 -0.249800
0.000000 0.135263 -0.225802
0.000000 0.123264 -0.104720
0.000000 0.141808 -0.075267
0.000000 0.154898 0.002182
0.000000 0.148353 0.061087
0.000000 0.148353 0.061087
0.000000 0.177805 0.071995
0.000000 0.205076 0.061087
0.000000 0.227984 0.070904
0.000000 0.227984 0.070904
0.000000 0.247619 0.076358
0.000000 0.257436 0.136354
0.000000 0.238892 0.170170
0.000000 0.238892 0.170170
0.000000 0.215985 0.199622
0.000000 0.255255 0.279253
0.000000 0.332704 0.233438
0.000000 0.430878 0.101447
0.000000 0.430878 0.101447
0.000000 0.399244 0.155989
0.000000 0.265072 0.287979
0.000000 0.213803 0.256345
0.000000 0.199622 0.233438
0.000000 0.199622 0.233438
0.000000 0.196350 0.146171
0.000000 0.170170 0.171261
0.000000 0.128718 0.241074
0.000000 0.064359 0.314159
0.000000 0.010908 0.363247
0.000000 0.010908 0.363247
0.000000 0.009817 0.177805
0.000000 0.020726 0.050178
0.000000 0.035997 -0.052360
0.000000 0.035997 -0.052360
0.000000 0.023998 -0.069813
0.000000 -0.044724 -0.034907
0.000000 -0.049087 0.042542
0.000000 -0.032725 0.139626
0.000000 -0.032725 0.139626
0.000000 -0.014181 0.148353
0.000000 -0.030543 0.148353
0.000000 -0.091630 0.224711
0.000000 -0.091630 0.224711
0.000000 -0.097084 0.226893
0.000000 -0.097084 0.226893
0.000000 -0.080722 0.099266
0.000000 -0.021817 -0.165806
0.000000 -0.021817 -0.165806
0.000000 -0.015272 -0.222530
0.000000 -0.019635 -0.186532
0.000000 -0.064359 -0.130900
0.000000 -0.083994 -0.150535
0.000000 -0.083994 -0.150535
0.000000 -0.086176 -0.160352
0.000000 -0.131991 -0.130900
0.000000 -0.176715 -0.110174
0.000000 -0.191986 -0.118901
0.000000 -0.191986 -0.116719
0.000000 -0.094902 -0.138536
0.000000 -0.094902 -0.138536
0.000000 -0.052360 -0.088357
0.000000 -0.018544 -0.161443
0.000000 0.001091 -0.218166
0.000000 -0.004363 -0.037088
0.000000 -0.020726 0.043633
0.000000 -0.020726 0.043633
0.000000 -0.092721 0.292343
0.000000 -0.077449 0.430878
0.000000 0.104720 0.430878
0.000000 0.104720 0.430878
0.000000 0.159261 0.329431
0.000000 0.233438 0.164716
0.000000 0.233438 0.164716
0.000000 0.231256 0.103629
0.000000 0.188714 0.097084
0.000000 0.153807 0.081812
0.000000 0.070904 0.298888
0.000000 0.065450 0.361065
0.000000 0.105811 0.388336
0.000000 0.183260 0.298888
0.000000 0.213803 0.136354
0.000000 0.209440 -0.033816
0.000000 0.195259 -0.154898
0.000000 0.166897 -0.097084
0.000000 0.134172 0.075267
0.000000 0.149444 0.135263
0.000000 0.160352 0.149444
0.000000 0.173442 0.172351
0.000000 0.177805 0.196350
0.000000 0.169079 0.157080
0.000000 0.197440 0.010908
0.000000 0.233438 -0.082903
0.000000 0.238892 -0.080722
0.000000 0.238892 -0.080722
0.000000 0.277071 -0.251982
0.000000 0.285798 -0.223620
0.000000 0.241074 -0.167988
0.000000 0.148353 -0.167988
0.000000 0.148353 -0.167988
0.000000 0.087266 -0.104720
0.000000 0.119991 -0.101447
0.000000 0.157080 -0.109083
0.000000 0.169079 -0.135263
0.000000 0.143990 -0.097084
0.000000 0.145081 -0.081812
0.000000 0.158171 -0.160352
0.000000 0.116719 -0.258527
0.000000 0.102538 -0.370883
0.000000 0.126536 -0.406880
0.000000 0.126536 -0.406880
0.000000 0.069813 -0.290161
0.000000 0.037088 -0.237801
0.000000 0.019635 -0.212712
0.000000 0.019635 -0.212712
0.000000 0.130900 -0.038179
0.000000 0.166897 -0.014181
0.000000 0.194168 -0.073086
0.000000 0.194168 -0.073086
0.000000 0.203985 -0.119991
0.000000 0.225802 -0.151626
0.000000 0.217075 0.006545
0.000000 0.201804 0.019635
0.000000 0.179987 0.082903
0.000000 0.179987 0.082903
0.000000 0.199622 0.127627
0.000000 0.212712 0.127627
0.000000 0.190895 0.136354
0.000000 0.169079 0.136354
0.000000 0.169079 0.136354
0.000000 0.160352 0.077449
0.000000 0.159261 -0.080722
0.000000 0.176715 -0.113446
0.000000 0.176715 -0.113446
0.000000 0.185441 -0.138536
0.000000 0.152716 -0.018544
0.000000 0.127627 0.047997
0.000000 0.103629 0.028362
0.000000 0.079631 0.002182
0.000000 0.079631 0.002182
0.000000 0.051269 0.054542
0.000000 0.022907 0.184350
0.000000 0.054542 0.118901
0.000000 0.061087 0.026180
0.000000 0.018544 -0.050178
0.000000 0.018544 -0.050178
0.000000 -0.033816 -0.118901
0.000000 -0.100356 -0.146171
0.000000 -0.100356 -0.146171
0.000000 -0.124355 -0.087266
0.000000 -0.143990 -0.038179
0.000000 -0.176715 -0.026180
0.000000 -0.172351 -0.123264
0.000000 -0.172351 -0.123264
0.000000 -0.163625 -0.150535
0.000000 -0.175624 -0.099266
0.000000 -0.193077 -0.056723
0.000000 -0.229075 -0.050178
0.000000 -0.268344 -0.046906
0.000000 -0.275980 -0.085085
0.000000 -0.250891 -0.105811
0.000000 -0.197440 -0.063268
0.000000 -0.133081 -0.083994
0.000000 -0.152716 -0.150535
0.000000 -0.152716 -0.150535
0.000000 -0.174533 -0.235620
0.000000 -0.214894 -0.262890
0.000000 -0.225802 -0.261800
0.000000 -0.213803 -0.261800
0.000000 -0.213803 -0.261800
0.000000 -0.146171 -0.270526
0.000000 -0.127627 -0.233438
0.000000 -0.129809 -0.157080
0.000000 -0.128718 -0.090539
0.000000 -0.128718 -0.090539
0.000000 -0.112356 -0.126536
0.000000 -0.105811 -0.153807
0.000000 -0.101447 -0.085085
0.000000 -0.101447 -0.085085
0.000000 -0.114537 -0.021817
0.000000 -0.125446 0.027271
0.000000 -0.137445 0.075267
0.000000 -0.097084 0.040361
0.000000 -0.080722 0.049087
0.000000 -0.080722 0.049087
0.000000 -0.043633 0.207258
0.000000 -0.034907 0.345794
0.000000 -0.018544 0.467967
0.000000 0.042542 0.511600
0.000000 0.042542 0.511600
0.000000 0.195259 0.478875
0.000000 0.218166 0.532326
0.000000 0.218166 0.532326
0.000000 0.253073 0.532326
0.000000 0.255255 0.443968
0.000000 0.214894 0.441787
0.000000 0.195259 0.375246
0.000000 0.195259 0.375246
0.000000 0.131991 0.273799
0.000000 0.115628 0.239983
0.000000 0.123264 0.181078
0.000000 0.109083 0.197440
0.000000 0.094902 0.203985
0.000000 0.094902 0.203985
0.000000 0.094902 0.044724
0.000000 0.073086 0.000000
0.000000 0.057814 -0.023998
0.000000 0.051269 -0.123264
0.000000 0.051269 -0.123264
0.000000 0.055632 -0.260709
0.000000 0.042542 -0.263981
0.000000 -0.001091 -0.128718
0.000000 -0.013090 -0.105811
0.000000 -0.038179 -0.040361
0.000000 -0.038179 -0.040361
0.000000 -0.047997 0.063268
0.000000 -0.040361 0.020726
0.000000 -0.040361 0.020726
0.000000 -0.007636 -0.016362
0.000000 0.049087 0.033816
0.000000 0.045815 0.115628
0.000000 0.045815 0.115628
0.000000 0.047997 0.172351
0.000000 0.079631 0.167988
0.000000 0.111265 0.141808
0.000000 0.117810 0.127627
0.000000 0.113446 0.107992
0.000000 0.124355 0.046906
0.000000 0.081812 -0.092721
0.000000 0.081812 -0.092721
0.000000 0.043633 -0.065450
0.000000 0.057814 -0.151626
0.000000 0.073086 -0.234529
0.000000 0.086176 -0.322886
0.000000 0.061087 -0.294524
0.000000 0.061087 -0.294524
0.000000 0.030543 -0.181078
0.000000 0.020726 -0.071995
0.000000 0.056723 -0.051269
0.000000 0.116719 -0.059996
0.000000 0.163625 -0.008727
0.000000 0.173442 -0.013090
0.000000 0.200713 -0.049087
0.000000 0.246528 -0.124355
0.000000 0.236710 -0.116719
0.000000 0.198531 -0.112356
0.000000 0.131991 -0.042542
0.000000 0.087266 -0.015272
0.000000 0.079631 -0.122173
0.000000 0.080722 -0.184350
0.000000 0.059996 -0.201804
0.000000 0.038179 -0.254164
0.000000 0.023998 -0.280344
0.000000 -0.018544 -0.263981
0.000000 -0.082903 -0.195259
0.000000 -0.135263 -0.172351
0.000000 -0.159261 -0.212712
0.000000 -0.105811 -0.229075
0.000000 -0.105811 -0.229075
0.000000 -0.045815 -0.217075
0.000000 -0.019635 -0.175624
0.000000 -0.026180 -0.058905
0.000000 -0.040361 0.080722
0.000000 -0.008727 0.209440
0.000000 0.057814 0.274889
0.000000 0.114537 0.317432
0.000000 0.133081 0.302160
0.000000 0.139626 0.244346
0.000000 0.174533 0.179987
0.000000 0.176715 0.149444
0.000000 0.140717 0.133081
0.000000 0.105811 0.082903
0.000000 0.077449 0.037088
0.000000 0.059996 0.041452
0.000000 0.054542 0.026180
0.000000 0.046906 0.028362
0.000000 0.027271 0.088357
0.000000 0.027271 0.088357
0.000000 0.017453 0.207258
0.000000 0.005454 0.223620
0.000000 0.032725 0.076358
0.000000 0.032725 0.076358
0.000000 0.078540 -0.088357
0.000000 0.101447 -0.089448
0.000000 0.092721 -0.007636
0.000000 0.051269 0.079631
0.000000 0.007636 0.146171
0.000000 0.007636 0.146171
0.000000 -0.035997 0.046906
0.000000 -0.038179 0.052360
0.000000 -0.019635 0.031634
0.000000 0.035997 -0.075267
0.000000 0.035997 -0.075267
0.000000 0.066541 -0.073086
0.000000 0.066541 -0.073086
0.000000 0.057814 -0.029452
0.000000 0.028362 0.046906
0.000000 0.001091 0.070904
0.000000 -0.005454 0.047997
0.000000 0.008727 -0.050178
0.000000 0.023998 -0.165806
0.000000 0.038179 -0.232347
0.000000 0.038179 -0.232347
0.000000 -0.123264 0.008727
0.000000 -0.123264 0.008727
0.000000 -0.093811 -0.166897
0.000000 -0.105811 -0.163625
0.000000 -0.113446 -0.206167
0.000000 -0.114537 -0.151626
0.000000 -0.109083 -0.069813
0.000000 -0.103629 -0.073086
0.000000 -0.097084 -0.131991
0.000000 -0.103629 -0.176715
0.000000 -0.112356 -0.203985
0.000000 -0.106901 -0.253073
0.000000 -0.101447 -0.301069
0.000000 -0.089448 -0.342521
0.000000 -0.089448 -0.342521
0.000000 -0.099266 -0.318523
0.000000 -0.134172 -0.263981
0.000000 -0.134172 -0.263981
0.000000 -0.127627 -0.271617
0.000000 -0.115628 -0.289070
0.000000 -0.147262 -0.333794
0.000000 -0.147262 -0.333794
0.000000 -0.155989 -0.448332
0.000000 -0.155989 -0.448332
0.000000 -0.142899 -0.457058
0.000000 -0.130900 -0.459240
0.000000 -0.130900 -0.459240
0.000000 -0.138536 -0.430878
0.000000 -0.138536 -0.392699
0.000000 -0.062177 -0.268344
0.000000 -0.029452 -0.201804
0.000000 -0.001091 -0.160352
0.000000 0.028362 -0.116719
0.000000 0.067632 -0.109083
0.000000 0.099266 -0.070904
0.000000 0.101447 -0.003272
0.000000 0.066541 0.085085
0.000000 0.035997 0.086176
0.000000 -0.006545 0.049087
0.000000 -0.073086 0.076358
0.000000 -0.107992 0.095993
0.000000 -0.078540 -0.018544
0.000000 -0.043633 -0.163625
0.000000 -0.043633 -0.163625
0.000000 -0.061087 -0.222530
0.000000 -0.104720 -0.170170
0.000000 -0.139626 -0.140717
0.000000 -0.139626 -0.140717
0.000000 -0.113446 -0.160352
0.000000 -0.065450 -0.210530
0.000000 -0.006545 -0.199622
0.000000 -0.006545 -0.199622
0.000000 -0.011999 -0.155989
0.000000 -0.011999 -0.155989
0.000000 -0.041452 -0.079631
0.000000 -0.044724 -0.068722
0.000000 -0.044724 -0.068722
0.000000 -0.014181 -0.128718
0.000000 -0.014181 -0.128718
0.000000 0.003272 -0.147262
0.000000 0.008727 -0.107992
0.000000 0.059996 -0.154898
0.000000 0.076358 -0.161443
0.000000 0.081812 -0.114537
0.000000 0.099266 -0.109083
0.000000 0.101447 -0.117810
0.000000 0.088357 -0.107992
0.000000 0.051269 -0.101447
0.000000 0.051269 -0.213803
0.000000 0.043633 -0.257436
0.000000 0.043633 -0.257436
0.000000 0.058905 -0.215985
0.000000 0.069813 -0.284707
0.000000 0.069813 -0.284707
0.000000 0.059996 -0.363247
0.000000 0.026180 -0.363247
0.000000 0.004363 -0.354520
0.000000 -0.006545 -0.294524
0.000000 -0.008727 -0.239983
0.000000 0.026180 -0.237801
0.000000 0.091630 -0.254164
0.000000 0.112356 -0.188714
0.000000 0.087266 -0.043633
0.000000 0.029452 0.057814
0.000000 -0.014181 0.041452
0.000000 0.056723 -0.137445
0.000000 0.056723 -0.137445
0.000000 0.135263 -0.212712
0.000000 0.140717 -0.128718
0.000000 0.125446 0.095993
0.000000 0.181078 0.095993
0.000000 0.181078 0.095993
0.000000 0.197440 0.149444
0.000000 0.200713 0.199622
0.000000 0.258527 0.201804
0.000000 0.225802 0.190895
0.000000 0.167988 0.237801
0.000000 0.167988 0.237801
0.000000 0.116719 0.297797
0.000000 0.111265 0.249800
0.000000 0.109083 0.196350
0.000000 0.109083 0.196350
0.000000 0.074177 0.171261
0.000000 0.030543 0.161443
0.000000 0.013090 0.134172
0.000000 0.000000 0.139626
0.000000 -0.003272 0.166897
0.000000 0.002182 0.199622
0.000000 0.014181 0.244346
0.000000 0.047997 0.239983
0.000000 0.105811 0.160352
0.000000 0.121082 0.076358
0.000000 0.073086 0.059996
0.000000 0.025089 0.071995
0.000000 -0.006545 0.061087
0.000000 -0.050178 0.094902
0.000000 -0.091630 0.145081
0.000000 -0.059996 0.081812
0.000000 0.028362 -0.040361
0.000000 0.088357 -0.068722
0.000000 0.088357 -0.018544
0.000000 0.087266 -0.049087
0.000000 0.087266 -0.049087
0.000000 -0.040361 -0.037088
0.000000 -0.100356 -0.043633
0.000000 -0.097084 -0.169079
0.000000 -0.083994 -0.238892
0.000000 -0.109083 -0.295615
0.000000 -0.138536 -0.358883
0.000000 0.004363 -0.598866
0.000000 -0.004363 -0.526872
0.000000 -0.404698 0.724312
0.000000 -0.119991 0.032725
0.000000 0.071995 -0.373064
0.000000 0.041452 -0.097084
0.000000 0.052360 0.053451
0.000000 0.082903 0.158171
0.000000 0.138536 0.103629
0.000000 0.153807 0.113446
0.000000 0.138536 0.190895
0.000000 0.130900 0.205076
0.000000 0.153807 0.150535
0.000000 0.153807 0.150535
0.000000 0.172351 -0.002182
0.000000 0.125446 0.028362
0.000000 0.100356 0.028362
0.000000 0.100356 0.028362
0.000000 0.115628 -0.016362
0.000000 0.110174 0.021817
0.000000 0.082903 0.127627
0.000000 0.141808 0.061087
0.000000 0.141808 0.061087
0.000000 0.151626 0.053451
0.000000 0.145081 0.077449
0.000000 0.053451 0.148353
0.000000 0.050178 0.167988
0.000000 0.058905 0.174533
0.000000 0.058905 0.174533
0.000000 0.074177 0.152716
0.000000 0.062177 0.079631
0.000000 0.049087 0.118901
0.000000 0.049087 0.118901
0.000000 0.076358 0.097084
0.000000 0.090539 0.092721
0.000000 0.099266 0.104720
0.000000 0.140717 0.105811
0.000000 0.179987 0.150535
0.000000 0.241074 0.163625
0.000000 0.266163 0.201804
0.000000 0.283616 0.271617
0.000000 0.314159 0.301069
0.000000 0.337067 0.328340
0.000000 0.358883 0.275980
0.000000 0.343612 0.210530
0.000000 0.286889 0.160352
0.000000 0.148353 0.124355
0.000000 0.148353 0.124355
0.000000 0.113446 0.189805
0.000000 0.068722 0.212712
0.000000 -0.008727 0.219257
0.000000 -0.147262 0.193077
0.000000 -0.176715 0.155989
0.000000 -0.213803 0.083994
0.000000 -0.246528 0.000000
0.000000 -0.250891 -0.067632
0.000000 -0.250891 -0.067632
0.000000 -0.254164 0.053451
0.000000 -0.223620 0.010908
0.000000 -0.218166 0.033816
0.000000 -0.188714 -0.027271
0.000000 -0.186532 -0.035997
0.000000 -0.186532 -0.035997
0.000000 -0.178896 -0.079631
0.000000 -0.150535 -0.122173
0.000000 -0.116719 -0.082903
0.000000 -0.094902 -0.038179
0.000000 -0.074177 -0.016362
0.000000 -0.002182 -0.059996
0.000000 0.067632 -0.104720
0.000000 0.080722 -0.073086
0.000000 0.050178 0.014181
0.000000 0.015272 0.044724
0.000000 -0.015272 0.050178
0.000000 0.004363 0.022907
0.000000 0.035997 0.008727
0.000000 0.038179 -0.110174
0.000000 0.038179 -0.110174
0.000000 0.021817 -0.138536
0.000000 0.008727 -0.118901
0.000000 0.068722 -0.102538
0.000000 0.138536 -0.131991
0.000000 0.224711 -0.163625
0.000000 0.253073 -0.256345
0.000000 0.253073 -0.256345
0.000000 0.235620 -0.402517
0.000000 0.261800 -0.345794
0.000000 0.277071 -0.149444
0.000000 0.255255 -0.009817
0.000000 0.188714 0.061087
0.000000 0.131991 0.131991
0.000000 0.087266 0.318523
0.000000 0.039270 0.534507
0.000000 0.007636 0.683951
0.000000 -0.021817 0.751583
0.000000 -0.035997 0.727584
0.000000 -0.064359 0.617410
0.000000 -0.101447 0.535598
0.000000 -0.130900 0.601048
0.000000 -0.112356 0.592321
0.000000 -0.070904 0.547597
0.000000 0.018544 0.362156
0.000000 0.018544 0.362156
0.000000 0.088357 0.181078
0.000000 0.133081 0.073086
0.000000 0.025089 0.019635
0.000000 0.025089 0.019635
0.000000 -0.034907 -0.055632
0.000000 -0.064359 -0.115628
0.000000 -0.062177 -0.086176
0.000000 0.005454 0.015272
0.000000 0.005454 0.015272
0.000000 0.046906 0.255255
0.000000 0.075267 0.262890
0.000000 0.075267 0.262890
0.000000 0.058905 0.000000
0.000000 0.058905 -0.077449
0.000000 0.071995 -0.150535
0.000000 0.116719 -0.187623
0.000000 0.164716 -0.184350
0.000000 0.190895 -0.185441
0.000000 0.158171 -0.178896
0.000000 0.097084 -0.153807
0.000000 0.035997 -0.138536
0.000000 -0.047997 -0.095993
0.000000 -0.128718 -0.091630
0.000000 -0.116719 -0.182169
0.000000 -0.067632 -0.212712
0.000000 -0.038179 -0.135263
0.000000 -0.001091 -0.066541
0.000000 0.010908 -0.100356
0.000000 0.010908 -0.100356
0.000000 -0.093811 -0.268344
0.000000 -0.178896 -0.188714
0.000000 -0.196350 -0.081812
0.000000 -0.196350 -0.081812
0.000000 -0.113446 -0.005454
0.000000 -0.127627 0.111265
0.000000 -0.149444 0.249800
0.000000 -0.149444 0.249800
0.000000 -0.042542 0.076358
0.000000 -0.005454 -0.092721
0.000000 0.006545 -0.233438
0.000000 -0.019635 -0.321795
0.000000 -0.066541 -0.281434
0.000000 -0.066541 -0.281434
0.000000 -0.071995 -0.294524
0.000000 -0.114537 -0.273799
0.000000 -0.217075 -0.059996
0.000000 -0.217075 -0.059996
0.000000 -0.285798 0.080722
0.000000 -0.197440 0.083994
0.000000 -0.100356 0.099266
0.000000 0.002182 0.043633
0.000000 0.002182 0.043633
0.000000 0.025089 -0.074177
0.000000 -0.111265 -0.112356
0.000000 -0.122173 -0.102538
0.000000 -0.080722 -0.085085
0.000000 -0.080722 -0.085085
0.000000 0.026180 -0.043633
0.000000 0.040361 0.041452
0.000000 0.043633 0.122173
0.000000 0.073086 -0.013090
0.000000 0.057814 -0.137445
0.000000 0.018544 -0.162534
0.000000 -0.010908 -0.116719
0.000000 -0.073086 -0.090539
0.000000 -0.158171 -0.083994
0.000000 -0.247619 -0.043633
0.000000 -0.274889 0.016362
0.000000 -0.256345 0.105811
0.000000 -0.253073 0.164716
0.000000 -0.294524 0.267254
0.000000 -0.309796 0.242165
0.000000 -0.305433 0.046906
0.000000 -0.322886 -0.093811
0.000000 -0.334885 -0.068722
0.000000 -0.273799 -0.110174
0.000000 -0.177805 -0.278162
0.000000 -0.176715 -0.257436
0.000000 -0.211621 -0.081812
0.000000 -0.219257 0.032725
0.000000 -0.200713 -0.014181
0.000000 -0.166897 -0.045815
0.000000 -0.166897 -0.045815
0.000000 -0.173442 -0.082903
0.000000 -0.265072 0.087266
0.000000 -0.265072 0.087266
0.000000 -0.229075 0.104720
0.000000 -0.091630 -0.002182
0.000000 0.121082 0.079631
0.000000 0.158171 0.061087
0.000000 0.158171 -0.008727
0.000000 0.158171 -0.008727
0.000000 0.207258 -0.016362
0.000000 0.293434 -0.010908
0.000000 0.391608 -0.070904
0.000000 0.462512 -0.089448
0.000000 0.423243 -0.013090
0.000000 0.358883 0.057814
0.000000 0.398153 -0.092721
0.000000 0.434151 -0.368701
0.000000 0.389427 -0.392699
0.000000 0.326159 -0.257436
0.000000 0.307614 -0.241074
0.000000 0.290161 -0.283616
0.000000 0.183260 -0.181078
0.000000 0.075267 -0.064359
0.000000 0.069813 -0.284707
0.000000 0.069813 -0.284707
0.000000 0.011999 -0.389427
0.000000 0.028362 -0.092721
0.000000 0.028362 -0.092721
0.000000 0.158171 -0.076358
0.000000 0.237801 -0.011999
0.000000 0.359974 0.053451
0.000000 0.364338 0.116719
0.000000 0.364338 0.116719
0.000000 0.366519 0.147262
0.000000 0.225802 0.253073
0.000000 0.167988 0.299979
0.000000 0.146171 0.223620
0.000000 0.146171 0.223620
0.000000 0.135263 0.162534
0.000000 0.126536 0.070904
0.000000 0.019635 -0.109083
0.000000 -0.056723 -0.277071
0.000000 -0.066541 -0.424333
0.000000 -0.066541 -0.424333
0.000000 -0.086176 -0.410153
0.000000 0.023998 -0.117810
0.000000 0.115628 -0.039270
0.000000 0.152716 0.164716
0.000000 0.195259 0.221439
0.000000 0.200713 0.086176
0.000000 0.167988 -0.023998
0.000000 0.159261 -0.015272
0.000000 0.188714 -0.067632
0.000000 0.234529 -0.152716
0.000000 0.234529 -0.152716
0.000000 0.262890 -0.174533
0.000000 0.295615 -0.175624
0.000000 0.304342 -0.143990
0.000000 0.259618 -0.130900
0.000000 0.047997 -0.185441
0.000000 -0.050178 -0.284707
0.000000 -0.143990 -0.335976
0.000000 -0.205076 -0.397063
0.000000 -0.259618 -0.387245
0.000000 -0.345794 -0.266163
0.000000 -0.402517 -0.142899
0.000000 -0.407971 -0.113446
0.000000 -0.428697 -0.134172
0.000000 -0.485420 -0.210530
0.000000 -0.569414 -0.281434
0.000000 -0.649045 -0.373064
0.000000 -0.654499 -0.459240
0.000000 -0.623955 -0.466876
0.000000 -0.561778 -0.344703
0.000000 -0.458149 -0.235620
0.000000 -0.458149 -0.235620
0.000000 -0.321795 -0.141808
0.000000 -0.184350 -0.110174
0.000000 -0.136354 -0.134172
0.000000 -0.154898 -0.281434
0.000000 -0.227984 -0.402517
0.000000 -0.345794 -0.343612
0.000000 -0.345794 -0.343612
0.000000 -0.395972 -0.213803
0.000000 -0.452695 -0.109083
0.000000 -0.565051 0.025089
0.000000 -0.645772 0.099266
0.000000 -0.645772 0.099266
0.000000 -0.762491 0.202895
0.000000 -0.842122 0.285798
0.000000 -0.884664 0.353429
0.000000 -0.941387 0.462512
0.000000 -0.941387 0.462512
0.000000 -0.915207 0.415607
0.000000 -0.848667 0.340339
0.000000 -0.774490 -0.002182
0.000000 -0.733039 -0.139626
0.000000 -0.697041 -0.176715
0.000000 -0.697041 -0.176715
0.000000 -0.628319 -0.117810
0.000000 -0.443968 -0.063268
0.000000 -0.419970 -0.039270
0.000000 -0.430878 -0.055632
0.000000 -0.493056 -0.129809
0.000000 -0.581413 -0.064359
0.000000 -0.633773 0.069813
0.000000 -0.603230 0.142899
0.000000 -0.549779 0.178896
0.000000 -0.549779 0.178896
0.000000 -0.486511 0.154898
0.000000 -0.448332 0.100356
0.000000 -0.427606 0.073086
0.000000 -0.428697 0.079631
0.000000 -0.428697 0.079631
0.000000 -0.426515 0.106901
0.000000 -0.424333 0.085085
0.000000 -0.431969 0.087266
0.000000 -0.422152 0.074177
0.000000 -0.419970 0.030543
0.000000 -0.419970 0.030543
0.000000 -0.542143 0.037088
0.000000 -0.614138 0.071995
0.000000 -0.686133 0.095993
0.000000 -0.686133 0.095993
0.000000 -0.749401 0.131991
0.000000 -0.815942 0.063268
0.000000 -0.859575 0.070904
0.000000 -0.859575 0.070904
0.000000 -0.894482 0.030543
0.000000 -0.995929 0.085085
0.000000 -1.023200 0.093811
0.000000 -1.051561 0.091630
0.000000 -1.074469 0.117810
0.000000 -1.074469 0.117810
0.000000 -1.021018 0.050178
0.000000 -0.769036 -0.433060
0.000000 -0.724312 -0.489783
0.000000 -0.736311 -0.406880
0.000000 -0.740674 -0.339249
0.000000 -0.754855 -0.361065
0.000000 -0.781035 -0.403608
0.000000 -0.764673 -0.430878
0.000000 -0.725403 -0.421061
0.000000 -0.658862 -0.351248
0.000000 -0.619592 -0.220348
0.000000 -0.604321 -0.051269
0.000000 -0.586867 -0.009817
0.000000 -0.580322 -0.087266
0.000000 -0.599957 -0.165806
0.000000 -0.635955 -0.207258
0.000000 -0.643590 -0.224711
0.000000 -0.607593 -0.233438
0.000000 -0.556324 -0.219257
0.000000 -0.556324 -0.219257
0.000000 -0.446150 -0.234529
0.000000 -0.423243 -0.211621
0.000000 -0.405789 -0.197440
0.000000 -0.367610 -0.210530
0.000000 -0.326159 -0.165806
0.000000 -0.299979 -0.103629
0.000000 -0.285798 -0.051269
0.000000 -0.267254 -0.046906
0.000000 -0.257436 -0.085085
0.000000 -0.254164 -0.102538
0.000000 -0.254164 -0.102538
0.000000 -0.266163 -0.170170
0.000000 -0.277071 -0.103629
0.000000 -0.277071 -0.103629
0.000000 -0.281434 -0.113446
0.000000 -0.286889 -0.128718
0.000000 -0.298888 -0.104720
0.000000 -0.301069 -0.067632
0.000000 -0.283616 -0.039270
0.000000 -0.262890 -0.016362
0.000000 -0.231256 -0.050178
0.000000 -0.211621 -0.083994
0.000000 -0.214894 -0.112356
0.000000 -0.234529 -0.115628
0.000000 -0.257436 -0.087266
0.000000 -0.258527 -0.086176
0.000000 -0.269435 -0.074177
0.000000 -0.273799 -0.044724
0.000000 -0.265072 -0.052360
0.000000 -0.281434 -0.057814
0.000000 -0.301069 -0.068722
0.000000 -0.317432 -0.099266
0.000000 -0.323977 -0.151626
0.000000 -0.323977 -0.151626
0.000000 -0.330522 -0.166897
0.000000 -0.342521 -0.217075
0.000000 -0.362156 -0.319614
0.000000 -0.366519 -0.308705
0.000000 -0.361065 -0.251982
0.000000 -0.361065 -0.251982
0.000000 -0.346884 -0.227984
0.000000 -0.445059 -0.141808
0.000000 -0.514872 -0.219257
0.000000 -0.514872 -0.219257
0.000000 -0.582504 -0.399244
0.000000 -0.639227 -0.571596
0.000000 -0.685042 -0.703586
0.000000 -0.730857 -0.806124
0.000000 -0.730857 -0.806124
0.000000 -0.725403 -0.782126
0.000000 -0.716676 -0.691587
0.000000 -0.699223 -0.629410
0.000000 -0.699223 -0.629410
0.000000 -0.702495 -0.585776
0.000000 -0.702495 -0.585776
0.000000 -0.717767 -0.551961
0.000000 -0.694860 -0.411243
0.000000 -0.694860 -0.411243
0.000000 -0.510509 -0.362156
0.000000 -0.510509 -0.362156
0.000000 -0.378518 -0.227984
0.000000 -0.378518 -0.227984
0.000000 -0.343612 -0.185441
0.000000 -0.318523 -0.205076
0.000000 -0.305433 -0.274889
0.000000 -0.280344 -0.415607
0.000000 -0.253073 -0.285798
0.000000 -0.253073 -0.285798
0.000000 -0.256345 -0.163625
0.000000 -0.253073 -0.100356
0.000000 -0.227984 -0.081812
0.000000 -0.227984 -0.081812
0.000000 -0.189805 -0.089448
0.000000 -0.178896 -0.294524
0.000000 -0.178896 -0.294524
0.000000 -0.172351 -0.459240
0.000000 -0.146171 -0.630500
0.000000 -0.143990 -0.463603
0.000000 -0.134172 -0.222530
0.000000 -0.089448 -0.094902
0.000000 -0.030543 -0.093811
0.000000 0.003272 -0.053451
0.000000 0.010908 -0.002182
0.000000 0.020726 0.042542
0.000000 0.033816 0.122173
0.000000 0.092721 0.140717
0.000000 0.172351 0.157080
0.000000 0.172351 0.157080
0.000000 0.340339 0.206167
0.000000 0.394881 0.301069
0.000000 0.410153 0.455967
0.000000 0.410153 0.455967
0.000000 0.437423 0.536689
0.000000 0.505055 0.565051
0.000000 0.546506 0.590140
0.000000 0.546506 0.590140
0.000000 0.594503 0.622865
0.000000 0.667589 0.826850
0.000000 0.703586 0.908662
0.000000 0.740674 0.932661
0.000000 0.740674 0.932661
0.000000 0.791943 0.812669
0.000000 0.812669 0.795216
0.000000 0.818123 0.836668
0.000000 0.812669 0.908662
0.000000 0.809397 0.973021
0.000000 0.817033 1.021018
0.000000 0.862848 0.956659
0.000000 0.884664 0.855212
0.000000 0.892300 0.764673
0.000000 0.875938 0.690496
0.000000 0.832304 0.670861
0.000000 0.786489 0.689405
0.000000 0.770127 0.623955
0.000000 0.742856 0.590140
0.000000 0.730857 0.571596
0.000000 0.748310 0.534507
0.000000 0.771218 0.467967
0.000000 0.769036 0.445059
0.000000 0.760309 0.453786
0.000000 0.759219 0.419970
0.000000 0.766854 0.389427
0.000000 0.766854 0.389427
0.000000 0.778854 0.340339
0.000000 0.787580 0.329431
0.000000 0.791943 0.353429
0.000000 0.791943 0.353429
0.000000 0.764673 0.403608
0.000000 0.755946 0.346884
0.000000 0.755946 0.346884
0.000000 0.745038 0.319614
0.000000 0.760309 0.290161
0.000000 0.839940 0.351248
0.000000 0.867211 0.407971
0.000000 0.867211 0.483238
0.000000 0.867211 0.483238
0.000000 0.874847 0.511600
0.000000 0.851939 0.531235
0.000000 0.851939 0.506146
0.000000 0.868302 0.453786
0.000000 0.870483 0.460331
0.000000 0.865029 0.510509
0.000000 0.860666 0.575959
0.000000 0.866120 0.626137
0.000000 0.892300 0.644681
0.000000 0.892300 0.644681
0.000000 0.947932 0.604321
0.000000 1.002474 0.532326
0.000000 1.040653 0.541052
0.000000 1.051561 0.544325
0.000000 1.047198 0.476693
0.000000 0.982839 0.436332
0.000000 0.982839 0.436332
0.000000 0.904299 0.400335
0.000000 0.738493 0.350157
0.000000 0.662135 0.356702
0.000000 0.662135 0.356702
0.000000 0.616320 0.319614
0.000000 0.543234 0.257436
0.000000 0.543234 0.257436
0.000000 0.519236 0.313069
0.000000 0.505055 0.358883
0.000000 0.474512 0.373064
0.000000 0.375246 0.268344
0.000000 0.375246 0.268344
0.000000 0.326159 0.232347
0.000000 0.294524 0.169079
0.000000 0.254164 0.152716
0.000000 0.235620 0.091630
0.000000 0.235620 0.091630
0.000000 0.247619 0.059996
0.000000 0.237801 0.077449
0.000000 0.232347 0.126536
0.000000 0.253073 0.265072
0.000000 0.253073 0.265072
0.000000 0.305433 0.382882
0.000000 0.334885 0.400335
0.000000 0.390518 0.366519
0.000000 0.469057 0.293434
0.000000 0.534507 0.267254
0.000000 0.595594 0.307614
0.000000 0.658862 0.405789
0.000000 0.726494 0.507237
0.000000 0.867211 0.570505
0.000000 0.945751 0.510509
0.000000 0.945751 0.510509
0.000000 0.945751 0.510509
0.000000 1.036290 0.416698
0.000000 1.085377 0.393790
0.000000 1.132283 0.563960
0.000000 1.155190 0.677406
0.000000 1.159554 0.759219
0.000000 0.974112 1.117011
0.000000 0.763582 1.192279
0.000000 0.763582 1.192279
0.000000 0.680679 1.249002
0.000000 0.714494 1.112648
0.000000 0.741765 0.965386
0.000000 0.752674 0.991566
0.000000 0.778854 1.029745
0.000000 0.778854 1.029745
0.000000 0.724312 1.051561
0.000000 0.668680 1.124647
0.000000 0.605411 1.216277
0.000000 0.589049 1.161735
0.000000 0.602139 1.052652
0.000000 0.590140 1.045016
0.000000 0.546506 1.254456
0.000000 0.488692 1.314452
0.000000 0.512691 1.027563
0.000000 0.534507 1.028654
0.000000 0.531235 1.137737
0.000000 0.531235 1.137737
0.000000 0.514872 1.089740
0.000000 0.495237 1.130101
0.000000 0.508327 1.087559
0.000000 0.513782 1.002474
0.000000 0.501782 0.959931
0.000000 0.441787 0.807215
0.000000 0.441787 0.807215
0.000000 0.415607 0.871574
0.000000 0.388336 1.040653
0.000000 0.421061 0.821396
0.000000 0.414516 0.824668
0.000000 0.414516 0.824668
0.000000 0.433060 0.787580
0.000000 0.454877 0.855212
0.000000 0.466876 0.843213
0.000000 0.482147 0.814851
0.000000 0.475602 0.729766
0.000000 0.475602 0.729766
0.000000 0.472330 0.743947
0.000000 0.470148 0.767945
0.000000 0.470148 0.767945
0.000000 0.341430 0.809397
0.000000 0.313069 0.794125
0.000000 0.313069 0.794125
0.000000 0.277071 0.698132
0.000000 0.272708 0.623955
0.000000 0.272708 0.627228
0.000000 0.225802 0.745038
0.000000 0.210530 0.771218
0.000000 0.199622 0.606502
0.000000 0.185441 0.558506
0.000000 0.153807 0.639227
0.000000 0.153807 0.639227
0.000000 0.131991 0.705768
0.000000 0.155989 0.733039
0.000000 0.178896 0.689405
0.000000 0.222530 0.617410
0.000000 0.222530 0.617410
0.000000 0.256345 0.547597
0.000000 0.164716 0.739584
0.000000 0.103629 0.865029
0.000000 0.103629 0.865029
0.000000 0.125446 0.901027
0.000000 0.198531 0.772309
0.000000 0.209440 0.649045
0.000000 0.179987 0.461422
0.000000 0.179987 0.461422
0.000000 0.139626 0.509418
0.000000 0.140717 0.489783
0.000000 0.153807 0.438514
0.000000 0.205076 0.237801
0.000000 0.210530 0.145081
0.000000 0.186532 0.197440
0.000000 0.179987 0.282525
0.000000 0.179987 0.282525
0.000000 0.169079 0.379609
0.000000 0.131991 0.418879
0.000000 0.086176 0.541052
0.000000 0.117810 0.448332
0.000000 0.154898 0.308705
0.000000 0.170170 0.171261
0.000000 0.163625 0.051269
0.000000 0.109083 0.193077
0.000000 0.066541 0.358883
0.000000 0.062177 0.297797
0.000000 0.019635 0.194168
0.000000 0.045815 0.119991
0.000000 0.002182 0.102538
0.000000 -0.053451 0.049087
0.000000 -0.083994 -0.032725
0.000000 -0.106901 -0.122173
0.000000 -0.143990 -0.210530
0.000000 -0.147262 -0.280344
0.000000 -0.157080 -0.346884
0.000000 -0.183260 -0.482147
0.000000 -0.186532 -0.652317
0.000000 -0.209440 -0.765764
0.000000 -0.274889 -0.834486
0.000000 -0.259618 -1.084286
0.000000 -0.270526 -1.180279
0.000000 -0.293434 -1.328632
0.000000 -0.293434 -1.328632
0.000000 -0.308705 -1.481349
0.000000 -0.307614 -1.596977
0.000000 -0.334885 -1.374447
0.000000 -0.307614 -1.344995
0.000000 -0.265072 -1.395173
0.000000 -0.265072 -1.395173
0.000000 -0.274889 -1.404991
0.000000 -0.327249 -1.199914
0.000000 -0.327249 -1.199914
0.000000 -0.387245 -1.244638
0.000000 -0.414516 -1.096285
0.000000 -0.428697 -1.029745
0.000000 -0.425424 -0.941387
0.000000 -0.425424 -0.941387
0.000000 -0.413425 -0.778854
0.000000 -0.358883 -0.788671
0.000000 -0.315250 -0.860666
0.000000 -0.306524 -0.949023
0.000000 -0.306524 -0.949023
0.000000 -0.344703 -1.101740
0.000000 -0.333794 -1.157372
0.000000 -0.352338 -1.158463
0.000000 -0.343612 -1.177007
0.000000 -0.343612 -1.177007
0.000000 -0.318523 -1.265364
0.000000 -0.318523 -1.265364
0.000000 -0.356702 -1.222822
0.000000 -0.356702 -1.222822
0.000000 -0.380700 -1.199914
0.000000 -0.385063 -1.201005
0.000000 -0.386154 -1.216277
0.000000 -0.358883 -1.261001
0.000000 -0.339249 -1.292635
0.000000 -0.340339 -1.302453
0.000000 -0.339249 -1.304634
0.000000 -0.339249 -1.330814
0.000000 -0.332704 -1.363539
0.000000 -0.386154 -1.227185
0.000000 -0.461422 -1.034108
0.000000 -0.429788 -1.055925
0.000000 -0.429788 -1.055925
0.000000 -0.405789 -1.048289
0.000000 -0.334885 -1.015564
0.000000 -0.334885 -1.015564
0.000000 -0.390518 -0.880301
0.000000 -0.390518 -0.880301
0.000000 -0.334885 -0.941387
0.000000 -0.334885 -0.941387
0.000000 -0.314159 -0.896663
0.000000 -0.329431 -0.822487
0.000000 -0.275980 -0.933752
0.000000 -0.254164 -0.962113
0.000000 -0.254164 -0.962113
0.000000 -0.267254 -0.899936
0.000000 -0.265072 -0.861757
0.000000 -0.226893 -0.806124
0.000000 -0.226893 -0.806124
0.000000 -0.225802 -0.727584
0.000000 -0.212712 -0.700314
0.000000 -0.196350 -0.629410
0.000000 -0.159261 -0.546506
0.000000 -0.130900 -0.454877
0.000000 -0.101447 -0.354520
0.000000 -0.073086 -0.296706
0.000000 -0.051269 -0.251982
0.000000 -0.014181 -0.266163
0.000000 0.014181 -0.294524
0.000000 0.049087 -0.277071
0.000000 0.101447 -0.262890
0.000000 0.138536 -0.286889
0.000000 0.150535 -0.388336
0.000000 0.158171 -0.500692
0.000000 0.148353 -0.483238
0.000000 0.148353 -0.483238
0.000000 0.148353 -0.315250
0.000000 0.178896 -0.310887
0.000000 0.163625 -0.254164
0.000000 0.163625 -0.254164
0.000000 0.178896 -0.388336
0.000000 0.177805 -0.317432
0.000000 0.164716 -0.242165
0.000000 0.185441 -0.266163
0.000000 0.203985 -0.262890
0.000000 0.219257 -0.188714
0.000000 0.241074 -0.082903
0.000000 0.238892 0.057814
0.000000 0.224711 0.127627
0.000000 0.224711 0.127627
0.000000 0.287979 -0.008727
0.000000 0.259618 -0.161443
0.000000 0.254164 -0.412334
0.000000 0.269435 -0.615229
0.000000 0.269435 -0.615229
0.000000 0.217075 -0.531235
0.000000 0.214894 -0.465785
0.000000 0.212712 -0.481057
0.000000 0.212712 -0.481057
0.000000 0.235620 -0.525781
0.000000 0.251982 -0.461422
0.000000 0.237801 -0.410153
0.000000 0.215985 -0.472330
0.000000 0.225802 -0.629410
0.000000 0.248710 -0.741765
0.000000 0.254164 -0.834486
0.000000 0.218166 -0.895572
0.000000 0.214894 -0.899936
0.000000 0.214894 -0.899936
0.000000 0.249800 -0.846485
0.000000 0.223620 -0.613047
0.000000 0.254164 -0.761400
0.000000 0.278162 -1.009019
0.000000 0.278162 -1.009019
0.000000 0.297797 -1.408263
0.000000 0.318523 -1.571888
0.000000 0.338158 -1.631884
0.000000 0.321795 -1.524982
0.000000 0.281434 -1.413717
0.000000 0.246528 -1.264273
0.000000 0.243255 -1.023200
0.000000 0.230165 -0.656680
0.000000 0.195259 -0.474512
0.000000 0.245437 -0.832304
0.000000 0.297797 -1.316633
0.000000 0.297797 -1.316633
0.000000 0.224711 -1.423535
0.000000 0.268344 -1.569706
0.000000 0.320704 -1.665699
0.000000 0.320704 -1.665699
0.000000 0.325068 -1.539163
0.000000 0.310887 -1.192279
0.000000 0.310887 -1.192279
0.000000 0.281434 -0.925025
0.000000 0.236710 -0.714494
0.000000 0.215985 -0.728675
0.000000 0.236710 -0.898845
0.000000 0.249800 -1.051561
0.000000 0.249800 -1.051561
0.000000 0.297797 -1.322088
0.000000 0.320704 -1.436625
0.000000 0.278162 -1.168280
0.000000 0.230165 -0.825759
0.000000 0.230165 -0.825759
0.000000 0.131991 -0.430878
0.000000 0.114537 -0.578141
0.000000 0.095993 -0.742856
0.000000 0.088357 -0.939206
0.000000 0.135263 -1.276273
0.000000 0.154898 -1.507529
0.000000 0.196350 -1.692970
0.000000 0.203985 -1.647155
0.000000 0.176715 -1.401718
0.000000 0.172351 -1.190097
0.000000 0.170170 -1.010110
0.000000 0.121082 -0.748310
0.000000 0.081812 -0.573777
0.000000 0.077449 -0.616320
0.000000 0.081812 -0.759219
0.000000 0.081812 -0.759219
0.000000 0.079631 -0.871574
0.000000 0.163625 -1.005746
0.000000 0.163625 -1.005746
0.000000 0.198531 -0.990475
0.000000 0.173442 -0.856303
0.000000 0.007636 -0.329431
0.000000 -0.001091 -0.310887
0.000000 0.005454 -0.352338
0.000000 0.005454 -0.352338
0.000000 0.034907 -0.465785
0.000000 0.073086 -0.592321
0.000000 0.080722 -0.644681
0.000000 0.038179 -0.520326
0.000000 0.038179 -0.520326
0.000000 -0.033816 -0.164716
0.000000 -0.038179 -0.065450
0.000000 -0.035997 0.064359
0.000000 -0.067632 0.220348
0.000000 -0.097084 0.331613
0.000000 -0.097084 0.331613
0.000000 -0.161443 0.526872
0.000000 -0.190895 0.721039
0.000000 -0.235620 1.017746
0.000000 -0.273799 1.300271
0.000000 -0.285798 1.567525
0.000000 -0.285798 1.567525
0.000000 -0.321795 1.935135
0.000000 -0.352338 2.290746
0.000000 -0.367610 2.467460
0.000000 -0.386154 2.415100
0.000000 -0.339249 2.083488
0.000000 -0.260709 1.392992
0.000000 -0.244346 1.187915
0.000000 -0.244346 1.187915
0.000000 -0.244346 1.187915
0.000000 -0.286889 1.112648
0.000000 -0.286889 1.112648
0.000000 -0.328340 1.257728
0.000000 -0.328340 1.257728
0.000000 -0.450513 1.385356
0.000000 -0.494147 1.304634
0.000000 -0.554142 1.320997
0.000000 -0.590140 1.359176
0.000000 -0.551961 1.328632
0.000000 -0.526872 1.353722
0.000000 -0.475602 1.349358
0.000000 -0.454877 1.396264
0.000000 -0.463603 1.451896
0.000000 -0.482147 1.523891
0.000000 -0.461422 1.533709
0.000000 -0.453786 1.544617
0.000000 -0.474512 1.653700
0.000000 -0.534507 1.852232
0.000000 -0.579231 1.960224
0.000000 -0.642500 1.999494
0.000000 -0.642500 1.999494
0.000000 -0.633773 1.906773
0.000000 -0.626137 1.731149
0.000000 -0.569414 1.423535
0.000000 -0.522508 1.043926
0.000000 -0.501782 0.767945
0.000000 -0.405789 0.398153
0.000000 -0.405789 0.398153
0.000000 -0.304342 0.226893
0.000000 -0.242165 0.152716
0.000000 -0.267254 0.281434
0.000000 -0.268344 0.309796
0.000000 -0.268344 0.309796
0.000000 -0.242165 0.326159
0.000000 -0.233438 0.397063
0.000000 -0.235620 0.502873
0.000000 -0.249800 0.691587
0.000000 -0.249800 0.691587
0.000000 -0.248710 0.693769
0.000000 -0.225802 0.649045
0.000000 -0.172351 0.483238
0.000000 -0.032725 0.196350
0.000000 -0.032725 0.196350
0.000000 0.015272 0.134172
0.000000 -0.022907 0.235620
0.000000 -0.088357 0.281434
0.000000 -0.107992 0.272708
0.000000 -0.111265 0.297797
0.000000 -0.111265 0.297797
0.000000 -0.095993 0.309796
0.000000 -0.141808 0.341430
0.000000 -0.170170 0.297797
0.000000 -0.178896 0.196350
0.000000 -0.178896 0.196350
0.000000 -0.176715 0.101447
0.000000 -0.134172 -0.073086
0.000000 -0.091630 -0.134172
0.000000 -0.091630 -0.134172
0.000000 -0.026180 -0.205076
0.000000 0.007636 -0.270526
0.000000 -0.066541 -0.193077
0.000000 -0.106901 -0.146171
0.000000 -0.126536 -0.110174
0.000000 -0.113446 -0.087266
0.000000 -0.083994 -0.033816
0.000000 -0.061087 -0.064359
0.000000 -0.014181 -0.207258
0.000000 -0.001091 -0.234529
0.000000 -0.034907 -0.135263
0.000000 -0.110174 0.001091
0.000000 -0.227984 0.178896
0.000000 -0.292343 0.320704
0.000000 -0.293434 0.381791
0.000000 -0.260709 0.368701
0.000000 -0.215985 0.291252
0.000000 -0.157080 0.123264
0.000000 -0.078540 -0.055632
0.000000 -0.077449 -0.094902
0.000000 -0.138536 -0.112356
0.000000 -0.227984 -0.061087
0.000000 -0.293434 0.003272
0.000000 -0.293434 0.003272
0.000000 -0.302160 -0.028362
0.000000 -0.298888 -0.034907
0.000000 -0.227984 -0.037088
0.000000 -0.227984 -0.037088
0.000000 -0.153807 -0.063268
0.000000 -0.087266 -0.051269
0.000000 -0.031634 -0.054542
0.000000 0.007636 -0.111265
0.000000 0.007636 -0.135263
0.000000 -0.033816 -0.077449
0.000000 -0.109083 0.038179
0.000000 -0.142899 0.068722
0.000000 -0.158171 0.113446
0.000000 -0.172351 0.172351
0.000000 -0.160352 0.170170
0.000000 -0.207258 0.266163
0.000000 -0.213803 0.299979
0.000000 -0.190895 0.306524
0.000000 -0.149444 0.281434
0.000000 -0.034907 0.161443
0.000000 -0.034907 0.161443
0.000000 -0.011999 0.152716
0.000000 -0.023998 0.162534
0.000000 -0.033816 0.063268
0.000000 -0.055632 0.102538
0.000000 -0.057814 0.147262
0.000000 -0.028362 0.101447
0.000000 -0.028362 0.101447
0.000000 -0.021817 0.074177
0.000000 -0.038179 0.129809
0.000000 -0.034907 0.150535
0.000000 -0.018544 0.118901
0.000000 -0.033816 0.129809
0.000000 -0.043633 0.095993
0.000000 -0.045815 0.047997
0.000000 -0.055632 -0.002182
0.000000 -0.071995 -0.066541
0.000000 -0.097084 -0.101447
0.000000 -0.124355 -0.125446
0.000000 -0.133081 -0.161443
0.000000 -0.136354 -0.194168
0.000000 -0.119991 -0.227984
0.000000 -0.098175 -0.233438
0.000000 -0.093811 -0.194168
0.000000 -0.102538 -0.138536
0.000000 -0.113446 -0.087266
0.000000 -0.165806 0.032725
0.000000 -0.194168 0.164716
0.000000 -0.191986 0.251982
0.000000 -0.177805 0.353429
0.000000 -0.181078 0.478875
0.000000 -0.174533 0.555233
0.000000 -0.170170 0.604321
0.000000 -0.188714 0.665407
0.000000 -0.272708 0.607593
0.000000 -0.272708 0.607593
0.000000 -0.278162 0.447241
0.000000 -0.233438 0.224711
0.000000 -0.222530 0.040361
0.000000 -0.222530 0.040361
0.000000 -0.249800 -0.039270
0.000000 -0.249800 -0.039270
0.000000 -0.294524 0.068722
0.000000 -0.294524 0.068722
0.000000 -0.308705 0.129809
0.000000 -0.295615 0.124355
0.000000 -0.246528 0.220348
0.000000 -0.246528 0.220348
0.000000 -0.145081 0.505055
0.000000 -0.145081 0.505055
0.000000 -0.123264 0.719949
0.000000 -0.123264 0.719949
0.000000 -0.094902 0.727584
0.000000 -0.094902 0.727584
0.000000 -0.099266 0.682860
0.000000 -0.107992 0.640318
0.000000 -0.088357 0.517054
0.000000 -0.071995 0.457058
0.000000 -0.071995 0.457058
0.000000 -0.065450 0.363247
0.000000 -0.045815 0.202895
0.000000 -0.068722 0.219257
0.000000 -0.111265 0.220348
0.000000 -0.111265 0.220348
0.000000 -0.112356 0.141808
0.000000 -0.090539 0.083994
0.000000 -0.075267 0.092721
0.000000 -0.075267 0.130900
0.000000 -0.080722 0.145081
0.000000 -0.065450 0.130900
0.000000 -0.050178 0.143990
0.000000 -0.052360 0.135263
0.000000 -0.045815 0.085085
0.000000 -0.079631 -0.085085
0.000000 -0.061087 -0.077449
0.000000 -0.040361 0.056723
0.000000 -0.016362 0.107992
0.000000 -0.066541 0.066541
0.000000 -0.091630 0.133081
0.000000 -0.037088 0.173442
0.000000 -0.063268 0.115628
0.000000 -0.126536 0.075267
0.000000 -0.483238 -0.762491
0.000000 -1.252274 -2.207842
0.000000 -1.252274 -2.207842
0.000000 -1.680971 -1.770419
0.000000 -1.433352 -1.211913
0.000000 -0.995929 -0.886846
0.000000 -0.995929 -0.886846
0.000000 0.130900 -0.682860
0.000000 0.417788 0.013090
0.000000 0.495237 0.199622
0.000000 0.495237 0.199622
0.000000 0.173442 -0.500692
0.000000 0.137445 -0.490874
0.000000 0.154898 -0.251982
0.000000 0.116719 -0.138536
0.000000 0.102538 -0.015272
0.000000 0.066541 0.001091
0.000000 0.063268 0.001091
0.000000 0.080722 -0.001091
0.000000 0.079631 -0.005454
0.000000 0.052360 -0.004363
0.000000 0.031634 -0.006545
0.000000 0.019635 -0.003272
0.000000 0.014181 -0.001091
0.000000 0.014181 -0.009817
0.000000 0.014181 -0.009817
0.000000 0.002182 -0.011999
0.000000 -0.011999 -0.008727
0.000000 -0.020726 -0.009817
0.000000 -0.038179 -0.008727
0.000000 -0.049087 -0.015272
0.000000 -0.049087 -0.015272
0.000000 -0.061087 -0.007636
0.000000 -0.051269 -0.013090
0.000000 -0.029452 -0.001091
0.000000 0.014181 -0.006545
0.000000 0.014181 -0.006545
0.000000 0.028362 -0.001091
0.000000 0.006545 -0.004363
0.000000 -0.051269 -0.006545
0.000000 -0.107992 -0.007636
0.000000 -0.107992 -0.007636
0.000000 -0.111265 -0.009817
0.000000 -0.089448 -0.015272
0.000000 -0.057814 -0.021817
0.000000 -0.057814 -0.021817
0.000000 0.044724 -0.006545
0.000000 0.056723 -0.001091
0.000000 0.016362 0.000000
0.000000 0.033816 -0.001091
0.000000 0.039270 0.001091
0.000000 -0.005454 0.001091
0.000000 -0.005454 0.001091
0.000000 -0.213803 -0.006545
0.000000 -0.219257 -0.007636
0.000000 0.009817 0.001091
0.000000 0.008727 0.002182
0.000000 -0.005454 0.000000
0.000000 -0.041452 -0.001091
0.000000 -0.008727 0.000000
0.000000 0.011999 0.001091
0.000000 -0.003272 0.001091
0.000000 -0.007636 0.002182
0.000000 -0.010908 0.003272
0.000000 -0.006545 0.002182
0.000000 0.002182 0.000000
0.000000 -0.005454 -0.001091
0.000000 -0.007636 0.001091
0.000000 -0.005454 0.000000
0.000000 -0.002182 -0.001091
0.000000 -0.001091 0.000000
0.000000 -0.002182 -0.002182
0.000000 -0.002182 0.002182
0.000000 0.000000 0.002182
0.000000 -0.001091 -0.002182
0.000000 -0.001091 -0.002182
0.000000 -0.001091 -0.001091
0.000000 0.000000 -0.003272
0.000000 -0.002182 0.000000
0.000000 0.000000 0.001091
0.000000 -0.002182 0.002182
0.000000 -0.001091 -0.002182
0.000000 -0.002182 -0.002182
0.000000 0.001091 0.001091
0.000000 0.001091 0.001091
0.000000 0.000000 0.001091
0.000000 0.000000 -0.001091
0.000000 -0.002182 -0.001091
0.000000 -0.001091 0.001091
0.000000 -0.001091 0.003272
0.000000 0.001091 0.003272
0.000000 0.001091 -0.004363
0.000000 -0.003272 0.000000
0.000000 -0.005454 0.002182
0.000000 -0.007636 0.001091
0.000000 0.002182 -0.003272
0.000000 0.001091 -0.002182
0.000000 0.001091 -0.002182
0.000000 -0.003272 -0.001091
0.000000 0.002182 -0.002182
0.000000 0.007636 0.001091
0.000000 0.000000 -0.002182
0.000000 -0.002182 -0.003272
0.000000 0.000000 -0.001091
0.000000 0.006545 0.001091
0.000000 0.002182 0.000000
0.000000 0.002182 0.000000
0.000000 0.000000 -0.002182
0.000000 0.000000 0.000000
0.000000 0.003272 -0.002182
0.000000 0.000000 -0.001091
0.000000 0.000000 -0.003272
0.000000 0.001091 0.000000
0.000000 0.001091 0.000000
0.000000 -0.001091 0.002182
0.000000 0.000000 0.002182
0.000000 0.003272 -0.004363
0.000000 0.000000 0.002182
0.000000 0.000000 0.002182
0.000000 0.003272 -0.004363
0.000000 -0.001091 -0.001091
0.000000 0.002182 0.001091
0.000000 0.000000 0.001091
0.000000 0.001091 0.000000
0.000000 0.000000 0.001091
0.000000 0.000000 0.001091
0.000000 0.000000 0.001091
0.000000 0.003272 -0.002182
0.000000 0.001091 0.001091
0.000000 0.001091 0.001091
0.000000 0.001091 -0.002182
0.000000 0.002182 -0.001091
0.000000 0.003272 0.002182
0.000000 0.000000 0.001091
0.000000 0.002182 -0.001091
0.000000 -0.002182 0.000000
0.000000 0.001091 -0.001091
0.000000 0.001091 -0.001091
0.000000 0.000000 0.001091
0.000000 0.001091 -0.001091
0.000000 0.000000 -0.001091
0.000000 0.000000 0.002182
0.000000 0.002182 -0.002182
0.000000 0.000000 0.000000
0.000000 0.000000 -0.003272
0.000000 -0.002182 -0.001091
0.000000 -0.002182 -0.001091
0.000000 0.003272 0.000000
0.000000 0.002182 0.001091
0.000000 -0.001091 0.002182
0.000000 -0.003272 0.001091
0.000000 0.000000 0.002182
0.000000 0.000000 0.002182
0.000000 0.001091 -0.003272
0.000000 0.002182 0.001091
0.000000 -0.001091 0.001091
0.000000 -0.002182 0.000000
0.000000 -0.002182 0.000000
0.000000 0.000000 -0.003272
0.000000 0.000000 0.002182
0.000000 0.000000 0.003272
0.000000 0.001091 -0.002182
0.000000 -0.001091 -0.001091
0.000000 0.003272 -0.001091
0.000000 0.000000 -0.002182
0.000000 0.000000 -0.002182
0.000000 -0.001091 0.001091
0.000000 0.002182 -0.002182
0.000000 0.001091 0.001091
0.000000 -0.002182 0.001091
0.000000 -0.001091 -0.001091
0.000000 0.003272 -0.001091
0.000000 0.003272 -0.001091
0.000000 0.002182 -0.002182
0.000000 0.001091 0.000000
0.000000 0.003272 0.000000
0.000000 0.001091 -0.002182
0.000000 0.002182 -0.003272
0.000000 0.001091 0.000000
0.000000 -0.002182 0.000000
0.000000 0.000000 -0.002182
0.000000 0.000000 -0.002182
0.000000 -0.001091 -0.003272
0.000000 0.003272 -0.003272
0.000000 -0.001091 0.003272
0.000000 -0.002182 -0.002182
0.000000 -0.001091 -0.001091
0.000000 -0.001091 0.000000
0.000000 0.000000 0.003272
0.000000 0.002182 0.002182
0.000000 0.000000 0.002182
0.000000 0.000000 0.002182
0.000000 0.000000 0.005454
0.000000 -0.001091 0.003272
0.000000 -0.002182 0.000000
0.000000 0.000000 0.002182
0.000000 0.000000 0.001091
0.000000 0.000000 0.001091
0.000000 0.001091 -0.002182
0.000000 -0.001091 0.001091
0.000000 0.000000 0.002182
0.000000 0.000000 0.001091
0.000000 0.004363 0.003272
0.000000 0.000000 0.001091
0.000000 -0.002182 0.002182
0.000000 -0.001091 0.001091
0.000000 -0.001091 0.001091
0.000000 -0.002182 0.000000
0.000000 0.000000 0.003272
0.000000 0.001091 0.004363
0.000000 -0.001091 0.001091
0.000000 0.002182 -0.003272
0.000000 0.001091 0.002182
0.000000 0.001091 0.002182
0.000000 0.002182 -0.002182
0.000000 -0.001091 0.003272
0.000000 -0.001091 0.003272
0.000000 0.001091 0.001091
0.000000 -0.001091 0.004363
0.000000 0.000000 0.004363
0.000000 0.002182 0.000000
0.000000 0.002182 0.000000
0.000000 0.001091 0.002182
0.000000 0.001091 -0.001091
0.000000 0.001091 0.003272
0.000000 0.000000 0.004363
0.000000 0.000000 0.005454
0.000000 0.000000 0.005454
0.000000 0.000000 -0.001091
