1.000000 0.000122 -0.001160 0.010255
1.000000 0.000122 -0.001160 0.010255
1.000000 0.000122 -0.001160 0.010255
1.000000 0.000122 -0.001160 0.010255
1.000000 0.000122 -0.001160 0.010255
1.000000 0.000122 -0.001160 0.010132
1.000000 0.000122 -0.001160 0.010132
1.000000 0.000000 -0.001160 0.009949
1.000000 -0.000366 -0.001160 0.009217
1.000000 -0.000488 -0.001160 0.008729
1.000000 -0.000610 -0.001160 0.009583
0.999939 -0.000916 -0.001160 0.014466
0.999939 -0.000916 -0.001160 0.016786
0.999878 -0.000916 -0.001160 0.018922
0.999878 -0.000916 -0.001160 0.018922
0.999817 -0.000671 -0.001099 0.021242
0.999817 -0.000427 -0.001099 0.021303
0.999817 -0.000427 -0.001099 0.021303
0.999817 -0.000244 -0.001099 0.021486
0.999817 -0.000244 -0.001099 0.021669
0.999817 -0.000244 -0.001099 0.021791
0.999817 -0.000244 -0.001099 0.021791
0.999817 -0.000244 -0.001099 0.021974
0.999817 -0.000244 -0.001099 0.022096
0.999817 -0.000244 -0.001099 0.022096
0.999817 -0.000244 -0.001099 0.022096
0.999817 -0.000244 -0.001099 0.022096
0.999817 -0.000244 -0.001099 0.022096
0.999817 -0.000244 -0.001099 0.022157
0.999817 -0.000244 -0.001099 0.022401
0.999817 -0.000244 -0.001099 0.022401
0.999817 -0.000244 -0.001099 0.022706
0.999817 -0.000305 -0.001099 0.022890
0.999817 -0.000549 -0.001221 0.023073
0.999817 -0.000732 -0.001221 0.023256
0.999817 -0.000977 -0.001221 0.023073
0.999817 -0.001282 -0.001221 0.022523
0.999817 -0.001709 -0.001221 0.021364
0.999817 -0.001892 -0.001221 0.021119
0.999817 -0.001892 -0.001221 0.021119
0.999817 -0.002136 -0.001282 0.021058
0.999817 -0.002258 -0.001282 0.020936
0.999817 -0.002258 -0.001282 0.020936
0.999817 -0.002564 -0.001221 0.020875
0.999817 -0.002686 -0.001221 0.020936
0.999817 -0.002686 -0.001221 0.021058
0.999817 -0.002747 -0.001221 0.021058
0.999817 -0.002747 -0.001221 0.021058
0.999817 -0.003113 -0.001221 0.020997
0.999817 -0.003418 -0.001282 0.020997
0.999817 -0.003723 -0.001282 0.020936
0.999817 -0.003723 -0.001282 0.020936
0.999817 -0.004029 -0.001282 0.020753
0.999817 -0.004578 -0.000732 0.020814
0.999817 -0.004944 -0.000305 0.020936
0.999817 -0.005432 0.000305 0.020997
0.999817 -0.005921 0.001221 0.020814
0.999817 -0.005921 0.001221 0.020814
0.999817 -0.006836 0.002564 0.020021
0.999817 -0.007752 0.003052 0.019655
0.999817 -0.009095 0.004151 0.019288
0.999817 -0.010987 0.005493 0.019105
0.999817 -0.010987 0.005493 0.019105
0.999756 -0.015260 0.007874 0.019105
0.999695 -0.016847 0.008729 0.019105
0.999695 -0.016847 0.008729 0.019105
0.999695 -0.017884 0.009278 0.019105
0.999634 -0.018434 0.010010 0.019227
0.999634 -0.018373 0.011170 0.019532
0.999634 -0.017823 0.011903 0.019716
0.999634 -0.017091 0.012269 0.020021
0.999634 -0.016603 0.012330 0.020570
0.999634 -0.016480 0.012452 0.021425
0.999573 -0.016603 0.013001 0.022279
0.999573 -0.016358 0.013917 0.023073
0.999573 -0.015626 0.015199 0.023683
0.999512 -0.014649 0.016358 0.024232
0.999512 -0.013856 0.016969 0.024843
0.999512 -0.013856 0.017213 0.025453
0.999451 -0.014344 0.017640 0.025942
0.999451 -0.014893 0.018373 0.026247
0.999390 -0.015016 0.019349 0.026308
0.999390 -0.014771 0.020326 0.026369
0.999390 -0.014283 0.020997 0.026552
0.999390 -0.013856 0.021180 0.026918
0.999390 -0.013673 0.021425 0.027406
0.999329 -0.013795 0.021974 0.027773
0.999329 -0.013795 0.022706 0.027956
0.999329 -0.013612 0.023195 0.027773
0.999329 -0.013368 0.023622 0.027406
0.999329 -0.013368 0.023744 0.027162
0.999329 -0.013856 0.023744 0.027162
0.999268 -0.014283 0.023988 0.027467
0.999268 -0.014161 0.025026 0.027895
0.999206 -0.013184 0.026125 0.028200
0.999206 -0.011781 0.027223 0.028139
0.999206 -0.010499 0.028139 0.027956
0.999206 -0.009705 0.028810 0.027956
0.999206 -0.009339 0.029299 0.028078
0.999206 -0.009400 0.029787 0.028078
0.999145 -0.009522 0.030580 0.028078
0.999084 -0.008912 0.033388 0.028200
0.999084 -0.008912 0.033388 0.028200
0.999023 -0.007874 0.034914 0.028383
0.998901 -0.005127 0.038271 0.028810
0.998901 -0.005127 0.038271 0.028810
0.998840 -0.003906 0.040469 0.028993
0.998718 -0.002991 0.043338 0.029055
0.998535 -0.002136 0.046878 0.029116
0.998291 -0.001404 0.050723 0.031618
0.998047 -0.000122 0.054386 0.031923
0.997864 0.001221 0.057682 0.032290
0.997681 0.002258 0.060490 0.032534
0.997558 0.002808 0.062382 0.032717
0.997436 0.003052 0.063419 0.034487
0.997375 0.003357 0.064396 0.034487
0.997314 0.003845 0.065067 0.034426
0.997253 0.004334 0.065922 0.034487
0.997192 0.004761 0.066899 0.034548
0.997131 0.004517 0.067875 0.035525
0.997070 0.004273 0.068913 0.035464
0.996948 0.003968 0.070134 0.035464
0.996826 0.004273 0.071538 0.035647
0.996765 0.004639 0.072636 0.035708
0.996704 0.004761 0.073613 0.035525
0.996643 0.004578 0.074590 0.035342
0.996582 0.004456 0.075566 0.035158
0.996521 0.004517 0.076665 0.035036
0.996399 0.004883 0.077886 0.035036
0.996277 0.005249 0.079167 0.036074
0.996155 0.005555 0.080449 0.036135
0.996032 0.005616 0.081487 0.036196
0.996032 0.005616 0.081487 0.036196
0.995849 0.005188 0.083623 0.036440
0.995727 0.005249 0.085515 0.036745
0.995727 0.005249 0.085515 0.036745
0.995483 0.005921 0.088262 0.036929
0.994934 0.008240 0.093451 0.038149
0.994690 0.008912 0.095526 0.038882
0.994507 0.009278 0.097357 0.039553
0.994262 0.009522 0.099249 0.040042
0.994018 0.009888 0.101691 0.040408
0.993713 0.010377 0.104254 0.040835
0.993469 0.010743 0.106574 0.041445
0.993225 0.010865 0.108405 0.042300
0.992981 0.010804 0.110114 0.042971
0.992736 0.010682 0.112128 0.043521
0.992492 0.010865 0.114265 0.044009
0.992126 0.011414 0.116950 0.044375
0.991760 0.012208 0.119941 0.045047
0.991332 0.013062 0.122932 0.045474
0.991027 0.013856 0.125496 0.045779
0.990783 0.014466 0.126961 0.046023
0.990600 0.014588 0.128243 0.046084
0.990356 0.014527 0.130074 0.046573
0.990112 0.014649 0.131966 0.046573
0.990112 0.014649 0.131966 0.046573
0.989868 0.014832 0.133736 0.046512
0.989379 0.015199 0.137215 0.047122
0.989074 0.015016 0.138375 0.049686
0.989074 0.015016 0.138375 0.049686
0.988464 0.015077 0.142587 0.050052
0.988036 0.015748 0.145211 0.050296
0.987609 0.016664 0.148202 0.050601
0.987060 0.017396 0.151193 0.051273
0.986632 0.017884 0.153940 0.051456
0.986266 0.018129 0.156382 0.051578
0.985961 0.018190 0.158213 0.051700
0.985656 0.018251 0.160044 0.051883
0.985045 0.018006 0.162974 0.053958
0.984496 0.018495 0.166270 0.054141
0.983886 0.019044 0.169566 0.054386
0.983397 0.019349 0.172313 0.054691
0.982970 0.019471 0.174754 0.054935
0.982482 0.019471 0.177196 0.055301
0.982055 0.019655 0.179576 0.055301
0.981688 0.020021 0.181591 0.055240
0.981444 0.020143 0.182872 0.055423
0.981322 0.019655 0.183544 0.055790
0.981200 0.018739 0.183849 0.056888
0.981078 0.018129 0.184337 0.057010
0.980956 0.017762 0.185070 0.057071
0.980712 0.017518 0.186291 0.057316
0.980407 0.017274 0.187878 0.057804
0.979918 0.016908 0.189831 0.059879
0.979430 0.016908 0.191967 0.060490
0.979430 0.016908 0.191967 0.060490
0.979003 0.017091 0.194165 0.060734
0.978087 0.017152 0.198865 0.060306
0.977599 0.017152 0.201184 0.060123
0.977599 0.017152 0.201184 0.060123
0.976500 0.017213 0.206372 0.060551
0.976012 0.017457 0.208509 0.060795
0.975707 0.017701 0.210096 0.060856
0.975340 0.017762 0.211805 0.060490
0.974852 0.017701 0.214002 0.060306
0.974364 0.017701 0.216200 0.060184
0.973936 0.017701 0.218336 0.060001
0.973448 0.017518 0.220411 0.059879
0.973021 0.017213 0.222365 0.060123
0.972533 0.017091 0.224684 0.059696
0.971861 0.017213 0.227492 0.059208
0.971190 0.017457 0.230544 0.058841
0.970457 0.017945 0.233596 0.058719
0.969786 0.018373 0.236343 0.058841
0.969175 0.018739 0.238845 0.058597
0.968748 0.018983 0.240676 0.058048
0.968443 0.018922 0.242141 0.057438
0.968443 0.018922 0.242141 0.057438
0.967771 0.018556 0.244827 0.056644
0.967588 0.018312 0.245804 0.056217
0.967588 0.018312 0.245804 0.056217
0.967222 0.018068 0.247207 0.055973
0.966429 0.018251 0.250443 0.055606
0.966001 0.018495 0.252152 0.055423
0.965452 0.018617 0.254288 0.055179
0.965452 0.018617 0.254288 0.055179
0.964170 0.019227 0.259049 0.054508
0.963621 0.019349 0.261124 0.054325
0.962949 0.019105 0.263566 0.055240
0.962278 0.019288 0.265946 0.055179
0.961668 0.019593 0.268205 0.054996
0.961057 0.019899 0.270341 0.054935
0.960447 0.020021 0.272539 0.054935
0.959714 0.019716 0.274736 0.056278
0.959165 0.019777 0.276750 0.056278
0.958494 0.019960 0.279009 0.056217
0.957944 0.020143 0.281023 0.056156
0.957517 0.020143 0.282366 0.056095
0.957151 0.019593 0.283465 0.057132
0.956907 0.019166 0.284258 0.057071
0.956662 0.018983 0.285174 0.057132
0.956296 0.019044 0.286333 0.057254
0.955747 0.019166 0.288165 0.057132
0.955075 0.019349 0.290423 0.057316
0.954343 0.019777 0.292620 0.057193
0.953610 0.019960 0.295001 0.057316
0.952878 0.020021 0.297381 0.057621
0.952084 0.020204 0.299762 0.057743
0.951291 0.020326 0.302326 0.057987
0.950559 0.020448 0.304645 0.058170
0.949887 0.020387 0.306598 0.058414
0.949277 0.020265 0.308429 0.058597
0.948727 0.020326 0.310016 0.058780
0.948056 0.020265 0.311909 0.059757
0.947446 0.020448 0.313801 0.059818
0.946652 0.020570 0.316120 0.059940
0.945797 0.020875 0.318623 0.060184
0.945004 0.021364 0.321003 0.060367
0.944210 0.021669 0.323201 0.060612
0.943417 0.021730 0.325520 0.060673
0.942501 0.021913 0.328084 0.060856
0.941525 0.022340 0.330709 0.061100
0.940548 0.022951 0.333394 0.061405
0.939694 0.023195 0.335714 0.062443
0.938961 0.023439 0.337606 0.062504
0.938412 0.023317 0.339132 0.062565
0.937801 0.023134 0.340780 0.062626
0.937252 0.023195 0.342306 0.062687
0.936764 0.022890 0.343466 0.064030
0.936275 0.022829 0.344870 0.064030
0.935787 0.022768 0.346090 0.063908
0.935543 0.022523 0.346945 0.063786
0.935238 0.022157 0.347616 0.063786
0.934810 0.022035 0.348837 0.063419
0.934200 0.022218 0.350485 0.063358
0.933407 0.022584 0.352683 0.063480
0.932369 0.022890 0.355185 0.063786
0.932369 0.022890 0.355185 0.063786
0.930843 0.022890 0.358970 0.064823
0.930599 0.022706 0.359763 0.064762
0.930233 0.022401 0.360679 0.064640
0.930233 0.022401 0.360679 0.064640
0.929683 0.022279 0.362083 0.064579
0.928829 0.022523 0.364280 0.064457
0.927913 0.022829 0.366600 0.064701
0.926997 0.023134 0.368919 0.064762
0.926082 0.023439 0.371177 0.064884
0.925227 0.023683 0.373253 0.064945
0.924495 0.024049 0.375084 0.065006
0.923823 0.024171 0.376549 0.065617
0.922969 0.024477 0.378685 0.065556
0.920588 0.025209 0.384179 0.065983
0.919551 0.025636 0.386681 0.066288
0.918757 0.026064 0.388451 0.066288
0.918452 0.026186 0.389245 0.066288
0.918452 0.026003 0.389184 0.066227
0.918513 0.025697 0.389123 0.066105
0.918391 0.025514 0.389428 0.065922
0.918147 0.025575 0.390099 0.065922
0.917720 0.025819 0.391015 0.066044
0.917353 0.026003 0.391809 0.066166
0.917170 0.025942 0.392358 0.066105
0.916804 0.025880 0.393151 0.065983
0.916499 0.025942 0.393823 0.065983
0.916438 0.026064 0.393945 0.065983
0.916621 0.026064 0.393579 0.065983
0.916987 0.025942 0.392724 0.065861
0.917536 0.025636 0.391503 0.065617
0.918208 0.025392 0.389977 0.065312
0.919123 0.025148 0.387902 0.064945
0.920283 0.024843 0.385277 0.064640
0.921626 0.024599 0.382042 0.064274
0.923213 0.024171 0.378319 0.063664
0.924739 0.023866 0.374840 0.062626
0.926204 0.023622 0.371300 0.062016
0.927791 0.023500 0.367393 0.061527
0.929500 0.023256 0.363181 0.060917
0.931514 0.022890 0.358115 0.060245
0.933895 0.022218 0.352072 0.059452
0.935909 0.021119 0.346823 0.058780
0.936947 0.020509 0.344137 0.058292
0.937252 0.020997 0.343344 0.057926
0.937374 0.021852 0.342977 0.057560
0.937740 0.022462 0.342123 0.056400
0.938229 0.022035 0.340902 0.056217
0.938717 0.021486 0.339681 0.055912
0.939205 0.021119 0.338277 0.055606
0.939205 0.021119 0.338277 0.055606
0.940609 0.020814 0.334432 0.055362
0.941281 0.020631 0.332662 0.055118
0.942013 0.020509 0.330648 0.054752
0.942013 0.020509 0.330648 0.054752
0.942684 0.020204 0.328755 0.054264
0.943417 0.019838 0.326802 0.053714
0.944760 0.018922 0.323079 0.052921
0.945065 0.019044 0.322224 0.052799
0.945065 0.019044 0.322224 0.052799
0.945309 0.019410 0.321431 0.052860
0.945675 0.019532 0.320271 0.052982
0.946164 0.019471 0.318928 0.053043
0.946713 0.019349 0.317219 0.052860
0.947384 0.019166 0.315449 0.052677
0.947934 0.018922 0.313679 0.052432
0.948483 0.018800 0.312153 0.052188
0.948910 0.018922 0.310871 0.051944
0.949399 0.019105 0.309345 0.051883
0.950070 0.019166 0.307270 0.051883
0.950986 0.019105 0.304523 0.051822
0.951901 0.018800 0.301593 0.051944
0.952756 0.018434 0.298907 0.051700
0.953671 0.018068 0.296161 0.051456
0.954526 0.017701 0.293292 0.051273
0.955503 0.017457 0.290240 0.051212
0.956479 0.017152 0.287005 0.051273
0.957517 0.016847 0.283526 0.051395
0.958555 0.016603 0.280046 0.051395
0.959348 0.016236 0.277239 0.051273
0.960935 0.016114 0.271745 0.051029
0.961912 0.015992 0.268388 0.050662
0.961912 0.015992 0.268388 0.050662
0.962888 0.015565 0.264970 0.050540
0.964475 0.014710 0.259232 0.050235
0.964475 0.014710 0.259232 0.050235
0.965940 0.014832 0.253739 0.049625
0.966734 0.014466 0.250687 0.049503
0.967466 0.013978 0.247940 0.049441
0.967466 0.013978 0.247940 0.049441
0.968077 0.013673 0.245681 0.049380
0.968504 0.013795 0.243911 0.049319
0.968809 0.014222 0.242630 0.049319
0.969114 0.014710 0.241470 0.049380
0.969542 0.015138 0.239761 0.049503
0.969969 0.015199 0.237807 0.049625
0.970396 0.015199 0.236159 0.049503
0.970823 0.015260 0.234450 0.049380
0.971251 0.015382 0.232680 0.049503
0.971678 0.015443 0.230727 0.049686
0.972227 0.015443 0.228530 0.049625
0.972838 0.015321 0.225905 0.049503
0.973448 0.015016 0.223219 0.049625
0.974058 0.014832 0.220656 0.049686
0.974669 0.014771 0.217787 0.049686
0.975279 0.014649 0.215101 0.049686
0.975768 0.014527 0.212782 0.049686
0.976317 0.014466 0.210462 0.049503
0.976866 0.014405 0.207959 0.049319
0.978087 0.014222 0.201978 0.049197
0.978087 0.014222 0.201978 0.049197
0.979003 0.014100 0.197766 0.049075
0.980040 0.013673 0.192578 0.048404
0.980040 0.013673 0.192578 0.048404
0.981810 0.012391 0.183727 0.047793
0.982604 0.012086 0.179637 0.047488
0.983214 0.011842 0.176158 0.047427
0.983764 0.011842 0.172984 0.047366
0.984313 0.011781 0.169993 0.047244
0.984740 0.011475 0.167369 0.047061
0.985168 0.011109 0.165171 0.046878
0.985534 0.010743 0.163035 0.046695
0.985900 0.010682 0.160837 0.046451
0.986327 0.010804 0.158152 0.046390
0.986816 0.010682 0.155222 0.046206
0.987304 0.010316 0.152109 0.045962
0.987853 0.009705 0.148630 0.045657
0.988403 0.008973 0.144845 0.045352
0.988952 0.008240 0.141305 0.045047
0.989440 0.007752 0.138131 0.044680
0.989807 0.007569 0.135567 0.044375
0.990112 0.007691 0.133553 0.044253
0.990295 0.007996 0.131783 0.044314
0.990539 0.008362 0.129891 0.044375
0.990844 0.008606 0.127876 0.044436
0.990844 0.008606 0.127876 0.044436
0.991394 0.008729 0.123238 0.044192
0.991760 0.008668 0.120613 0.043765
0.992065 0.008606 0.118293 0.043521
0.992065 0.008606 0.118293 0.043521
0.992614 0.008240 0.113471 0.043338
0.992919 0.008057 0.110663 0.043338
0.993286 0.007935 0.107673 0.043338
0.993286 0.007935 0.107673 0.043338
0.993835 0.007691 0.102240 0.043032
0.994079 0.007569 0.100104 0.042910
0.994323 0.007508 0.097662 0.042788
0.994568 0.007142 0.094977 0.042849
0.994873 0.006775 0.092230 0.042666
0.995117 0.006470 0.089422 0.042422
0.995361 0.006348 0.087164 0.042239
0.995544 0.006287 0.084966 0.041934
0.995727 0.006226 0.082891 0.041567
0.995849 0.006287 0.081365 0.041323
0.996032 0.006531 0.079717 0.041079
0.996155 0.006653 0.078191 0.040713
0.996277 0.006653 0.076726 0.040469
0.996399 0.006592 0.075139 0.040530
0.996521 0.006653 0.073674 0.040408
0.996582 0.006653 0.072453 0.040164
0.996704 0.006592 0.071171 0.039858
0.996826 0.006531 0.069401 0.039675
0.997070 0.006409 0.067265 0.037966
0.997253 0.005982 0.064701 0.037661
0.997436 0.005371 0.061649 0.037478
0.997619 0.004822 0.058719 0.037295
0.997803 0.004334 0.055973 0.037173
0.997925 0.003968 0.053348 0.036990
0.998108 0.003601 0.050784 0.036745
0.998169 0.003235 0.048953 0.036562
0.998291 0.003296 0.047427 0.036440
0.998352 0.003601 0.045779 0.036318
0.998413 0.003784 0.044436 0.036379
0.998474 0.003968 0.043460 0.036379
0.998474 0.004334 0.042300 0.036318
0.998596 0.004639 0.040652 0.036074
0.998657 0.004700 0.038699 0.035830
0.998779 0.004639 0.036379 0.035647
0.998840 0.004517 0.033938 0.035525
0.998901 0.004517 0.031679 0.035464
0.998962 0.004639 0.029482 0.035464
0.999023 0.004761 0.027101 0.035464
0.999145 0.004761 0.024599 0.035342
0.999206 0.004883 0.021852 0.035403
0.999268 0.005127 0.019105 0.035403
0.999268 0.005432 0.016236 0.035403
0.999329 0.005555 0.013368 0.035525
0.999390 0.005616 0.010621 0.035280
0.999390 0.005616 0.010621 0.035280
0.999390 0.005921 0.007752 0.035464
0.999390 0.006531 0.001648 0.035830
0.999390 0.006836 -0.001953 0.035891
0.999390 0.006836 -0.005677 0.036013
0.999329 0.006775 -0.009217 0.036257
0.999268 0.006897 -0.012513 0.036379
0.999268 0.007264 -0.015626 0.036440
0.999206 0.007874 -0.018495 0.036440
0.999145 0.008545 -0.021180 0.036440
0.999084 0.009095 -0.023988 0.036318
0.999023 0.009400 -0.026979 0.036074
0.998901 0.009522 -0.029970 0.035830
0.998840 0.009827 -0.032412 0.035586
0.998779 0.010499 -0.034365 0.035342
0.998718 0.011109 -0.036196 0.035097
0.998657 0.011414 -0.038454 0.035036
0.998535 0.011475 -0.041140 0.035097
0.998413 0.011475 -0.044070 0.035158
0.998230 0.011719 -0.047183 0.035158
0.998108 0.012025 -0.050418 0.034853
0.997986 0.012208 -0.053409 0.034609
0.997803 0.012452 -0.056461 0.034487
0.997619 0.012757 -0.059452 0.034365
0.997436 0.012940 -0.062260 0.034182
0.997253 0.012940 -0.065190 0.034060
0.997070 0.012879 -0.067997 0.034060
0.996887 0.013123 -0.070378 0.033999
0.996765 0.013673 -0.072453 0.033938
0.996582 0.014405 -0.074651 0.033877
0.996399 0.014832 -0.077458 0.033877
0.996094 0.014832 -0.080693 0.033877
0.995849 0.014649 -0.083623 0.033938
0.995666 0.014771 -0.086370 0.033877
0.995422 0.015016 -0.088873 0.033816
0.995178 0.015199 -0.091314 0.033693
0.994934 0.015199 -0.093939 0.033571
0.994690 0.015199 -0.096991 0.033388
0.994323 0.015138 -0.100470 0.033144
0.994018 0.014955 -0.103888 0.032656
0.993652 0.014710 -0.107245 0.032473
0.993286 0.014588 -0.110358 0.032534
0.993042 0.014710 -0.112861 0.032717
0.992736 0.015138 -0.115180 0.032900
0.992431 0.015687 -0.117683 0.033083
0.992126 0.016114 -0.120186 0.033205
0.991821 0.016480 -0.122810 0.033205
0.991455 0.016725 -0.125557 0.033083
0.991455 0.016725 -0.125557 0.033083
0.990783 0.017640 -0.130867 0.032961
0.990417 0.018495 -0.133248 0.032839
0.990417 0.018495 -0.133248 0.032839
0.990112 0.019288 -0.135689 0.032656
0.989318 0.020021 -0.141183 0.032106
0.988952 0.020143 -0.143808 0.031740
0.988952 0.020143 -0.143808 0.031740
0.988219 0.021119 -0.148752 0.031130
0.987914 0.021669 -0.150949 0.030947
0.987609 0.022218 -0.152780 0.030886
0.987304 0.022706 -0.154611 0.031069
0.986938 0.023134 -0.156626 0.031191
0.986632 0.023500 -0.158762 0.031130
0.986266 0.023805 -0.160898 0.030886
0.985839 0.024232 -0.163340 0.030580
0.985412 0.024477 -0.166148 0.029970
0.984862 0.024782 -0.169383 0.029665
0.984252 0.025026 -0.172862 0.029177
0.983642 0.025392 -0.176402 0.028383
0.983092 0.025636 -0.179637 0.027406
0.982543 0.025880 -0.182567 0.026247
0.982055 0.026430 -0.185192 0.026125
0.981627 0.027223 -0.187389 0.026247
0.981261 0.028078 -0.189159 0.026308
0.980773 0.028871 -0.191418 0.026308
0.980284 0.029360 -0.193921 0.026430
0.979857 0.029543 -0.196118 0.026064
0.979430 0.029848 -0.198315 0.025758
0.978942 0.030092 -0.200696 0.025575
0.978942 0.030092 -0.200696 0.025575
0.978453 0.030336 -0.202893 0.025392
0.977660 0.030886 -0.206678 0.025148
0.977660 0.030886 -0.206678 0.025148
0.977294 0.031069 -0.208448 0.025514
0.976866 0.031435 -0.210218 0.026003
0.976439 0.031923 -0.211988 0.026369
0.976073 0.032229 -0.213819 0.026247
0.975645 0.032595 -0.215650 0.026491
0.974791 0.032717 -0.219435 0.026857
0.974303 0.032778 -0.221388 0.027101
0.973997 0.032900 -0.222853 0.026796
0.973753 0.033388 -0.223891 0.026430
0.973387 0.033877 -0.225356 0.026491
0.973021 0.034121 -0.227004 0.026857
0.972533 0.034243 -0.228774 0.027101
0.972166 0.034304 -0.230483 0.027284
0.971739 0.034365 -0.232192 0.027223
0.971373 0.034609 -0.233718 0.027162
0.971007 0.034975 -0.235061 0.027406
0.970701 0.035525 -0.236343 0.027712
0.970274 0.035830 -0.237991 0.028078
0.969786 0.036013 -0.239883 0.028261
0.969358 0.036074 -0.241592 0.028566
0.968931 0.036318 -0.243118 0.028993
0.968565 0.036806 -0.244461 0.029360
0.968138 0.037417 -0.246170 0.029604
0.967405 0.037783 -0.248794 0.029848
0.966551 0.037966 -0.252030 0.030092
0.966551 0.037966 -0.252030 0.030092
0.965635 0.037905 -0.255509 0.030336
0.964781 0.037722 -0.258744 0.030519
0.964109 0.037539 -0.261430 0.029787
0.963377 0.037661 -0.263993 0.029604
0.962522 0.037783 -0.267045 0.029848
0.960752 0.037478 -0.273393 0.030275
0.960752 0.037478 -0.273393 0.030275
0.960020 0.036990 -0.276079 0.029970
0.958921 0.036623 -0.279985 0.030397
0.958433 0.036806 -0.281450 0.030947
0.957944 0.036867 -0.283037 0.031252
0.957456 0.036684 -0.284685 0.031374
0.957029 0.036379 -0.286272 0.030825
0.956662 0.036257 -0.287554 0.030336
0.956296 0.036379 -0.288653 0.030458
0.955930 0.036806 -0.289874 0.031069
0.955381 0.037173 -0.291522 0.030947
0.954770 0.037356 -0.293536 0.031069
0.953916 0.037234 -0.296344 0.031069
0.953061 0.037112 -0.299091 0.030642
0.953061 0.037112 -0.299091 0.030642
0.951291 0.037356 -0.304645 0.029970
0.950559 0.037539 -0.307026 0.030214
0.949887 0.037783 -0.308918 0.030519
0.949460 0.038149 -0.310200 0.030886
0.948971 0.038638 -0.311603 0.031496
0.948178 0.039248 -0.313801 0.032045
0.947323 0.039553 -0.316365 0.032351
0.946469 0.039553 -0.318928 0.032473
0.945553 0.039675 -0.321492 0.032595
0.945553 0.039675 -0.321492 0.032595
0.944821 0.039858 -0.323689 0.032290
0.943295 0.040408 -0.327962 0.032656
0.942562 0.040774 -0.330098 0.033083
0.942562 0.040774 -0.330098 0.033083
0.942013 0.041201 -0.331624 0.033510
0.941403 0.041751 -0.333150 0.033938
0.939938 0.042605 -0.336996 0.034792
0.939266 0.043277 -0.338766 0.035586
0.939266 0.043277 -0.338766 0.035586
0.938595 0.044009 -0.340414 0.036196
0.938107 0.044619 -0.341757 0.036501
0.937191 0.046145 -0.343954 0.037112
0.936275 0.046756 -0.346274 0.037356
0.936275 0.046756 -0.346274 0.037356
0.935055 0.046756 -0.349509 0.037234
0.933773 0.046634 -0.352988 0.037112
0.931514 0.047732 -0.358726 0.037295
0.930660 0.048709 -0.360740 0.037722
0.930660 0.048709 -0.360740 0.037722
0.929927 0.049808 -0.362449 0.038332
0.929134 0.051212 -0.364280 0.039004
0.927791 0.053104 -0.367271 0.040225
0.927181 0.054141 -0.368553 0.041201
0.927181 0.054141 -0.368553 0.041201
0.926448 0.055301 -0.370140 0.041995
0.925533 0.056278 -0.372215 0.042727
0.924495 0.057071 -0.374474 0.043521
0.923579 0.057804 -0.376549 0.044253
0.922847 0.058536 -0.378197 0.045169
0.922114 0.059696 -0.379601 0.046267
0.921321 0.060917 -0.381249 0.047183
0.920405 0.061649 -0.383202 0.047732
0.919551 0.061954 -0.385216 0.048282
0.918818 0.062077 -0.386925 0.048831
0.917109 0.063114 -0.390527 0.050540
0.916377 0.063908 -0.392114 0.051029
0.916377 0.063908 -0.392114 0.051029
0.915034 0.065556 -0.394738 0.051883
0.914423 0.065861 -0.396020 0.052738
0.914423 0.065861 -0.396020 0.052738
0.912898 0.066654 -0.399133 0.054447
0.912898 0.066654 -0.399133 0.054447
0.912348 0.067326 -0.400171 0.055057
0.911921 0.068058 -0.401025 0.055667
0.911494 0.068791 -0.401697 0.056400
0.911372 0.069828 -0.401758 0.057254
0.911311 0.071354 -0.401453 0.057926
0.911311 0.073003 -0.401148 0.058292
0.911249 0.074162 -0.401025 0.058414
0.911127 0.074895 -0.401148 0.058475
0.911127 0.075444 -0.401025 0.058719
0.911311 0.075993 -0.400415 0.059208
0.911616 0.076665 -0.399622 0.059391
0.911921 0.077336 -0.398828 0.059452
0.912898 0.077947 -0.396386 0.059574
0.912898 0.077947 -0.396386 0.059574
0.913691 0.078435 -0.394311 0.060428
0.915522 0.078679 -0.389855 0.061039
0.915522 0.078679 -0.389855 0.061039
0.916377 0.078130 -0.387963 0.061100
0.917170 0.077458 -0.386315 0.061222
0.918025 0.077092 -0.384179 0.061832
0.919185 0.077092 -0.381371 0.062321
0.920649 0.077397 -0.377709 0.062382
0.922114 0.077886 -0.373924 0.062565
0.923274 0.078130 -0.371055 0.062382
0.924190 0.077641 -0.368919 0.062382
0.925105 0.076726 -0.366844 0.062260
0.926509 0.076115 -0.363426 0.061893
0.928218 0.075688 -0.359153 0.062016
0.929988 0.075322 -0.354575 0.062199
0.931759 0.075017 -0.349936 0.062077
0.933529 0.074651 -0.345297 0.062077
0.935238 0.074345 -0.340719 0.062077
0.937130 0.073979 -0.335409 0.062260
0.939327 0.073674 -0.329305 0.062687
0.941525 0.073430 -0.322896 0.063603
0.943722 0.073125 -0.316303 0.064335
0.947384 0.071049 -0.305744 0.064030
0.947384 0.071049 -0.305744 0.064030
0.948544 0.068974 -0.302753 0.063175
0.949399 0.067692 -0.300189 0.064030
0.949399 0.067692 -0.300189 0.064030
0.951596 0.067570 -0.293231 0.063419
0.953000 0.067936 -0.288653 0.063358
0.954648 0.067997 -0.283159 0.063358
0.956235 0.067936 -0.277666 0.063236
0.957700 0.067570 -0.272783 0.062931
0.958799 0.066838 -0.269120 0.062382
0.959592 0.065983 -0.266740 0.061771
0.960264 0.065373 -0.264604 0.061039
0.960996 0.065251 -0.261979 0.060917
0.961790 0.065373 -0.259049 0.060490
0.962766 0.065495 -0.255509 0.060245
0.963865 0.065617 -0.251236 0.059940
0.964903 0.065739 -0.247207 0.060001
0.965879 0.065617 -0.243545 0.059818
0.966856 0.065190 -0.239944 0.059452
0.967649 0.064579 -0.237075 0.058719
0.968321 0.063969 -0.234695 0.057865
0.968992 0.063419 -0.232192 0.057132
0.969725 0.063175 -0.229323 0.056705
0.970518 0.063175 -0.225966 0.056156
0.971495 0.063114 -0.221937 0.055606
0.972410 0.063053 -0.217848 0.055179
0.973326 0.062931 -0.213941 0.054935
0.974120 0.062931 -0.210096 0.055484
0.974913 0.062870 -0.206617 0.055179
0.975584 0.062565 -0.203382 0.054874
0.975584 0.062565 -0.203382 0.054874
0.977232 0.061893 -0.196118 0.053714
0.978087 0.061893 -0.192028 0.052799
0.978087 0.061893 -0.192028 0.052799
0.980101 0.062016 -0.181713 0.051700
0.981261 0.062016 -0.175365 0.051578
0.982360 0.062260 -0.169139 0.051517
0.983214 0.062565 -0.163706 0.051639
0.984069 0.062626 -0.158945 0.050784
0.984862 0.062504 -0.154367 0.048892
0.985717 0.062443 -0.149850 0.046512
0.986449 0.062321 -0.145456 0.044253
0.987182 0.062199 -0.140939 0.042666
0.987914 0.062016 -0.136422 0.041018
0.988586 0.062016 -0.131783 0.039858
0.989196 0.062199 -0.127449 0.039065
0.989745 0.062260 -0.123421 0.038210
0.990173 0.062016 -0.120063 0.037112
0.990661 0.061710 -0.116706 0.035830
0.990966 0.061344 -0.114509 0.034304
0.991210 0.060795 -0.113471 0.032473
0.991394 0.060245 -0.112617 0.030336
0.991638 0.059757 -0.111457 0.028017
0.991882 0.059391 -0.109870 0.025270
0.992187 0.059086 -0.108161 0.022584
0.992492 0.058841 -0.106025 0.020204
0.992736 0.058658 -0.103888 0.018129
0.992981 0.058475 -0.101996 0.016480
0.993225 0.058109 -0.100226 0.015077
0.993347 0.057804 -0.099066 0.014039
0.993408 0.057865 -0.098700 0.013062
0.993469 0.057926 -0.098273 0.012208
0.993530 0.057743 -0.097662 0.011658
0.993591 0.057438 -0.097174 0.011292
0.993652 0.057132 -0.096625 0.011170
0.993774 0.056888 -0.096075 0.011048
0.993835 0.056583 -0.095465 0.010682
0.993896 0.056217 -0.094854 0.010255
0.993957 0.055973 -0.094549 0.009827
0.993957 0.055851 -0.094610 0.009705
0.993896 0.055912 -0.095099 0.009400
0.993896 0.055667 -0.095465 0.008790
0.993896 0.055240 -0.095587 0.008301
0.993957 0.054813 -0.095648 0.007813
0.993957 0.054447 -0.095404 0.007569
0.994018 0.053958 -0.095221 0.007203
0.994079 0.053409 -0.095343 0.006531
0.994079 0.052738 -0.095404 0.005616
0.994140 0.052127 -0.095343 0.004700
0.994140 0.051700 -0.095282 0.003968
0.994201 0.051578 -0.095221 0.003052
0.994201 0.051334 -0.095160 0.001892
0.994201 0.051334 -0.095160 0.001892
0.994201 0.051029 -0.095343 0.001160
0.994201 0.050052 -0.095953 -0.001953
0.994201 0.049319 -0.096319 -0.003723
0.994140 0.048526 -0.096808 -0.005860
0.994140 0.047793 -0.097296 -0.008240
0.994079 0.047305 -0.097601 -0.010560
0.994079 0.047122 -0.097601 -0.012635
0.994079 0.046939 -0.097357 -0.014649
0.994079 0.046817 -0.097113 -0.016847
0.994079 0.046512 -0.096869 -0.019593
0.994079 0.046267 -0.096319 -0.021791
0.994140 0.046084 -0.095709 -0.023866
0.994079 0.045840 -0.095404 -0.025942
0.994079 0.045535 -0.094977 -0.028383
0.994140 0.045108 -0.094122 -0.030825
0.994140 0.044742 -0.093084 -0.032961
0.994262 0.044558 -0.091680 -0.034609
0.994323 0.044558 -0.090399 -0.036135
0.994323 0.044497 -0.089544 -0.038027
0.994323 0.044253 -0.089117 -0.039858
0.994201 0.043765 -0.089056 -0.042422
0.994140 0.043399 -0.088995 -0.044742
0.994079 0.043093 -0.088751 -0.046756
0.994018 0.042788 -0.088323 -0.048648
0.994018 0.042727 -0.087591 -0.050296
0.994018 0.042910 -0.086553 -0.051944
0.994018 0.043216 -0.085454 -0.053897
0.993957 0.043277 -0.084539 -0.056156
0.993896 0.042971 -0.084112 -0.058536
0.993774 0.042361 -0.083990 -0.060917
0.993713 0.041812 -0.083684 -0.062809
0.993591 0.041506 -0.083379 -0.064640
0.993530 0.041567 -0.082952 -0.066715
0.993408 0.041751 -0.082402 -0.069096
0.993347 0.042178 -0.081670 -0.070561
0.993164 0.042422 -0.080815 -0.073186
0.993042 0.042483 -0.079961 -0.075749
0.992981 0.042056 -0.079228 -0.078069
0.992858 0.041506 -0.078618 -0.080144
0.992797 0.041018 -0.077764 -0.082036
0.992675 0.040774 -0.076787 -0.084417
0.992553 0.040652 -0.075871 -0.086919
0.992370 0.040286 -0.075444 -0.089544
0.992370 0.040286 -0.075444 -0.089544
0.991943 0.039065 -0.075322 -0.094610
0.991760 0.038699 -0.074895 -0.097113
0.991760 0.038699 -0.074895 -0.097113
0.991577 0.038393 -0.074284 -0.099371
0.991271 0.037478 -0.073369 -0.103583
0.991088 0.036929 -0.072636 -0.105902
0.990905 0.036196 -0.071843 -0.108222
0.990722 0.035219 -0.071232 -0.110786
0.990478 0.034304 -0.070500 -0.113593
0.990234 0.033693 -0.069523 -0.116523
0.990051 0.033449 -0.068852 -0.118476
0.989807 0.033449 -0.068364 -0.120918
0.989501 0.033388 -0.067326 -0.123787
0.989501 0.033388 -0.067326 -0.123787
0.989196 0.033266 -0.065800 -0.127083
0.988769 0.032839 -0.063236 -0.132027
0.988586 0.032534 -0.061466 -0.134286
0.988586 0.032534 -0.061466 -0.134286
0.988342 0.032167 -0.060184 -0.136483
0.988097 0.031679 -0.059330 -0.138924
0.987731 0.030947 -0.058780 -0.141549
0.987426 0.030153 -0.058231 -0.144235
0.987121 0.029665 -0.057560 -0.146799
0.986632 0.029787 -0.055912 -0.150705
0.986388 0.029970 -0.055118 -0.152536
0.986083 0.029970 -0.054080 -0.154673
0.985778 0.029787 -0.053043 -0.156870
0.985534 0.029421 -0.052432 -0.158823
0.985351 0.029116 -0.052249 -0.160166
0.985168 0.028993 -0.052005 -0.161387
0.984984 0.028993 -0.051517 -0.162669
0.984679 0.029055 -0.051151 -0.164622
0.984313 0.029055 -0.050967 -0.166636
0.984008 0.029055 -0.050906 -0.168773
0.983642 0.028993 -0.050784 -0.170665
0.983397 0.029055 -0.050418 -0.172130
0.983092 0.029116 -0.049869 -0.174144
0.982787 0.029177 -0.049380 -0.175914
0.982543 0.029360 -0.048831 -0.177440
0.982543 0.029360 -0.048831 -0.177440
0.981810 0.030031 -0.047549 -0.181835
0.981383 0.030031 -0.047305 -0.183910
0.981017 0.029848 -0.047061 -0.185924
0.981017 0.029848 -0.047061 -0.185924
0.980651 0.029848 -0.046695 -0.188122
0.980284 0.029970 -0.046084 -0.190197
0.979552 0.030336 -0.044558 -0.194165
0.979552 0.030336 -0.044558 -0.194165
0.979247 0.030275 -0.044131 -0.195691
0.979003 0.030214 -0.043948 -0.197156
0.978697 0.030031 -0.043643 -0.198682
0.978453 0.029787 -0.043582 -0.200024
0.977965 0.029543 -0.043704 -0.202283
0.977538 0.029238 -0.043460 -0.204358
0.976988 0.028810 -0.042239 -0.207349
0.976988 0.028810 -0.042239 -0.207349
0.976622 0.029299 -0.041079 -0.209241
0.975829 0.029726 -0.040225 -0.213148
0.975462 0.029238 -0.039858 -0.214918
0.975035 0.028749 -0.039675 -0.216932
0.974547 0.028322 -0.039858 -0.218946
0.974181 0.027956 -0.039553 -0.220900
0.973814 0.027712 -0.039004 -0.222609
0.973448 0.027773 -0.038271 -0.224135
0.973021 0.028017 -0.037478 -0.226149
0.972594 0.028017 -0.036929 -0.228102
0.971983 0.027284 -0.037112 -0.230788
0.971373 0.026491 -0.037112 -0.233291
0.970945 0.026064 -0.036806 -0.235305
0.970945 0.026064 -0.036806 -0.235305
0.970030 0.025697 -0.035952 -0.239089
0.969481 0.025514 -0.035280 -0.241592
0.968809 0.025209 -0.034670 -0.244339
0.968199 0.024843 -0.033877 -0.246963
0.968199 0.024843 -0.033877 -0.246963
0.967100 0.024416 -0.031130 -0.251602
0.966551 0.024049 -0.030275 -0.253739
0.966001 0.023378 -0.030458 -0.255936
0.965513 0.022523 -0.030580 -0.257889
0.965513 0.022523 -0.030580 -0.257889
0.964781 0.021608 -0.029238 -0.260819
0.964475 0.021913 -0.027895 -0.262101
0.964170 0.022218 -0.026735 -0.263322
0.963865 0.022279 -0.026064 -0.264420
0.963865 0.022279 -0.026064 -0.264420
0.963316 0.021608 -0.025758 -0.266496
0.962949 0.020997 -0.026125 -0.267839
0.962522 0.020326 -0.026552 -0.269365
0.962522 0.020326 -0.026552 -0.269365
0.962095 0.019838 -0.026918 -0.270952
0.961668 0.019532 -0.027284 -0.272294
0.961546 0.019410 -0.027590 -0.272844
0.961301 0.019044 -0.028139 -0.273698
0.960996 0.018617 -0.028505 -0.274614
0.960325 0.018068 -0.027895 -0.277055
0.960020 0.018068 -0.027223 -0.278337
0.959592 0.017945 -0.027040 -0.279741
0.959165 0.017579 -0.027529 -0.281206
0.958677 0.016969 -0.028139 -0.282732
0.958249 0.016419 -0.028688 -0.284136
0.957944 0.016114 -0.029360 -0.285174
0.957700 0.016175 -0.029787 -0.285967
0.957517 0.016358 -0.030153 -0.286517
0.957395 0.016297 -0.030397 -0.287005
0.957395 0.016297 -0.030397 -0.287005
0.956662 0.015992 -0.030458 -0.289324
0.956357 0.015931 -0.030825 -0.290301
0.956113 0.015809 -0.031252 -0.291094
0.956113 0.015809 -0.031252 -0.291094
0.955991 0.015565 -0.031679 -0.291522
0.955869 0.015138 -0.032351 -0.291888
0.955258 0.014832 -0.033938 -0.293658
0.954831 0.014527 -0.034487 -0.294879
0.954831 0.014527 -0.034487 -0.294879
0.954526 0.014222 -0.034731 -0.296039
0.954343 0.014039 -0.034731 -0.296527
0.954221 0.014100 -0.034609 -0.296954
0.953977 0.014405 -0.033693 -0.297748
0.953671 0.014405 -0.032717 -0.298907
0.953366 0.013917 -0.032412 -0.300006
0.953000 0.013795 -0.032167 -0.301166
0.952695 0.014100 -0.031801 -0.302142
0.952451 0.014283 -0.031313 -0.302875
0.952146 0.014283 -0.029909 -0.304035
0.951962 0.014344 -0.028627 -0.304828
0.951657 0.014161 -0.027529 -0.305744
0.951657 0.014161 -0.027529 -0.305744
0.951047 0.013734 -0.026003 -0.307880
0.950864 0.013734 -0.025575 -0.308552
0.950864 0.013734 -0.025575 -0.308552
0.950497 0.013368 -0.025392 -0.309589
0.950192 0.013123 -0.024965 -0.310505
0.949948 0.012757 -0.024782 -0.311420
0.949948 0.012757 -0.024782 -0.311420
0.949643 0.012513 -0.024293 -0.312336
0.949338 0.012391 -0.023561 -0.313374
0.948788 0.011964 -0.023134 -0.315083
0.948361 0.011903 -0.022462 -0.316365
0.948361 0.011903 -0.022462 -0.316365
0.947751 0.012025 -0.021119 -0.318257
0.947140 0.012086 -0.020082 -0.320149
0.946347 0.011475 -0.019532 -0.322468
0.946347 0.011475 -0.019532 -0.322468
0.946103 0.011231 -0.019471 -0.323262
0.945736 0.011048 -0.019349 -0.324361
0.945370 0.010926 -0.018922 -0.325459
0.945065 0.010682 -0.018434 -0.326436
0.944760 0.010560 -0.018006 -0.327290
0.944516 0.010499 -0.017579 -0.327962
0.944149 0.010438 -0.017457 -0.329000
0.943783 0.010316 -0.017274 -0.330098
0.943478 0.010255 -0.016908 -0.331075
0.943173 0.010438 -0.016725 -0.331868
0.942990 0.010804 -0.016297 -0.332357
0.942868 0.010926 -0.015992 -0.332845
0.942623 0.010987 -0.015870 -0.333516
0.942379 0.011109 -0.015382 -0.334188
0.942135 0.011292 -0.014955 -0.334798
0.941891 0.011475 -0.014405 -0.335592
0.941647 0.011658 -0.013978 -0.336385
0.941342 0.011719 -0.014161 -0.337118
0.940975 0.011719 -0.014588 -0.338033
0.940670 0.011781 -0.014771 -0.338949
0.940548 0.011658 -0.014832 -0.339376
0.940426 0.011475 -0.015016 -0.339681
0.940243 0.011414 -0.015199 -0.340170
0.939938 0.011475 -0.015016 -0.340963
0.939694 0.011597 -0.014649 -0.341757
0.939510 0.011719 -0.014344 -0.342184
0.939510 0.011719 -0.014344 -0.342184
0.938961 0.011536 -0.013795 -0.343771
0.938961 0.011536 -0.013795 -0.343771
0.938351 0.011292 -0.014039 -0.345419
0.938351 0.011292 -0.014039 -0.345419
0.938046 0.011231 -0.014100 -0.346151
0.937862 0.011292 -0.014100 -0.346762
0.937679 0.011048 -0.014466 -0.347250
0.937435 0.010865 -0.014588 -0.347800
0.937313 0.010804 -0.014771 -0.348105
0.937313 0.010682 -0.015321 -0.348166
0.937252 0.010621 -0.015443 -0.348288
0.937069 0.010621 -0.015870 -0.348776
0.936825 0.010438 -0.016725 -0.349448
0.936520 0.010255 -0.017335 -0.350241
0.936520 0.010255 -0.017335 -0.350241
0.936031 0.010438 -0.017579 -0.351401
0.936092 0.010804 -0.017457 -0.351279
0.936092 0.010804 -0.017457 -0.351279
0.936092 0.011475 -0.017579 -0.351218
0.935970 0.011292 -0.018373 -0.351584
0.935909 0.011109 -0.019288 -0.351706
0.935970 0.011170 -0.020021 -0.351523
0.936092 0.011475 -0.020753 -0.351096
0.936275 0.011781 -0.021486 -0.350607
0.936397 0.011719 -0.022340 -0.350241
0.936459 0.011414 -0.023378 -0.349997
0.936520 0.010987 -0.024599 -0.349692
0.936703 0.010804 -0.025453 -0.349203
0.937008 0.010926 -0.026003 -0.348349
0.937313 0.011292 -0.026613 -0.347433
0.937618 0.011597 -0.027223 -0.346579
0.937923 0.011658 -0.028078 -0.345724
0.938229 0.011597 -0.028993 -0.344809
0.938595 0.011719 -0.029848 -0.343710
0.939022 0.011964 -0.030458 -0.342428
0.939510 0.012147 -0.031069 -0.341024
0.939938 0.012208 -0.031862 -0.339742
0.940365 0.012330 -0.032595 -0.338583
0.940731 0.012513 -0.033266 -0.337484
0.940731 0.012513 -0.033266 -0.337484
0.941586 0.012940 -0.033938 -0.334920
0.942196 0.013368 -0.033877 -0.333272
0.942196 0.013368 -0.033877 -0.333272
0.943234 0.014161 -0.034243 -0.330220
0.943539 0.014039 -0.035036 -0.329305
0.943783 0.013612 -0.036135 -0.328572
0.944027 0.013612 -0.036929 -0.327779
0.944272 0.013673 -0.037661 -0.326985
0.944516 0.014039 -0.038332 -0.326070
0.944882 0.014405 -0.038882 -0.325032
0.945187 0.014710 -0.039065 -0.324116
0.945492 0.014893 -0.039675 -0.323018
0.945859 0.015077 -0.040347 -0.321980
0.946225 0.015260 -0.040957 -0.320820
0.946469 0.015321 -0.041567 -0.319905
0.946713 0.015077 -0.042300 -0.319050
0.947018 0.014832 -0.043093 -0.318135
0.947323 0.014710 -0.043887 -0.317036
0.947751 0.014771 -0.044742 -0.315754
0.948239 0.014832 -0.045474 -0.314167
0.948849 0.015077 -0.046023 -0.312275
0.949521 0.015443 -0.046512 -0.310139
0.950192 0.015687 -0.047000 -0.307941
0.950803 0.015626 -0.047366 -0.305988
0.951352 0.015626 -0.047427 -0.304340
0.951840 0.015870 -0.047366 -0.302753
0.952390 0.016297 -0.047244 -0.301044
0.952939 0.016786 -0.047122 -0.299213
0.952939 0.016786 -0.047122 -0.299213
0.953549 0.017152 -0.047305 -0.297259
0.954892 0.018006 -0.047671 -0.292865
0.955625 0.018495 -0.047793 -0.290240
0.955625 0.018495 -0.047793 -0.290240
0.956846 0.019532 -0.048221 -0.286028
0.957334 0.020204 -0.048282 -0.284441
0.957822 0.021058 -0.048343 -0.282671
0.958371 0.021913 -0.048343 -0.280718
0.958982 0.022523 -0.048404 -0.278581
0.959653 0.022951 -0.048587 -0.276323
0.960264 0.023256 -0.048770 -0.274065
0.960874 0.023500 -0.048709 -0.271806
0.961423 0.023866 -0.048343 -0.269853
0.961851 0.024110 -0.048038 -0.268388
0.962217 0.024110 -0.047854 -0.267228
0.962522 0.024171 -0.047488 -0.266068
0.962949 0.024477 -0.047122 -0.264665
0.963316 0.024965 -0.047061 -0.263261
0.963682 0.025514 -0.047000 -0.261796
0.964109 0.026064 -0.046878 -0.260270
0.964475 0.026613 -0.047122 -0.258683
0.964842 0.026918 -0.047732 -0.257218
0.965147 0.026979 -0.048465 -0.255936
0.965513 0.026918 -0.048892 -0.254654
0.965818 0.026979 -0.049136 -0.253372
0.965818 0.026979 -0.049136 -0.253372
0.966123 0.027101 -0.049014 -0.252152
0.966795 0.027773 -0.048587 -0.249649
0.967161 0.028200 -0.048526 -0.248062
0.967161 0.028200 -0.048526 -0.248062
0.967588 0.028505 -0.048709 -0.246292
0.968321 0.029055 -0.048831 -0.243423
0.968687 0.029482 -0.048465 -0.242080
0.968687 0.029482 -0.048465 -0.242080
0.969481 0.030947 -0.048160 -0.238662
0.969908 0.031313 -0.048465 -0.236831
0.970274 0.031496 -0.048892 -0.235061
0.970640 0.031618 -0.049258 -0.233596
0.970945 0.031862 -0.049380 -0.232314
0.971251 0.032290 -0.049441 -0.230910
0.971678 0.032778 -0.049686 -0.229079
0.972166 0.033205 -0.049991 -0.226698
0.972777 0.033571 -0.050418 -0.223891
0.973326 0.033816 -0.051090 -0.221327
0.973753 0.033999 -0.051517 -0.219374
0.974058 0.034243 -0.051944 -0.217909
0.974303 0.034914 -0.052127 -0.216505
0.974669 0.035891 -0.051944 -0.214735
0.975218 0.036684 -0.052066 -0.212049
0.975890 0.037051 -0.052921 -0.208753
0.976500 0.037112 -0.053714 -0.205701
0.976988 0.037417 -0.054325 -0.203137
0.977416 0.037661 -0.054752 -0.200940
0.977782 0.037844 -0.055057 -0.198865
0.978148 0.038027 -0.055545 -0.197034
0.978148 0.038027 -0.055545 -0.197034
0.978697 0.038516 -0.056888 -0.193615
0.979125 0.038577 -0.057560 -0.191296
0.979125 0.038577 -0.057560 -0.191296
0.980162 0.039431 -0.058353 -0.185436
0.980651 0.039736 -0.058658 -0.182811
0.981017 0.039675 -0.059147 -0.180736
0.981261 0.039309 -0.059574 -0.179332
0.981505 0.039248 -0.059818 -0.178050
0.981749 0.039492 -0.059879 -0.176463
0.982116 0.039858 -0.060184 -0.174388
0.982543 0.040103 -0.060795 -0.171702
0.983031 0.040103 -0.061405 -0.168589
0.983581 0.040286 -0.061954 -0.165110
0.984130 0.040652 -0.062504 -0.161387
0.984618 0.040957 -0.063175 -0.158091
0.984984 0.040957 -0.063419 -0.155710
0.985290 0.041079 -0.063053 -0.153879
0.985534 0.041690 -0.062321 -0.152292
0.985900 0.042483 -0.061527 -0.150278
0.986266 0.043216 -0.061039 -0.147531
0.986816 0.043704 -0.060978 -0.144052
0.987365 0.044070 -0.061222 -0.139962
0.987914 0.044375 -0.061710 -0.135384
0.988464 0.044558 -0.062077 -0.131112
0.988891 0.044558 -0.062260 -0.127999
0.989135 0.044436 -0.062199 -0.126045
0.989318 0.044436 -0.061832 -0.124702
0.989562 0.044558 -0.061710 -0.122627
0.989929 0.044558 -0.062199 -0.119758
0.989929 0.044558 -0.062199 -0.119758
0.990234 0.044436 -0.063175 -0.116584
0.990600 0.044375 -0.064213 -0.113044
0.991332 0.044192 -0.065861 -0.105292
0.991332 0.044192 -0.065861 -0.105292
0.991638 0.043826 -0.066166 -0.102301
0.991821 0.043399 -0.065800 -0.101019
0.991821 0.043338 -0.065678 -0.101019
0.991882 0.043399 -0.065678 -0.100348
0.992004 0.043643 -0.065434 -0.099310
0.992004 0.043643 -0.065434 -0.099310
0.992126 0.043826 -0.065067 -0.098212
0.992248 0.043765 -0.064945 -0.096991
0.992614 0.043643 -0.065006 -0.093023
0.992614 0.043643 -0.065006 -0.093023
0.992919 0.044009 -0.065067 -0.089605
0.993225 0.044375 -0.065556 -0.085821
0.993408 0.044436 -0.066227 -0.083196
0.993469 0.044192 -0.067021 -0.082036
0.993469 0.043826 -0.067387 -0.081792
0.993652 0.043765 -0.066838 -0.079839
0.993835 0.043887 -0.066227 -0.078130
0.994018 0.043948 -0.065495 -0.076360
0.994201 0.044131 -0.065251 -0.073735
0.994445 0.044558 -0.065067 -0.070805
0.994629 0.045291 -0.064762 -0.067936
0.994751 0.046084 -0.064823 -0.065312
0.994873 0.046390 -0.065190 -0.063053
0.994995 0.046451 -0.065434 -0.060856
0.995056 0.046573 -0.065556 -0.058841
0.995178 0.046817 -0.065495 -0.057010
0.995178 0.046817 -0.065495 -0.057010
0.995361 0.047122 -0.065373 -0.053165
0.995483 0.047549 -0.065739 -0.050906
0.995544 0.047793 -0.066166 -0.048160
0.995544 0.047793 -0.066166 -0.048160
0.995727 0.047977 -0.066349 -0.044742
0.995849 0.048099 -0.066166 -0.040652
0.996216 0.048282 -0.066166 -0.031740
0.996338 0.048282 -0.065983 -0.027773
0.996338 0.048282 -0.065983 -0.027773
0.996460 0.048038 -0.065922 -0.024293
0.996521 0.047488 -0.066105 -0.021180
0.996643 0.047000 -0.066044 -0.017335
0.996704 0.046573 -0.065434 -0.014527
0.996887 0.046451 -0.064030 -0.011842
0.997009 0.046634 -0.062199 -0.009034
0.997131 0.047000 -0.060306 -0.006226
0.997253 0.047244 -0.058414 -0.002991
0.997314 0.047366 -0.056461 -0.000061
0.997497 0.047000 -0.053531 0.006531
0.997558 0.046634 -0.052616 0.009888
0.997558 0.046206 -0.051456 0.013795
0.997619 0.045840 -0.050174 0.016969
0.997619 0.045535 -0.048770 0.019655
0.997681 0.045352 -0.047122 0.021974
0.997742 0.045352 -0.044803 0.024110
0.997803 0.045291 -0.042178 0.026552
0.997864 0.045291 -0.039004 0.029421
0.997864 0.045474 -0.035586 0.032839
0.997803 0.045779 -0.032473 0.036440
0.997803 0.045779 -0.032473 0.036440
0.997681 0.045657 -0.028505 0.043521
0.997558 0.045108 -0.027406 0.047061
0.997436 0.044497 -0.026064 0.051029
0.997436 0.044497 -0.026064 0.051029
0.997253 0.044070 -0.024232 0.055301
0.997070 0.043704 -0.021913 0.059696
0.996765 0.042849 -0.016725 0.066593
0.996704 0.042422 -0.013673 0.068608
0.996704 0.042422 -0.013673 0.068608
0.996643 0.042178 -0.010560 0.070256
0.996582 0.041995 -0.007752 0.071965
0.996277 0.041323 -0.002869 0.076421
0.996094 0.041079 -0.001038 0.079167
0.996094 0.041079 -0.001038 0.079167
0.995849 0.040957 0.000794 0.082097
0.995605 0.040896 0.002686 0.085027
0.995117 0.040469 0.005493 0.090338
0.994873 0.040042 0.006287 0.093389
0.994568 0.039675 0.007142 0.096380
0.994568 0.039675 0.007142 0.096380
0.994018 0.039126 0.009461 0.101935
0.993652 0.039126 0.011109 0.105353
0.993652 0.039126 0.011109 0.105353
0.993286 0.039187 0.012879 0.108771
0.992858 0.039370 0.014405 0.112312
0.992431 0.039553 0.015626 0.115852
0.992004 0.039675 0.016908 0.119209
0.991577 0.039736 0.018129 0.122261
0.991210 0.039797 0.019227 0.125130
0.990417 0.039919 0.022096 0.130989
0.990173 0.040164 0.023378 0.132454
0.989684 0.040286 0.024843 0.135812
0.989074 0.040408 0.026735 0.139657
0.988342 0.040896 0.028993 0.144052
0.988342 0.040896 0.028993 0.144052
0.986571 0.043154 0.033266 0.154306
0.985595 0.044619 0.034670 0.159678
0.984679 0.045962 0.035586 0.164683
0.984679 0.045962 0.035586 0.164683
0.983825 0.046756 0.036501 0.169261
0.983092 0.047366 0.037722 0.173350
0.981688 0.048282 0.040164 0.180248
0.981688 0.048282 0.040164 0.180248
0.981017 0.048892 0.040774 0.183605
0.980345 0.049503 0.040408 0.186901
0.979674 0.049991 0.039736 0.190380
0.978942 0.050601 0.039126 0.194287
0.977843 0.051517 0.038577 0.199414
0.976561 0.052860 0.038210 0.205518
0.974974 0.054508 0.038393 0.212354
0.973265 0.056278 0.038699 0.219679
0.971495 0.057987 0.039065 0.226820
0.969603 0.059208 0.039675 0.234328
0.967771 0.060123 0.040042 0.241531
0.966001 0.060856 0.040103 0.248367
0.964231 0.061588 0.040103 0.254837
0.962400 0.062504 0.039980 0.261491
0.960569 0.063541 0.039858 0.268022
0.958616 0.064762 0.039675 0.274553
0.958616 0.064762 0.039675 0.274553
0.953061 0.066532 0.040042 0.292742
0.953061 0.066532 0.040042 0.292742
0.948727 0.066654 0.040713 0.306537
0.948727 0.066654 0.040713 0.306537
0.946408 0.066593 0.041384 0.313557
0.943905 0.066349 0.042178 0.320942
0.938717 0.066227 0.043582 0.335592
0.938717 0.066227 0.043582 0.335592
0.936275 0.065922 0.043826 0.342428
0.933895 0.065128 0.044070 0.349020
0.931453 0.064091 0.044436 0.355551
0.929134 0.063114 0.044925 0.361716
0.926753 0.062077 0.045718 0.367759
0.924312 0.060917 0.046878 0.373985
0.921748 0.059513 0.048221 0.380394
0.919001 0.057926 0.049258 0.386987
0.916316 0.056156 0.050174 0.393457
0.913691 0.054691 0.051273 0.399622
0.911127 0.053531 0.052493 0.405359
0.908930 0.052799 0.053653 0.410303
0.906977 0.052310 0.055057 0.414454
0.905817 0.051822 0.056217 0.416835
0.904230 0.050845 0.057438 0.420192
0.902765 0.049625 0.058780 0.423305
0.901422 0.048465 0.059574 0.426173
0.900140 0.047183 0.060062 0.428920
0.899042 0.045901 0.060551 0.431362
0.897699 0.044558 0.061283 0.434170
0.896234 0.043032 0.062504 0.437222
0.896234 0.043032 0.062504 0.437222
0.892755 0.040042 0.064030 0.444363
0.891351 0.038516 0.063480 0.447354
0.891351 0.038516 0.063480 0.447354
0.888116 0.034975 0.062138 0.454251
0.886285 0.033266 0.062260 0.457853
0.884331 0.031801 0.062504 0.461637
0.883416 0.030397 0.062870 0.463468
0.881585 0.029177 0.062748 0.467070
0.879814 0.027956 0.062382 0.470427
0.878105 0.026613 0.062565 0.473784
0.876274 0.025514 0.062626 0.477141
0.874565 0.025026 0.062016 0.480376
0.872551 0.024171 0.062687 0.483977
0.870475 0.023134 0.063725 0.487640
0.868461 0.022462 0.064274 0.491180
0.866569 0.021669 0.065128 0.494415
0.865043 0.020997 0.065800 0.496979
0.863517 0.020387 0.065983 0.499725
0.862174 0.019777 0.065800 0.502106
0.860770 0.018983 0.065434 0.504608
0.859122 0.018006 0.065190 0.507416
0.858451 0.017030 0.065312 0.508576
0.856620 0.016297 0.065190 0.511689
0.854911 0.015748 0.064945 0.514619
0.853385 0.015382 0.064640 0.517121
0.851920 0.014832 0.064884 0.519563
0.851065 0.014222 0.065556 0.520906
0.849356 0.013856 0.066166 0.523592
0.849356 0.013856 0.066166 0.523592
0.847647 0.013734 0.066593 0.526277
0.844595 0.013123 0.066105 0.531282
0.844290 0.012757 0.065617 0.531771
0.842947 0.012574 0.065006 0.534029
0.841543 0.012940 0.064152 0.536288
0.840078 0.013612 0.063541 0.538668
0.838430 0.014222 0.063175 0.541232
0.837820 0.015016 0.062199 0.542330
0.835866 0.015809 0.060856 0.545382
0.833852 0.016358 0.060123 0.548556
0.831899 0.016908 0.060001 0.551486
0.830068 0.017701 0.060306 0.554172
0.828420 0.018800 0.060001 0.556675
0.826650 0.019838 0.059635 0.559299
0.825185 0.020509 0.059147 0.561436
0.823903 0.021119 0.058780 0.563328
0.822560 0.022279 0.058109 0.565403
0.821522 0.023317 0.057316 0.566868
0.819874 0.024293 0.056583 0.569310
0.818104 0.024660 0.056583 0.571873
0.817005 0.024599 0.056278 0.573460
0.816151 0.024477 0.056095 0.574742
0.815602 0.024477 0.055728 0.575536
0.814686 0.024416 0.055057 0.576817
0.813770 0.024416 0.053958 0.578221
0.812733 0.024416 0.052616 0.579808
0.811451 0.024599 0.051151 0.581762
0.811268 0.024965 0.049930 0.582128
0.809925 0.025514 0.048587 0.584020
0.809925 0.025514 0.048587 0.584020
0.808948 0.026064 0.047000 0.585546
0.807361 0.026979 0.043521 0.587927
0.807361 0.026979 0.043521 0.587927
0.807422 0.027406 0.041751 0.587988
0.806018 0.027956 0.040164 0.589941
0.803333 0.029238 0.037539 0.593786
0.801990 0.030031 0.035830 0.595617
0.800891 0.030642 0.033816 0.597143
0.799731 0.031252 0.031679 0.598852
0.798633 0.031679 0.030031 0.600317
0.797778 0.032106 0.029177 0.601477
0.797107 0.033327 0.028322 0.602332
0.797473 0.034182 0.027162 0.601843
0.797290 0.034670 0.025453 0.602149
0.797229 0.034792 0.023866 0.602271
0.797229 0.034792 0.022890 0.602332
0.797168 0.034853 0.022218 0.602454
0.797046 0.035280 0.021364 0.602637
0.796741 0.035586 0.020509 0.603003
0.796496 0.035830 0.019532 0.603308
0.796374 0.036196 0.018800 0.603552
0.796191 0.037051 0.018312 0.603736
0.796313 0.037905 0.018006 0.603552
0.796313 0.038577 0.017701 0.603491
0.796435 0.039126 0.017396 0.603308
0.796618 0.039614 0.016969 0.603064
0.796863 0.039980 0.016480 0.602759
0.797717 0.040286 0.016114 0.601599
0.798083 0.040652 0.015870 0.601050
0.798511 0.041201 0.015565 0.600439
0.798877 0.041812 0.014832 0.600012
0.799243 0.041995 0.014222 0.599463
0.799243 0.041995 0.014222 0.599463
0.801624 0.042422 0.013856 0.596289
0.802539 0.043216 0.014222 0.595007
0.802844 0.043399 0.014588 0.594519
0.803089 0.043338 0.015321 0.594152
0.803882 0.043338 0.015931 0.593054
0.803882 0.043338 0.015931 0.593054
0.804187 0.043521 0.016297 0.592688
0.805103 0.044558 0.015443 0.591406
0.805530 0.044986 0.015077 0.590734
0.805530 0.044986 0.015077 0.590734
0.806141 0.045291 0.014588 0.589941
0.806385 0.045840 0.013856 0.589575
0.807056 0.046634 0.012757 0.588598
0.807422 0.047122 0.012208 0.588110
0.808216 0.047488 0.011719 0.586950
0.808216 0.047488 0.011719 0.586950
0.808582 0.047854 0.011231 0.586462
0.809437 0.048465 0.010987 0.585241
0.809864 0.048709 0.011658 0.584569
0.811573 0.049075 0.011658 0.582189
0.811817 0.049258 0.011842 0.581823
0.812122 0.049564 0.011903 0.581395
0.812489 0.049747 0.011842 0.580846
0.812977 0.049869 0.011719 0.580175
0.813648 0.050113 0.011536 0.579198
0.814259 0.050235 0.011231 0.578343
0.814747 0.050357 0.010926 0.577672
0.815113 0.050601 0.010560 0.577123
0.815357 0.050845 0.010132 0.576756
0.815602 0.050906 0.010255 0.576329
0.816090 0.051029 0.010377 0.575658
0.816517 0.051029 0.010316 0.575047
0.817005 0.051029 0.010438 0.574437
0.817433 0.051212 0.010438 0.573704
0.817982 0.051578 0.010560 0.572972
0.818531 0.052005 0.010804 0.572117
0.818898 0.052371 0.011048 0.571568
0.819142 0.052616 0.011475 0.571141
0.819386 0.052921 0.012025 0.570775
0.819996 0.053165 0.012391 0.569859
0.820424 0.053348 0.012330 0.569188
0.820851 0.053287 0.012025 0.568577
0.821400 0.052860 0.011964 0.567845
0.822133 0.052493 0.011719 0.566868
0.823048 0.051883 0.011414 0.565647
0.823720 0.051212 0.011109 0.564671
0.824330 0.050479 0.011353 0.563816
0.824879 0.049869 0.011903 0.563084
0.825368 0.049503 0.012330 0.562412
0.826100 0.049014 0.012879 0.561314
0.826772 0.048770 0.013490 0.560398
0.827626 0.048648 0.013917 0.559116
0.827626 0.048648 0.013917 0.559116
0.828542 0.048526 0.014527 0.557773
0.829213 0.048526 0.015016 0.556736
0.831533 0.047671 0.015870 0.553317
0.831533 0.047671 0.015870 0.553317
0.832204 0.047000 0.016419 0.552341
0.834646 0.045413 0.017945 0.548740
0.834646 0.045413 0.017945 0.548740
0.836416 0.044803 0.017945 0.546054
0.837514 0.044131 0.017579 0.544467
0.838918 0.043277 0.016664 0.542392
0.839346 0.043032 0.016542 0.541720
0.840566 0.042910 0.016603 0.539828
0.840872 0.042544 0.016847 0.539401
0.841238 0.042178 0.016908 0.538851
0.841604 0.041629 0.016786 0.538302
0.841970 0.040957 0.016419 0.537814
0.842520 0.040286 0.015992 0.537081
0.843008 0.039614 0.015626 0.536349
0.843496 0.038943 0.015260 0.535555
0.844046 0.038210 0.014893 0.534884
0.844534 0.037295 0.014649 0.534151
0.845572 0.036684 0.014344 0.532503
0.846243 0.036440 0.013795 0.531527
0.846670 0.036379 0.013245 0.530794
0.846670 0.036379 0.013245 0.530794
0.846853 0.036623 0.013123 0.530550
0.846853 0.036929 0.013429 0.530550
0.847281 0.037173 0.014039 0.529817
0.847525 0.036990 0.014283 0.529390
0.847891 0.036623 0.014039 0.528841
0.848929 0.035586 0.013062 0.527254
0.849905 0.034975 0.012208 0.525728
0.850272 0.034426 0.011292 0.525179
0.850577 0.033755 0.010377 0.524812
0.850760 0.033083 0.009766 0.524568
0.851126 0.032290 0.009339 0.524019
0.852286 0.031740 0.008484 0.522188
0.853629 0.031435 0.008240 0.519990
0.854727 0.031252 0.007996 0.518220
0.855582 0.030642 0.007752 0.516816
0.856314 0.029848 0.007447 0.515656
0.857352 0.029482 0.007019 0.513947
0.858024 0.029421 0.006714 0.512849
0.858695 0.029604 0.006348 0.511689
0.859305 0.030031 0.005982 0.510590
0.859855 0.030397 0.005799 0.509675
0.860404 0.030825 0.005921 0.508759
0.860709 0.031252 0.006287 0.508210
0.860892 0.031252 0.007081 0.507843
0.861076 0.031069 0.008118 0.507660
0.861076 0.031069 0.008118 0.507660
0.861808 0.030764 0.010987 0.506256
0.862113 0.030703 0.012574 0.505768
0.862418 0.030886 0.013734 0.505219
0.862418 0.030886 0.013734 0.505219
0.862724 0.031252 0.014649 0.504608
0.863151 0.031740 0.015809 0.503815
0.863700 0.032106 0.017274 0.502838
0.864127 0.032473 0.018617 0.501984
0.864494 0.033083 0.020021 0.501251
0.865104 0.034426 0.023683 0.499969
0.865959 0.035280 0.025758 0.498321
0.866203 0.036379 0.028017 0.497711
0.866386 0.037661 0.030580 0.497101
0.866630 0.039431 0.033205 0.496429
0.866752 0.041629 0.036135 0.495758
0.867668 0.043887 0.039431 0.493744
0.867851 0.045840 0.042849 0.492889
0.868156 0.047793 0.045840 0.491973
0.868461 0.049686 0.048343 0.490997
0.868461 0.049686 0.048343 0.490997
0.869499 0.053409 0.052005 0.488372
0.869926 0.055301 0.052921 0.487334
0.870292 0.057560 0.053714 0.486358
0.870292 0.057560 0.053714 0.486358
0.870598 0.059757 0.054386 0.485381
0.871025 0.062016 0.054935 0.484344
0.872001 0.064396 0.055362 0.482207
0.872429 0.066593 0.055973 0.481047
0.872795 0.068852 0.056705 0.479949
0.873222 0.071049 0.057743 0.478789
0.873466 0.073247 0.058903 0.477812
0.873711 0.078069 0.061588 0.476286
0.873711 0.080449 0.063236 0.475676
0.873711 0.080449 0.063236 0.475676
0.873650 0.082647 0.065251 0.475127
0.873527 0.084783 0.067570 0.474699
0.873283 0.086980 0.069767 0.474455
0.873039 0.088934 0.071965 0.474211
0.872856 0.090521 0.073979 0.473906
0.872795 0.091986 0.075688 0.473479
0.872795 0.093451 0.076970 0.472990
0.873039 0.094977 0.078069 0.472014
0.873100 0.096625 0.078862 0.471464
0.873100 0.098395 0.079656 0.470915
0.873100 0.100104 0.080632 0.470427
0.872978 0.103278 0.083257 0.469511
0.872978 0.103278 0.083257 0.469511
0.872978 0.104743 0.084356 0.469023
0.872978 0.106147 0.085515 0.468473
0.872978 0.107673 0.086492 0.467924
0.873039 0.110847 0.088628 0.466642
0.873100 0.112312 0.089727 0.465971
0.873100 0.112312 0.089727 0.465971
0.873161 0.115180 0.091864 0.464750
0.873161 0.115180 0.091864 0.464750
0.873344 0.118171 0.093451 0.463407
0.873283 0.119575 0.094366 0.462858
0.873283 0.119575 0.094366 0.462858
0.873039 0.122322 0.096808 0.462186
0.873039 0.122322 0.096808 0.462186
0.872551 0.124702 0.099005 0.462003
0.872429 0.125862 0.099982 0.461698
0.872429 0.125862 0.099982 0.461698
0.872429 0.125862 0.099982 0.461698
0.872063 0.127693 0.102057 0.461454
0.871818 0.128609 0.102973 0.461393
0.872001 0.130989 0.103827 0.460172
0.872001 0.130989 0.103827 0.460172
0.872124 0.132271 0.104010 0.459623
0.872124 0.133492 0.104438 0.459134
0.872124 0.134530 0.105170 0.458707
0.871879 0.135262 0.106208 0.458646
0.871879 0.135750 0.107489 0.458280
0.871818 0.136056 0.108893 0.457853
0.871879 0.136605 0.109931 0.457364
0.872063 0.137154 0.110908 0.456632
0.871879 0.137704 0.111884 0.456632
0.872063 0.138558 0.112678 0.455777
0.872185 0.139413 0.113654 0.455045
0.872246 0.140389 0.114692 0.454434
0.872246 0.141366 0.115791 0.453763
0.871330 0.142282 0.117256 0.454862
0.871330 0.143869 0.118232 0.454129
0.871330 0.145700 0.119148 0.453275
0.871330 0.147592 0.120186 0.452359
0.871391 0.149484 0.121040 0.451383
0.871330 0.151376 0.121773 0.450711
0.871391 0.153452 0.122322 0.449796
0.871452 0.155466 0.122749 0.448880
0.871513 0.157480 0.123238 0.447903
0.871574 0.159556 0.123726 0.446805
0.871330 0.161204 0.124763 0.446438
0.871513 0.162791 0.125740 0.445218
0.871696 0.164500 0.126595 0.443997
0.871696 0.164500 0.126595 0.443997
0.872124 0.167491 0.128548 0.441555
0.871269 0.168467 0.130196 0.442288
0.871391 0.169627 0.131600 0.441250
0.871574 0.170787 0.132760 0.440151
0.871696 0.171824 0.133736 0.439114
0.871818 0.172984 0.134347 0.438259
0.870964 0.173778 0.135140 0.439480
0.871086 0.174876 0.135506 0.438564
0.871269 0.175792 0.136239 0.437588
0.871452 0.176585 0.137215 0.436611
0.871635 0.177379 0.138375 0.435573
0.871330 0.177928 0.139718 0.435634
0.871513 0.178783 0.140573 0.434658
0.871635 0.179821 0.141183 0.433681
0.871818 0.180858 0.141732 0.432705
0.872001 0.182079 0.142099 0.431789
0.871513 0.183178 0.142465 0.432155
0.871635 0.184521 0.142526 0.431301
0.871635 0.184521 0.142526 0.431301
0.871757 0.187328 0.142709 0.429714
0.871818 0.188793 0.142831 0.428920
0.871879 0.190258 0.143197 0.428066
0.871879 0.191845 0.143502 0.427211
0.871879 0.193493 0.143686 0.426479
0.871879 0.193493 0.143686 0.426479
0.871696 0.196972 0.144540 0.424892
0.870659 0.198315 0.145517 0.426112
0.870659 0.198315 0.145517 0.426112
0.870598 0.202039 0.146371 0.424281
0.870537 0.204175 0.146432 0.423244
0.870475 0.206433 0.146310 0.422267
0.870109 0.208631 0.146493 0.421962
0.869987 0.210950 0.146860 0.420863
0.869926 0.213331 0.146921 0.419825
0.869804 0.215895 0.146860 0.418788
0.869743 0.218458 0.146615 0.417689
0.868705 0.220839 0.146921 0.418483
0.868522 0.223463 0.146982 0.417445
0.868278 0.226149 0.147226 0.416346
0.868095 0.228835 0.147409 0.415309
0.867912 0.231215 0.147531 0.414271
0.867485 0.233474 0.147592 0.413844
0.867485 0.235610 0.147226 0.412867
0.867424 0.238113 0.146188 0.411829
0.867363 0.240676 0.145150 0.410914
0.867179 0.243240 0.144540 0.409998
0.866081 0.245437 0.144662 0.410975
0.865714 0.247879 0.144845 0.410242
0.865714 0.247879 0.144845 0.410242
0.865165 0.250320 0.145761 0.409571
0.864127 0.254410 0.147165 0.408655
0.862601 0.256119 0.148019 0.410486
0.862601 0.256119 0.148019 0.410486
0.862296 0.258194 0.147775 0.409998
0.861869 0.262040 0.146310 0.408961
0.861564 0.263932 0.145883 0.408594
0.859366 0.264787 0.146860 0.412257
0.859061 0.266313 0.146615 0.412012
0.858695 0.267900 0.146432 0.411707
0.858268 0.269120 0.146982 0.411646
0.857779 0.270280 0.147775 0.411585
0.855765 0.270891 0.149484 0.414759
0.855277 0.272172 0.149850 0.414759
0.854850 0.273637 0.150156 0.414698
0.854361 0.275163 0.150400 0.414576
0.853812 0.276811 0.150766 0.414454
0.851859 0.277910 0.152048 0.417262
0.851187 0.279497 0.152719 0.417262
0.850516 0.281023 0.153574 0.417384
0.849722 0.282488 0.154673 0.417567
0.848990 0.284014 0.155527 0.417689
0.847403 0.285052 0.157114 0.419642
0.846792 0.286394 0.158091 0.419581
0.846304 0.287676 0.158945 0.419398
0.845755 0.288653 0.159922 0.419459
0.845205 0.289507 0.160960 0.419581
0.843435 0.289935 0.163035 0.422084
0.842886 0.290484 0.164500 0.422206
0.842398 0.291033 0.165782 0.422267
0.841848 0.291400 0.167185 0.422511
0.841360 0.291583 0.168834 0.422755
0.839102 0.291094 0.171336 0.426479
0.838918 0.291461 0.172374 0.426235
0.838918 0.291461 0.172374 0.426235
0.838735 0.291705 0.173228 0.426051
0.838247 0.292437 0.174388 0.426112
0.836294 0.292193 0.176158 0.429347
0.836294 0.292193 0.176158 0.429347
0.835989 0.292437 0.176952 0.429409
0.835561 0.293353 0.177806 0.429347
0.835317 0.293841 0.178111 0.429225
0.834585 0.294085 0.179088 0.430080
0.834402 0.294513 0.180187 0.429836
0.834096 0.294757 0.181469 0.429592
0.833974 0.295184 0.182323 0.429225
0.833913 0.295855 0.182811 0.428676
0.832815 0.296100 0.183910 0.430141
0.832815 0.296893 0.184032 0.429592
0.832631 0.297687 0.184398 0.429164
0.832326 0.298297 0.185375 0.428920
0.831960 0.298785 0.186718 0.428737
0.830983 0.298968 0.188366 0.429775
0.830678 0.299579 0.189159 0.429653
0.830678 0.299579 0.189159 0.429653
0.830129 0.301288 0.189648 0.429286
0.829763 0.302265 0.189953 0.429164
0.828298 0.302814 0.191357 0.430935
0.828298 0.302814 0.191357 0.430935
0.827809 0.303729 0.192211 0.430873
0.826711 0.305500 0.194287 0.430812
0.826161 0.306171 0.195385 0.430873
0.824879 0.306415 0.196911 0.432522
0.824391 0.307026 0.197827 0.432644
0.823903 0.307453 0.198682 0.432827
0.823476 0.307819 0.199536 0.432949
0.823109 0.308124 0.200146 0.433071
0.821950 0.308063 0.201245 0.434963
0.821950 0.308063 0.201245 0.434963
0.821766 0.308368 0.201306 0.434963
0.821705 0.308735 0.200818 0.435085
0.821705 0.308979 0.200269 0.435085
0.821461 0.308979 0.199780 0.435879
0.821583 0.308979 0.199170 0.435940
0.821705 0.308857 0.198559 0.436001
0.822011 0.308674 0.197766 0.436001
0.822438 0.308368 0.196545 0.435879
0.821705 0.307514 0.195935 0.438198
0.821705 0.307514 0.195935 0.438198
0.822316 0.307148 0.194348 0.437893
0.823903 0.306049 0.190808 0.437222
0.824818 0.305439 0.188732 0.436916
0.825063 0.304462 0.187023 0.437771
0.825917 0.303668 0.185131 0.437588
0.826711 0.302875 0.183361 0.437405
0.827504 0.302020 0.181652 0.437222
0.828298 0.301166 0.179821 0.437038
0.828847 0.300311 0.177623 0.437466
0.829824 0.299640 0.174876 0.437222
0.830800 0.298968 0.172191 0.436916
0.831716 0.298358 0.169566 0.436611
0.832570 0.297626 0.167124 0.436306
0.833242 0.296649 0.164988 0.436611
0.834096 0.295489 0.163035 0.436428
0.835073 0.294085 0.161143 0.436367
0.836050 0.292620 0.158884 0.436184
0.837148 0.291217 0.156260 0.436001
0.837881 0.289385 0.153879 0.436611
0.839102 0.287432 0.151315 0.436428
0.840383 0.285540 0.148508 0.436245
0.841604 0.283587 0.145822 0.436062
0.842825 0.281511 0.142953 0.435940
0.844168 0.279497 0.139840 0.435696
0.845450 0.277483 0.136666 0.435512
0.846670 0.275468 0.133492 0.435329
0.847952 0.273271 0.130562 0.435146
0.849234 0.270952 0.127632 0.435024
0.850150 0.268571 0.124886 0.435451
0.851309 0.266313 0.122078 0.435390
0.852347 0.264115 0.119514 0.435451
0.853324 0.261979 0.117195 0.435512
0.854239 0.259843 0.114875 0.435573
0.855155 0.257706 0.112373 0.435634
0.856253 0.255814 0.109443 0.435390
0.857291 0.254166 0.106025 0.435085
0.857291 0.254166 0.106025 0.435085
0.858268 0.252274 0.103278 0.434902
0.859183 0.250320 0.100897 0.434902
0.860709 0.246475 0.096869 0.434902
0.861503 0.244522 0.094854 0.434963
0.861503 0.244522 0.094854 0.434963
0.862235 0.242569 0.092779 0.435024
0.862968 0.240493 0.090704 0.435146
0.863639 0.238418 0.088323 0.435390
0.864433 0.236404 0.085454 0.435512
0.865348 0.234328 0.082219 0.435451
0.867179 0.230300 0.075261 0.435207
0.867179 0.230300 0.075261 0.435207
0.868095 0.227919 0.072026 0.435207
0.868950 0.225478 0.069157 0.435268
0.870353 0.220839 0.064518 0.435573
0.870903 0.218336 0.062992 0.435940
0.871452 0.215956 0.061649 0.436123
0.871940 0.213819 0.060123 0.436428
0.872429 0.211805 0.058597 0.436672
0.872917 0.209913 0.056644 0.436855
0.873405 0.208204 0.054325 0.436977
0.874382 0.206617 0.051700 0.436123
0.874809 0.204969 0.049380 0.436306
0.875237 0.202771 0.047549 0.436672
0.875725 0.200513 0.045779 0.436977
0.875725 0.200513 0.045779 0.436977
0.876701 0.195996 0.041812 0.437405
0.877312 0.193615 0.039980 0.437466
0.877861 0.191296 0.038027 0.437588
0.878350 0.189037 0.036074 0.437710
0.878350 0.189037 0.036074 0.437710
0.879570 0.185009 0.032290 0.437222
0.880059 0.182872 0.030825 0.437344
0.880425 0.180736 0.029482 0.437466
0.880791 0.178905 0.028139 0.437588
0.880791 0.178905 0.028139 0.437588
0.881768 0.175609 0.025453 0.437222
0.882195 0.173839 0.024171 0.437038
0.882683 0.171947 0.022768 0.436916
0.883233 0.169993 0.021364 0.436672
0.883233 0.169993 0.021364 0.436672
0.884331 0.165965 0.018800 0.436123
0.884820 0.163889 0.017518 0.435940
0.885308 0.161753 0.016114 0.435818
0.885796 0.159678 0.014527 0.435696
0.885796 0.159678 0.014527 0.435696
0.887078 0.155161 0.011353 0.434719
0.887444 0.153024 0.009766 0.434841
0.887688 0.151010 0.008301 0.434963
0.887994 0.149057 0.007081 0.435146
0.887994 0.149057 0.007081 0.435146
0.888909 0.144540 0.004944 0.434780
0.889214 0.142037 0.003723 0.434963
0.889764 0.139718 0.002442 0.434658
0.889764 0.139718 0.002442 0.434658
0.890130 0.137521 0.000610 0.434536
0.890496 0.135262 -0.001465 0.434475
0.891168 0.130318 -0.005616 0.434719
0.891229 0.127876 -0.007813 0.435207
0.891290 0.125435 -0.009949 0.435696
0.891412 0.123115 -0.012147 0.436184
0.891595 0.120796 -0.014344 0.436367
0.891656 0.118232 -0.016297 0.436855
0.891778 0.115425 -0.018068 0.437222
0.891839 0.112739 -0.020265 0.437710
0.891839 0.110053 -0.022523 0.438259
0.892266 0.107245 -0.024721 0.438076
0.892144 0.104621 -0.026674 0.438809
0.891961 0.101874 -0.028383 0.439663
0.891778 0.099005 -0.029726 0.440579
0.891778 0.099005 -0.029726 0.440579
0.891473 0.092657 -0.032900 0.442471
0.891290 0.089422 -0.034914 0.443264
0.891107 0.086248 -0.037356 0.444058
0.890924 0.082952 -0.039736 0.444851
0.890924 0.082952 -0.039736 0.444851
0.890740 0.079656 -0.041995 0.445645
0.890435 0.073247 -0.044864 0.447110
0.890435 0.073247 -0.044864 0.447110
0.890252 0.069951 -0.045413 0.447964
0.890069 0.066715 -0.045718 0.448758
0.889825 0.063541 -0.046084 0.449612
0.889825 0.060245 -0.046573 0.450101
0.889581 0.056949 -0.047244 0.450833
0.889398 0.053653 -0.048160 0.451627
0.889092 0.050357 -0.048953 0.452420
0.888787 0.047122 -0.049564 0.453275
0.888909 0.043887 -0.049930 0.453336
0.888543 0.040713 -0.050174 0.454312
0.888238 0.037661 -0.050052 0.455289
0.887872 0.034670 -0.049747 0.456266
0.887078 0.029055 -0.048404 0.458219
0.886773 0.026430 -0.047732 0.459073
0.886773 0.023805 -0.046267 0.459440
0.886651 0.021364 -0.045047 0.459867
0.886651 0.021364 -0.045047 0.459867
0.886529 0.015992 -0.042849 0.460538
0.886529 0.013123 -0.041812 0.460721
0.886529 0.010316 -0.040835 0.460844
0.886529 0.010316 -0.040835 0.460844
0.886529 0.007203 -0.039980 0.461027
0.886468 0.004090 -0.039431 0.461210
0.886529 -0.002075 -0.038882 0.461210
0.886468 -0.005188 -0.038638 0.461271
0.886468 -0.005188 -0.038638 0.461271
0.886468 -0.008545 -0.038393 0.461271
0.886407 -0.011903 -0.038454 0.461271
0.886407 -0.018006 -0.039370 0.460966
0.886407 -0.018006 -0.039370 0.460966
0.886162 -0.020875 -0.040042 0.461332
0.885918 -0.023988 -0.040225 0.461576
0.885735 -0.027101 -0.040286 0.461820
0.886773 -0.030336 -0.040164 0.459501
0.886712 -0.033632 -0.039980 0.459501
0.886468 -0.036990 -0.040408 0.459623
0.886101 -0.040469 -0.041567 0.459989
0.885674 -0.044070 -0.043216 0.460355
0.885918 -0.047854 -0.045047 0.459318
0.885491 -0.051700 -0.047305 0.459501
0.885125 -0.055606 -0.049686 0.459501
0.884759 -0.059635 -0.052066 0.459440
0.884392 -0.063664 -0.054264 0.459379
0.884392 -0.067753 -0.056156 0.458524
0.884087 -0.072026 -0.057804 0.458219
0.883721 -0.076299 -0.059940 0.457914
0.883355 -0.080571 -0.062565 0.457670
0.882805 -0.084783 -0.065617 0.457425
0.882866 -0.089117 -0.068608 0.456021
0.882317 -0.093328 -0.071660 0.455899
0.881646 -0.097479 -0.074406 0.455838
0.880974 -0.101752 -0.076848 0.455838
0.880303 -0.105902 -0.079167 0.455777
0.880486 -0.110297 -0.081487 0.453885
0.879937 -0.114448 -0.083867 0.453519
0.879387 -0.118354 -0.086370 0.453092
0.878777 -0.122139 -0.088934 0.452786
0.878166 -0.126106 -0.091009 0.452542
0.877678 -0.129830 -0.092840 0.452054
0.877068 -0.133309 -0.094549 0.451871
0.876457 -0.136605 -0.096075 0.451749
0.875969 -0.139657 -0.097479 0.451444
0.875481 -0.142709 -0.099066 0.451138
0.875420 -0.145700 -0.100592 0.449918
0.874809 -0.148752 -0.102240 0.449734
0.874260 -0.151987 -0.103583 0.449429
0.874260 -0.151987 -0.103583 0.449429
0.873161 -0.158518 -0.106086 0.448697
0.872856 -0.161936 -0.107123 0.447781
0.872856 -0.161936 -0.107123 0.447781
0.871574 -0.168345 -0.109199 0.447476
0.870964 -0.171519 -0.109931 0.447232
0.870353 -0.174693 -0.110725 0.446988
0.869682 -0.177806 -0.111762 0.446805
0.869011 -0.180797 -0.113166 0.446621
0.868278 -0.183605 -0.114997 0.446438
0.867546 -0.186413 -0.117134 0.446133
0.866752 -0.189343 -0.119270 0.445828
0.865959 -0.192334 -0.121467 0.445523
0.864982 -0.195385 -0.123909 0.445340
0.864005 -0.198559 -0.126289 0.445218
0.863029 -0.201611 -0.128731 0.445034
0.862113 -0.204663 -0.130989 0.444851
0.861137 -0.207654 -0.133065 0.444668
0.860221 -0.210584 -0.135018 0.444546
0.859244 -0.213453 -0.137215 0.444363
0.858146 -0.216200 -0.139779 0.444302
0.857047 -0.219069 -0.142221 0.444241
0.855948 -0.221998 -0.144296 0.444241
0.854850 -0.224684 -0.146127 0.444363
0.853873 -0.227309 -0.147653 0.444424
0.852957 -0.229750 -0.148874 0.444546
0.852042 -0.232192 -0.149789 0.444668
0.851065 -0.234633 -0.150644 0.444973
0.850150 -0.237136 -0.151437 0.445218
0.849173 -0.239700 -0.152292 0.445401
0.848196 -0.242446 -0.153330 0.445462
0.847159 -0.245071 -0.154734 0.445462
0.846060 -0.247818 -0.156443 0.445401
0.845022 -0.250565 -0.158213 0.445279
0.843985 -0.253372 -0.159861 0.445096
0.842947 -0.256058 -0.161387 0.444912
0.841909 -0.258622 -0.162852 0.444851
0.840933 -0.261124 -0.164134 0.444790
0.839834 -0.263566 -0.165354 0.444912
0.838735 -0.266007 -0.166575 0.445157
0.837637 -0.268388 -0.167735 0.445279
0.836599 -0.270830 -0.168711 0.445462
0.835683 -0.273271 -0.169444 0.445340
0.834768 -0.275713 -0.170115 0.445340
0.833852 -0.277971 -0.170787 0.445401
0.832937 -0.280291 -0.171702 0.445401
0.831899 -0.282671 -0.172740 0.445279
0.830800 -0.285235 -0.174083 0.445218
0.830800 -0.285235 -0.174083 0.445218
0.829640 -0.287859 -0.175853 0.445034
0.827016 -0.292987 -0.180370 0.444790
0.825612 -0.295428 -0.182811 0.444668
0.824208 -0.298297 -0.185192 0.444424
0.822804 -0.301227 -0.187511 0.444119
0.821278 -0.304096 -0.190136 0.443814
0.819630 -0.307087 -0.193005 0.443631
0.817921 -0.310078 -0.195996 0.443386
0.816151 -0.313068 -0.199231 0.443081
0.814320 -0.315998 -0.202405 0.442898
0.812550 -0.318867 -0.205640 0.442654
0.810779 -0.321431 -0.208936 0.442532
0.809009 -0.323811 -0.212232 0.442471
0.807178 -0.326192 -0.215406 0.442532
0.805469 -0.328511 -0.218458 0.442410
0.803699 -0.330953 -0.221510 0.442227
0.801807 -0.333516 -0.224562 0.442166
0.799915 -0.336141 -0.227858 0.442044
0.798083 -0.338705 -0.231154 0.441677
0.796252 -0.341024 -0.234450 0.441433
0.794421 -0.343344 -0.237685 0.441128
0.792773 -0.345602 -0.240737 0.440762
0.791125 -0.347739 -0.243606 0.440396
0.789294 -0.349753 -0.246597 0.440457
0.787707 -0.351767 -0.249344 0.440151
0.786120 -0.353659 -0.252152 0.439907
0.784533 -0.355368 -0.255020 0.439663
0.783068 -0.357016 -0.257767 0.439358
0.783068 -0.357016 -0.257767 0.439358
0.781542 -0.358726 -0.260514 0.439053
0.778673 -0.361961 -0.265641 0.438381
0.777391 -0.363426 -0.267961 0.438076
0.776109 -0.364829 -0.270097 0.437893
0.774095 -0.365928 -0.272722 0.438931
0.772752 -0.367576 -0.274675 0.438625
0.771043 -0.369346 -0.277055 0.438686
0.769395 -0.370994 -0.279558 0.438625
0.767869 -0.372398 -0.282061 0.438442
0.765733 -0.373314 -0.285052 0.439480
0.764146 -0.374596 -0.287432 0.439602
0.762559 -0.375938 -0.289629 0.439724
0.761033 -0.377403 -0.291644 0.439846
0.759568 -0.378624 -0.293536 0.440090
0.758225 -0.379601 -0.295245 0.440457
0.757004 -0.380455 -0.296710 0.440762
0.755967 -0.381310 -0.297748 0.441128
0.754990 -0.382225 -0.298602 0.441433
0.754074 -0.383141 -0.299335 0.441738
0.752854 -0.383690 -0.300372 0.442593
0.752060 -0.384240 -0.301227 0.442898
0.751328 -0.384667 -0.302142 0.443203
0.750656 -0.384972 -0.302936 0.443447
0.750168 -0.385216 -0.303485 0.443692
0.749802 -0.385399 -0.303729 0.443997
0.749619 -0.385583 -0.303607 0.444302
0.749557 -0.385644 -0.303119 0.444668
0.749435 -0.385644 -0.302387 0.445340
0.749069 -0.385705 -0.301715 0.446377
0.748764 -0.385277 -0.300922 0.447720
0.748764 -0.385277 -0.300922 0.447720
0.749924 -0.384057 -0.298358 0.448636
0.750534 -0.383446 -0.296771 0.449124
0.751206 -0.382653 -0.295184 0.449673
0.751755 -0.381493 -0.293719 0.450772
0.752609 -0.380455 -0.291827 0.451383
0.753403 -0.379296 -0.289813 0.452420
0.754563 -0.378136 -0.287310 0.452970
0.756150 -0.376549 -0.284685 0.453397
0.756821 -0.373924 -0.282976 0.455472
0.758286 -0.371727 -0.280535 0.456388
0.759629 -0.369651 -0.278093 0.457242
0.761216 -0.367576 -0.275530 0.457914
0.762742 -0.365318 -0.272966 0.458646
0.763535 -0.362632 -0.270768 0.460721
0.765183 -0.360496 -0.267778 0.461393
0.766831 -0.358359 -0.264787 0.462125
0.768480 -0.356101 -0.261674 0.462919
0.770128 -0.353598 -0.258561 0.463773
0.772020 -0.351035 -0.255204 0.464506
0.773973 -0.348227 -0.251785 0.465177
0.775987 -0.345297 -0.248367 0.465849
0.778185 -0.342245 -0.244888 0.466337
0.780382 -0.338888 -0.241531 0.466825
0.781908 -0.335042 -0.238723 0.468595
0.784105 -0.331380 -0.235427 0.469145
0.786242 -0.327596 -0.232192 0.469816
0.788378 -0.323811 -0.228957 0.470488
0.790515 -0.319722 -0.225905 0.471159
0.792712 -0.315388 -0.222853 0.471831
0.794909 -0.310871 -0.219862 0.472502
0.797107 -0.306110 -0.216993 0.473234
0.797107 -0.306110 -0.216993 0.473234
0.799304 -0.301105 -0.214246 0.474028
0.801441 -0.295794 -0.211683 0.474883
0.805713 -0.285052 -0.206311 0.476592
0.805713 -0.285052 -0.206311 0.476592
0.807911 -0.279863 -0.203259 0.477263
0.812244 -0.269548 -0.196484 0.478667
0.814442 -0.264298 -0.193066 0.479277
0.816578 -0.259049 -0.189831 0.479827
0.818592 -0.253739 -0.186779 0.480376
0.820546 -0.248428 -0.183971 0.480925
0.822438 -0.243240 -0.181163 0.481353
0.824391 -0.238174 -0.178172 0.481658
0.826283 -0.232924 -0.175121 0.482085
0.828237 -0.227675 -0.172008 0.482451
0.830129 -0.222304 -0.168650 0.482818
0.832082 -0.216871 -0.165293 0.483123
0.834096 -0.211378 -0.161753 0.483306
0.836050 -0.205884 -0.158213 0.483489
0.838003 -0.200269 -0.154611 0.483550
0.840017 -0.194470 -0.151071 0.483611
0.841970 -0.188610 -0.147531 0.483611
0.843863 -0.182811 -0.143869 0.483611
0.845816 -0.177013 -0.140206 0.483489
0.847708 -0.171031 -0.136605 0.483306
0.849600 -0.165110 -0.133187 0.482940
0.851492 -0.159373 -0.129769 0.482573
0.853263 -0.153940 -0.126350 0.482085
0.854911 -0.148447 -0.123176 0.481658
0.856498 -0.143014 -0.120186 0.481353
0.857963 -0.137704 -0.117317 0.480925
0.857963 -0.137704 -0.117317 0.480925
0.860892 -0.127815 -0.112128 0.479705
0.862235 -0.123360 -0.109687 0.478972
0.863578 -0.119026 -0.107489 0.478179
0.863578 -0.119026 -0.107489 0.478179
0.864860 -0.114692 -0.105414 0.477385
0.866142 -0.110358 -0.103461 0.476470
0.867668 -0.106147 -0.101508 0.475127
0.868888 -0.101996 -0.099982 0.474028
0.870109 -0.097906 -0.098822 0.472990
0.872368 -0.090948 -0.096625 0.470610
0.872368 -0.090948 -0.096625 0.470610
0.873711 -0.087896 -0.095526 0.468901
0.874809 -0.084844 -0.094305 0.467741
0.876946 -0.078435 -0.091864 0.465299
0.878044 -0.075139 -0.090948 0.463957
0.879692 -0.072026 -0.090032 0.461454
0.880852 -0.068913 -0.089361 0.459806
0.882012 -0.065861 -0.088567 0.458280
0.883111 -0.062992 -0.087408 0.456754
0.884148 -0.060001 -0.086431 0.455289
0.885186 -0.056766 -0.085882 0.453763
0.886162 -0.053531 -0.085577 0.452359
0.887200 -0.050601 -0.085088 0.450833
0.888177 -0.048038 -0.084356 0.449246
0.889153 -0.045779 -0.083562 0.447659
0.890801 -0.043704 -0.082769 0.444851
0.891595 -0.041140 -0.082219 0.443509
0.892388 -0.038332 -0.081853 0.442288
0.893121 -0.035586 -0.081487 0.441128
0.893121 -0.035586 -0.081487 0.441128
0.893853 -0.033022 -0.080877 0.439907
0.895318 -0.028810 -0.079839 0.437466
0.895868 -0.026979 -0.079473 0.436489
0.895868 -0.026979 -0.079473 0.436489
0.896417 -0.025209 -0.079167 0.435512
0.896844 -0.023439 -0.078801 0.434719
0.896844 -0.023439 -0.078801 0.434719
0.898736 -0.020692 -0.077214 0.431301
0.899042 -0.019349 -0.076604 0.430751
0.899347 -0.017884 -0.076054 0.430324
0.899591 -0.016114 -0.075688 0.429897
0.900446 -0.014222 -0.075444 0.428310
0.900629 -0.012147 -0.075139 0.428005
0.900873 -0.010316 -0.074467 0.427699
0.901117 -0.008729 -0.073308 0.427333
0.901483 -0.007325 -0.071843 0.426906
0.902826 -0.006104 -0.070134 0.424342
0.903314 -0.004883 -0.067997 0.423732
0.903742 -0.003418 -0.065861 0.423183
0.904169 -0.002075 -0.063358 0.422633
0.904596 -0.001160 -0.060245 0.422084
0.905268 -0.000305 -0.056766 0.421229
0.906549 0.001770 -0.048770 0.419398
0.907343 0.002442 -0.044192 0.418238
0.907343 0.002442 -0.044192 0.418238
0.909296 0.002930 -0.034121 0.414881
0.910029 0.002991 -0.028810 0.413722
0.910639 0.002930 -0.023378 0.412623
0.910639 0.002930 -0.023378 0.412623
0.911188 0.002625 -0.018068 0.411768
0.911616 0.002136 -0.012879 0.411036
0.912348 0.001587 -0.007996 0.409571
0.912653 0.000732 -0.002991 0.408899
0.912898 -0.000122 0.001953 0.408289
0.913081 -0.000855 0.006348 0.407862
0.913203 -0.001465 0.010560 0.407557
0.913630 -0.002197 0.014649 0.406397
0.913691 -0.003174 0.018739 0.406092
0.913813 -0.004090 0.022951 0.405664
0.913813 -0.005432 0.030336 0.405054
0.914301 -0.006470 0.034182 0.403711
0.914301 -0.006470 0.034182 0.403711
0.914240 -0.007752 0.037905 0.403467
0.914179 -0.009766 0.042788 0.403040
0.914179 -0.009766 0.042788 0.403040
0.914729 -0.012086 0.046878 0.401331
0.914729 -0.013306 0.048831 0.401086
0.914668 -0.014527 0.050845 0.400842
0.914668 -0.014527 0.050845 0.400842
0.914607 -0.015687 0.053043 0.400659
0.914790 -0.018495 0.058597 0.399377
0.914668 -0.020082 0.061954 0.399133
0.914423 -0.021730 0.065373 0.398950
0.914179 -0.023378 0.068730 0.398889
0.914179 -0.023378 0.068730 0.398889
0.913752 -0.026369 0.075322 0.398523
0.913752 -0.026369 0.075322 0.398523
0.913264 -0.028932 0.082952 0.397974
0.913264 -0.028932 0.082952 0.397974
0.912898 -0.030275 0.087469 0.397668
0.912470 -0.031557 0.091619 0.397668
0.912165 -0.032961 0.096197 0.397180
0.911738 -0.034670 0.101264 0.396692
0.911311 -0.036135 0.106025 0.396386
0.910761 -0.037722 0.110847 0.396203
0.910151 -0.039431 0.115913 0.395959
0.909418 -0.041384 0.121101 0.395776
0.908747 -0.043399 0.126106 0.395532
0.908136 -0.045352 0.130684 0.395349
0.907648 -0.046512 0.134225 0.395105
0.907160 -0.047366 0.136971 0.395166
0.906733 -0.048160 0.139413 0.395166
0.906305 -0.049136 0.141915 0.395227
0.905817 -0.050235 0.144418 0.395227
0.905451 -0.051273 0.146799 0.395166
0.905085 -0.052066 0.148874 0.394983
0.905023 -0.052799 0.150522 0.394433
0.904901 -0.053531 0.152414 0.393884
0.904779 -0.054447 0.154550 0.393274
0.904352 -0.056095 0.156565 0.393212
0.904352 -0.056095 0.156565 0.393212
0.903925 -0.057987 0.159128 0.392907
0.903925 -0.057987 0.159128 0.392907
0.903559 -0.059147 0.160837 0.392907
0.903192 -0.060123 0.162424 0.392907
0.902887 -0.061100 0.163767 0.392846
0.903192 -0.062443 0.165965 0.391137
0.903192 -0.062443 0.165965 0.391137
0.903192 -0.062443 0.165965 0.391137
0.902643 -0.064457 0.170237 0.390099
0.902216 -0.065556 0.172191 0.390099
0.901727 -0.066654 0.174571 0.390038
0.901178 -0.067692 0.176708 0.390038
0.900690 -0.068791 0.178783 0.390099
0.900140 -0.070195 0.181041 0.390038
0.899652 -0.071660 0.183300 0.389916
0.900018 -0.072697 0.185802 0.387597
0.899591 -0.074223 0.188793 0.386864
0.899042 -0.075627 0.191723 0.386437
0.898553 -0.076787 0.193859 0.386376
0.897882 -0.078191 0.196667 0.386254
0.897149 -0.079473 0.199719 0.386071
0.896356 -0.080815 0.202832 0.385949
0.895562 -0.082097 0.206006 0.385888
0.894891 -0.083074 0.208570 0.385827
0.894220 -0.083928 0.211133 0.385827
0.893609 -0.084783 0.213575 0.385705
0.893060 -0.085638 0.216139 0.385461
0.892572 -0.086370 0.219374 0.384484
0.891961 -0.087041 0.222120 0.384118
0.891351 -0.087835 0.224623 0.384057
0.890618 -0.088751 0.227553 0.383751
0.889825 -0.089666 0.230605 0.383507
0.888909 -0.090887 0.234084 0.383263
0.887872 -0.092230 0.237930 0.382958
0.886956 -0.093267 0.241348 0.382714
0.886285 -0.093939 0.244339 0.382225
0.885552 -0.094671 0.248245 0.381249
0.884575 -0.095526 0.252152 0.380638
0.883599 -0.096564 0.255631 0.380455
0.882500 -0.097784 0.259415 0.380089
0.881401 -0.098822 0.263322 0.379723
0.880364 -0.099615 0.266801 0.379479
0.879143 -0.100592 0.270524 0.379357
0.877922 -0.101569 0.274492 0.379112
0.876824 -0.102301 0.278154 0.378746
0.875603 -0.103278 0.283220 0.377525
0.873955 -0.104743 0.288836 0.376732
0.872612 -0.105719 0.292804 0.376488
0.871452 -0.106635 0.296161 0.376305
0.870109 -0.107795 0.299884 0.376122
0.868705 -0.108893 0.303913 0.375755
0.867179 -0.110114 0.308124 0.375511
0.865898 -0.111091 0.311665 0.375267
0.864982 -0.111640 0.314228 0.375145
0.864250 -0.112128 0.316365 0.374901
0.864311 -0.111884 0.318989 0.372581
0.863273 -0.112617 0.322468 0.371727
0.862357 -0.113471 0.325032 0.371422
0.861503 -0.114509 0.327352 0.370994
0.860587 -0.115791 0.329793 0.370567
0.859611 -0.117012 0.332479 0.370079
0.858634 -0.118232 0.335042 0.369651
0.857901 -0.119148 0.336935 0.369346
0.857230 -0.120125 0.338522 0.369041
0.856376 -0.121345 0.340597 0.368736
0.855643 -0.122322 0.342672 0.368248
0.854789 -0.123238 0.344626 0.368125
0.853812 -0.124092 0.346884 0.367942
0.852774 -0.125130 0.349326 0.367759
0.851553 -0.126289 0.352133 0.367393
0.850150 -0.127632 0.355551 0.366966
0.848257 -0.129341 0.359885 0.366477
0.846487 -0.130684 0.363914 0.366172
0.845022 -0.131600 0.367210 0.365928
0.843679 -0.132393 0.370079 0.365806
0.842398 -0.133248 0.373375 0.365135
0.840689 -0.134591 0.377159 0.364646
0.838918 -0.135995 0.381188 0.364097
0.836904 -0.137704 0.385522 0.363487
0.834951 -0.139047 0.390222 0.362449
0.833303 -0.139901 0.393884 0.361900
0.831472 -0.141000 0.397546 0.361716
0.829518 -0.142343 0.401453 0.361289
0.827077 -0.143808 0.406519 0.360801
0.824513 -0.145211 0.411524 0.360313
0.822316 -0.146432 0.415858 0.359946
0.820668 -0.147287 0.419032 0.359702
0.819508 -0.147897 0.421290 0.359458
0.818348 -0.148508 0.423427 0.359214
0.817005 -0.149301 0.425990 0.358909
0.815907 -0.149973 0.428310 0.358359
0.814625 -0.150766 0.430812 0.358054
0.813099 -0.151743 0.433681 0.357688
0.813099 -0.151743 0.433681 0.357688
0.811390 -0.152719 0.436733 0.357383
0.808277 -0.153940 0.443020 0.356162
0.808277 -0.153940 0.443020 0.356162
0.806995 -0.154489 0.445340 0.355918
0.804737 -0.155527 0.449368 0.355551
0.803943 -0.155832 0.450772 0.355429
0.803638 -0.155771 0.451688 0.354880
0.803394 -0.155832 0.452115 0.354941
0.803211 -0.155893 0.452420 0.355063
0.802905 -0.155893 0.452847 0.355124
0.802844 -0.155710 0.452909 0.355246
0.803516 -0.154795 0.452542 0.354636
0.804126 -0.154245 0.451383 0.354941
0.804859 -0.153635 0.449918 0.355307
0.805957 -0.152658 0.447964 0.355796
0.807422 -0.151315 0.445340 0.356406
0.809925 -0.148752 0.442654 0.355063
0.811878 -0.147104 0.439114 0.355735
0.814259 -0.145150 0.434658 0.356528
0.816761 -0.143197 0.429897 0.357322
0.819264 -0.141183 0.425136 0.358054
0.822377 -0.138558 0.420009 0.358054
0.825185 -0.136300 0.414515 0.358909
0.827992 -0.134041 0.408961 0.359641
0.830678 -0.131844 0.403528 0.360374
0.832937 -0.130135 0.398950 0.360984
0.834768 -0.128609 0.395166 0.361350
0.836782 -0.126717 0.390893 0.362022
0.838979 -0.124825 0.386254 0.362632
0.841360 -0.122688 0.381066 0.363242
0.843985 -0.120430 0.375328 0.363853
0.846548 -0.118415 0.370201 0.363853
0.848318 -0.117012 0.365989 0.364402
0.849844 -0.115669 0.362449 0.364951
0.851126 -0.114387 0.359275 0.365501
0.851126 -0.114387 0.359275 0.365501
0.853873 -0.111823 0.353171 0.365745
0.855033 -0.110786 0.350180 0.366233
0.855033 -0.110786 0.350180 0.366233
0.856192 -0.109748 0.347311 0.366661
0.858634 -0.107489 0.341085 0.367393
0.860099 -0.106147 0.337606 0.367576
0.860099 -0.106147 0.337606 0.367576
0.863273 -0.103522 0.329488 0.368309
0.864860 -0.102240 0.325276 0.368675
0.866691 -0.100775 0.320271 0.369041
0.868644 -0.099249 0.315144 0.369285
0.870475 -0.097723 0.310078 0.369713
0.872063 -0.096380 0.305439 0.370201
0.873466 -0.095221 0.301166 0.370628
0.874626 -0.094183 0.297626 0.371116
0.875908 -0.092840 0.294207 0.371116
0.877007 -0.091619 0.290850 0.371483
0.877922 -0.090704 0.287859 0.371849
0.879021 -0.089666 0.284563 0.372093
0.880059 -0.088628 0.281145 0.372398
0.881157 -0.087530 0.277605 0.372764
0.882439 -0.085943 0.273698 0.372948
0.883721 -0.084356 0.269609 0.373253
0.884881 -0.082952 0.265702 0.373619
0.886040 -0.081426 0.261735 0.373985
0.886834 -0.080449 0.258500 0.374596
0.887505 -0.079534 0.256119 0.374840
0.888177 -0.078557 0.253861 0.375084
0.888909 -0.077458 0.251358 0.375267
0.888909 -0.077458 0.251358 0.375267
0.890496 -0.074834 0.245681 0.375694
0.891290 -0.073552 0.242874 0.375877
0.891961 -0.072636 0.240615 0.376000
0.891961 -0.072636 0.240615 0.376000
0.892633 -0.071782 0.238540 0.375938
0.893304 -0.071049 0.236282 0.375877
0.894464 -0.069645 0.231765 0.376061
0.895074 -0.068852 0.229628 0.376183
0.895074 -0.068852 0.229628 0.376183
0.895624 -0.067936 0.227431 0.376366
0.896112 -0.067204 0.225356 0.376549
0.896600 -0.066471 0.223463 0.376671
0.897027 -0.065922 0.221510 0.376854
0.897394 -0.065617 0.219984 0.376915
0.897760 -0.065312 0.218580 0.377037
0.898004 -0.065067 0.217298 0.377159
0.898187 -0.064701 0.215833 0.377587
0.898614 -0.063969 0.213941 0.377892
0.899103 -0.062992 0.211622 0.378136
0.899774 -0.061771 0.208753 0.378380
0.900385 -0.060734 0.205945 0.378624
0.901300 -0.059574 0.201672 0.378868
0.901788 -0.058903 0.199414 0.379051
0.902338 -0.057865 0.196728 0.379235
0.903009 -0.056583 0.193615 0.379479
0.903681 -0.055545 0.190808 0.379540
0.904230 -0.054874 0.188244 0.379540
0.904779 -0.054386 0.185680 0.379540
0.905390 -0.053714 0.182750 0.379601
0.906183 -0.052616 0.178966 0.379723
0.907038 -0.051212 0.174510 0.379845
0.908014 -0.049747 0.169627 0.380028
0.908991 -0.048099 0.164683 0.380089
0.909846 -0.046695 0.160044 0.380150
0.910639 -0.045108 0.155527 0.380333
0.911433 -0.043277 0.150705 0.380577
0.912226 -0.041201 0.145639 0.380883
0.913020 -0.039126 0.140512 0.381127
0.913813 -0.037234 0.135567 0.381249
0.914485 -0.035525 0.131112 0.381371
0.914851 -0.033816 0.126900 0.381981
0.915400 -0.031984 0.122688 0.382225
0.915827 -0.030336 0.118782 0.382470
0.916255 -0.028932 0.115363 0.382714
0.916255 -0.028932 0.115363 0.382714
0.916621 -0.026247 0.108954 0.383874
0.916865 -0.025087 0.106208 0.384118
0.917109 -0.023988 0.103583 0.384301
0.917414 -0.022829 0.101080 0.384362
0.917414 -0.022829 0.101080 0.384362
0.918025 -0.020509 0.096136 0.384362
0.918269 -0.019166 0.093389 0.384423
0.918574 -0.017701 0.090460 0.384484
0.918879 -0.016419 0.087591 0.384423
0.918879 -0.016419 0.087591 0.384423
0.919185 -0.015382 0.084966 0.384362
0.919185 -0.014466 0.080754 0.385399
0.919429 -0.013917 0.078618 0.385277
0.919429 -0.013917 0.078618 0.385277
0.919673 -0.013245 0.076238 0.385155
0.919917 -0.012391 0.073735 0.385094
0.920222 -0.010193 0.068303 0.385338
0.920466 -0.009217 0.065678 0.385338
0.920466 -0.009217 0.065678 0.385338
0.920649 -0.008362 0.063236 0.385338
0.920772 -0.007813 0.061283 0.385338
0.920833 -0.006897 0.057926 0.385766
0.920955 -0.006043 0.055606 0.385766
0.921138 -0.004883 0.052799 0.385766
0.921260 -0.003601 0.049869 0.385827
0.921443 -0.002564 0.047061 0.385766
0.921626 -0.001831 0.044436 0.385644
0.921809 -0.001038 0.041690 0.385522
0.921992 -0.000061 0.038760 0.385399
0.922114 0.001221 0.035525 0.385399
0.922053 0.002686 0.031984 0.385949
0.922114 0.004212 0.028688 0.385949
0.922236 0.005432 0.025819 0.385827
0.922359 0.006592 0.023073 0.385766
0.922359 0.006592 0.023073 0.385766
0.922359 0.008912 0.018251 0.385949
0.922420 0.010071 0.016236 0.385827
0.922481 0.011353 0.014466 0.385827
0.922481 0.012452 0.012818 0.385766
0.922481 0.012452 0.012818 0.385766
0.922542 0.014344 0.010316 0.385705
0.922603 0.015382 0.009217 0.385522
0.922664 0.016664 0.008057 0.385399
0.922664 0.018251 0.006348 0.385216
0.922664 0.018251 0.006348 0.385216
0.922664 0.021974 0.001770 0.385094
0.922725 0.023500 -0.000122 0.384850
0.922847 0.024782 -0.001709 0.384484
0.922969 0.026125 -0.003479 0.384118
0.922969 0.026125 -0.003479 0.384118
0.922847 0.028993 -0.007630 0.384240
0.922908 0.030275 -0.009705 0.383874
0.922969 0.031435 -0.011964 0.383507
0.923152 0.032473 -0.014466 0.383019
0.923152 0.032473 -0.014466 0.383019
0.923274 0.035158 -0.020204 0.382164
0.923335 0.036440 -0.022890 0.381676
0.923396 0.037661 -0.025514 0.381249
0.923457 0.038638 -0.027773 0.380883
0.923457 0.038638 -0.027773 0.380883
0.923457 0.040835 -0.032717 0.380272
0.923335 0.042361 -0.035647 0.380089
0.923213 0.044009 -0.038760 0.379967
0.923213 0.044009 -0.038760 0.379967
0.923091 0.045596 -0.041995 0.379723
0.922969 0.047000 -0.045169 0.379479
0.922481 0.049319 -0.050906 0.379723
0.922481 0.049319 -0.050906 0.379723
0.922359 0.050601 -0.054080 0.379357
0.922175 0.051883 -0.057438 0.379112
0.921931 0.053409 -0.061100 0.378868
0.921687 0.054996 -0.065067 0.378624
0.921382 0.056827 -0.069035 0.378319
0.921138 0.058536 -0.072880 0.377953
0.920894 0.060001 -0.076726 0.377587
0.920649 0.061405 -0.080388 0.377220
0.920344 0.062870 -0.084112 0.376854
0.920039 0.064579 -0.088079 0.376366
0.919795 0.066288 -0.091986 0.375877
0.919185 0.069340 -0.099432 0.374901
0.918574 0.070683 -0.102728 0.375145
0.918574 0.070683 -0.102728 0.375145
0.918269 0.072209 -0.106391 0.374657
0.917292 0.075871 -0.114204 0.373985
0.917292 0.075871 -0.114204 0.373985
0.916316 0.079412 -0.122017 0.373253
0.916316 0.079412 -0.122017 0.373253
0.915339 0.083196 -0.129952 0.372154
0.915339 0.083196 -0.129952 0.372154
0.914668 0.085515 -0.134591 0.371605
0.913935 0.087957 -0.139657 0.370933
0.913203 0.090277 -0.144601 0.370262
0.913203 0.090277 -0.144601 0.370262
0.911799 0.094488 -0.154428 0.368797
0.910944 0.096808 -0.159617 0.367942
0.909968 0.099432 -0.165415 0.367210
0.907953 0.102789 -0.171763 0.368309
0.906672 0.105597 -0.177928 0.367820
0.905512 0.107978 -0.183361 0.367332
0.904474 0.109931 -0.188305 0.366783
0.903559 0.111640 -0.192822 0.366172
0.902521 0.113471 -0.197400 0.365745
0.901300 0.115608 -0.202527 0.365257
0.900018 0.117866 -0.207654 0.364768
0.898920 0.120063 -0.212232 0.364158
0.897943 0.121956 -0.216322 0.363487
0.897027 0.123665 -0.220228 0.362876
0.896051 0.125252 -0.224135 0.362266
0.895074 0.126900 -0.228102 0.361716
0.894098 0.128304 -0.231765 0.361289
0.893121 0.129830 -0.235305 0.360801
0.892083 0.131600 -0.239272 0.360190
0.890740 0.133736 -0.243850 0.359580
0.890740 0.133736 -0.243850 0.359580
0.887505 0.138924 -0.254593 0.358176
0.885857 0.141366 -0.259843 0.357627
0.884270 0.143686 -0.264726 0.357077
0.884270 0.143686 -0.264726 0.357077
0.880669 0.148996 -0.275285 0.355796
0.878350 0.152292 -0.281633 0.355185
0.876030 0.155405 -0.287676 0.354636
0.873955 0.157847 -0.292437 0.354819
0.872673 0.159189 -0.295855 0.354453
0.871879 0.159983 -0.298236 0.354148
0.871025 0.160960 -0.300555 0.353781
0.869865 0.162608 -0.303546 0.353354
0.868278 0.164805 -0.307453 0.352866
0.866569 0.167063 -0.311665 0.352377
0.864799 0.169261 -0.315937 0.351828
0.863212 0.171214 -0.319844 0.351340
0.861747 0.172984 -0.323384 0.350729
0.860221 0.175060 -0.327046 0.350119
0.858512 0.177440 -0.330953 0.349326
0.856620 0.180126 -0.335226 0.348593
0.854727 0.182689 -0.339376 0.347922
0.853140 0.184582 -0.342855 0.347311
0.851737 0.186108 -0.345968 0.346823
0.850455 0.187328 -0.349081 0.346335
0.848807 0.188854 -0.352805 0.345724
0.846609 0.191235 -0.357505 0.344931
0.843924 0.194287 -0.363181 0.343832
0.840872 0.197766 -0.369041 0.343100
0.838491 0.200574 -0.373924 0.342062
0.838491 0.200574 -0.373924 0.342062
0.835378 0.203687 -0.380577 0.340475
0.834463 0.204419 -0.382653 0.339926
0.833669 0.205091 -0.384484 0.339437
0.833669 0.205091 -0.384484 0.339437
0.832570 0.206006 -0.386681 0.339071
0.830251 0.207837 -0.391381 0.338277
0.829335 0.208509 -0.393274 0.337972
0.828053 0.209546 -0.394922 0.338461
0.827016 0.210523 -0.396936 0.338033
0.827016 0.210523 -0.396936 0.338033
0.824025 0.214002 -0.402551 0.336507
0.821950 0.216261 -0.406275 0.335653
0.819264 0.219069 -0.410181 0.335714
0.816822 0.221388 -0.414454 0.334920
0.814503 0.223341 -0.418483 0.334249
0.812183 0.225295 -0.422450 0.333516
0.809986 0.227309 -0.426357 0.332601
0.807972 0.229079 -0.429836 0.331746
0.806202 0.230666 -0.432949 0.330953
0.804370 0.232253 -0.436123 0.330098
0.802600 0.233840 -0.439053 0.329305
0.800952 0.235488 -0.441922 0.328450
0.798816 0.237685 -0.445034 0.327718
0.798816 0.237685 -0.445034 0.327718
0.796618 0.239944 -0.448575 0.326741
0.791674 0.244705 -0.456083 0.324727
0.789416 0.246841 -0.459562 0.323750
0.787646 0.248306 -0.462308 0.322957
0.787646 0.248306 -0.462308 0.322957
0.784228 0.250992 -0.467863 0.321309
0.782396 0.252274 -0.470732 0.320515
0.780565 0.253494 -0.473662 0.319722
0.779039 0.254593 -0.476103 0.318989
0.779039 0.254593 -0.476103 0.318989
0.776109 0.256730 -0.480620 0.317585
0.774889 0.257706 -0.482390 0.317158
0.773729 0.258744 -0.483855 0.316792
0.774034 0.258500 -0.483306 0.317097
0.775743 0.256974 -0.480803 0.318013
0.778429 0.254410 -0.476897 0.319478
0.781847 0.250931 -0.471586 0.321614
0.786425 0.246353 -0.464506 0.324361
0.792224 0.240493 -0.455167 0.327901
0.799548 0.232924 -0.443264 0.331868
0.807911 0.223891 -0.429347 0.335958
0.816273 0.214552 -0.415125 0.339742
0.823598 0.206250 -0.402185 0.342794
0.828969 0.200391 -0.391076 0.346090
0.833425 0.195874 -0.382409 0.347739
0.833425 0.195874 -0.382409 0.347739
0.836904 0.192761 -0.375267 0.348898
0.843313 0.187389 -0.361716 0.350607
0.846426 0.184460 -0.354941 0.351645
0.846426 0.184460 -0.354941 0.351645
0.849417 0.181347 -0.348288 0.352744
0.854666 0.175365 -0.336324 0.354636
0.856986 0.172374 -0.331014 0.355490
0.859122 0.169505 -0.325581 0.356833
0.861503 0.166209 -0.319966 0.357688
0.863944 0.162791 -0.314167 0.358542
0.866142 0.159556 -0.308796 0.359275
0.867973 0.156931 -0.304218 0.359946
0.869438 0.154917 -0.300189 0.360679
0.870842 0.153086 -0.296466 0.361167
0.872246 0.151254 -0.292559 0.361716
0.873833 0.149240 -0.288226 0.362205
0.875481 0.147287 -0.283770 0.362632
0.876396 0.146005 -0.279253 0.364402
0.877800 0.144296 -0.274980 0.364951
0.879265 0.142465 -0.270402 0.365501
0.881035 0.140267 -0.265153 0.365989
0.881035 0.140267 -0.265153 0.365989
0.884820 0.135323 -0.253372 0.367088
0.886651 0.133004 -0.247330 0.367515
0.886651 0.133004 -0.247330 0.367515
0.888360 0.130989 -0.241714 0.367942
0.891290 0.127632 -0.230666 0.369041
0.892877 0.126045 -0.224623 0.369529
0.892877 0.126045 -0.224623 0.369529
0.895685 0.123360 -0.212721 0.370689
0.896722 0.122749 -0.207471 0.371300
0.897638 0.122566 -0.202771 0.371849
0.898248 0.122505 -0.197949 0.372948
0.899164 0.122261 -0.192944 0.373375
0.900140 0.122139 -0.187817 0.373741
0.901056 0.122261 -0.182628 0.374107
0.901727 0.122993 -0.177989 0.374413
0.902216 0.124214 -0.173778 0.374901
0.902643 0.125801 -0.169993 0.375023
0.903070 0.127571 -0.166514 0.375023
0.903375 0.129402 -0.163340 0.374962
0.903681 0.131050 -0.160410 0.374901
0.904047 0.132454 -0.157358 0.374840
0.904352 0.133736 -0.154489 0.374779
0.904596 0.135140 -0.151926 0.374779
0.904779 0.136666 -0.149667 0.374718
0.904901 0.138375 -0.147470 0.374657
0.905023 0.140084 -0.145211 0.374535
0.905329 0.141671 -0.142404 0.374351
0.905817 0.143258 -0.138924 0.373863
0.906183 0.145150 -0.135812 0.373436
0.906366 0.147470 -0.133187 0.373009
0.906488 0.150095 -0.130745 0.372520
0.906549 0.152902 -0.128609 0.371971
0.906611 0.155649 -0.126473 0.371422
0.906733 0.158030 -0.124153 0.370872
0.906916 0.160044 -0.121712 0.370384
0.907038 0.161814 -0.119331 0.370140
0.907221 0.163218 -0.117012 0.369835
0.907343 0.164317 -0.114692 0.369651
0.907648 0.165232 -0.112251 0.369346
0.907953 0.166087 -0.109748 0.369041
0.908014 0.167002 -0.107795 0.368919
0.908014 0.168101 -0.106452 0.368858
0.907892 0.169383 -0.105292 0.368858
0.907831 0.170543 -0.104010 0.368858
0.907892 0.171031 -0.101996 0.369041
0.908014 0.170970 -0.099554 0.369407
0.908198 0.170787 -0.097174 0.369774
0.908320 0.170604 -0.094793 0.370140
0.908442 0.170421 -0.092535 0.370445
0.908503 0.170360 -0.090399 0.370811
0.908442 0.170482 -0.088262 0.371483
0.908503 0.170482 -0.086004 0.371849
0.908625 0.170543 -0.083379 0.372154
0.908747 0.170604 -0.080632 0.372459
0.908808 0.170604 -0.077702 0.372887
0.908991 0.170543 -0.074651 0.373070
0.909052 0.170482 -0.071293 0.373558
0.909113 0.170543 -0.067814 0.374107
0.909113 0.170665 -0.064274 0.374657
0.909235 0.170665 -0.060184 0.375084
0.909113 0.170726 -0.055790 0.375938
0.909174 0.171153 -0.051944 0.376244
0.909235 0.171641 -0.048099 0.376427
0.909296 0.172069 -0.043948 0.376427
0.909418 0.172557 -0.039797 0.376427
0.909418 0.172923 -0.035647 0.376671
0.909479 0.173228 -0.031740 0.376671
0.909540 0.173411 -0.028017 0.376793
0.909601 0.173595 -0.024599 0.376854
0.909601 0.173595 -0.024599 0.376854
0.909418 0.174144 -0.019105 0.377342
0.909357 0.174449 -0.016847 0.377464
0.909296 0.174754 -0.014710 0.377525
0.909235 0.175182 -0.012757 0.377587
0.909174 0.175731 -0.010926 0.377587
0.909113 0.176402 -0.009034 0.377464
0.909052 0.177135 -0.007081 0.377220
0.909113 0.177745 -0.005066 0.376915
0.909113 0.178111 -0.003113 0.376732
0.909113 0.178539 -0.001282 0.376549
0.909113 0.179149 0.000610 0.376305
0.909052 0.179821 0.002503 0.376061
0.908991 0.180431 0.004334 0.375816
0.908991 0.181041 0.006104 0.375633
0.908930 0.181591 0.007813 0.375389
0.908259 0.182140 0.010316 0.376793
0.908198 0.182872 0.012391 0.376488
0.908198 0.182872 0.012391 0.376488
0.907953 0.184704 0.016236 0.376061
0.907831 0.185741 0.018617 0.375694
0.907526 0.186901 0.021180 0.375572
0.907343 0.188305 0.023622 0.375328
0.907038 0.189770 0.026064 0.375084
0.906794 0.191052 0.028627 0.374840
0.906549 0.192211 0.031191 0.374596
0.906183 0.193432 0.033510 0.374718
0.905817 0.194775 0.035647 0.374657
0.905451 0.195996 0.037966 0.374718
0.905085 0.197339 0.040347 0.374657
0.904718 0.198682 0.043216 0.374474
0.904413 0.199963 0.047122 0.374168
0.904108 0.201184 0.051578 0.373558
0.903742 0.202466 0.056156 0.373131
0.903253 0.203992 0.059940 0.372948
0.903253 0.203992 0.059940 0.372948
0.901788 0.207227 0.068119 0.373314
0.901178 0.208753 0.073125 0.372948
0.900568 0.210340 0.077764 0.372642
0.899896 0.211988 0.081853 0.372337
0.899896 0.211988 0.081853 0.372337
0.898431 0.215040 0.089788 0.372337
0.897882 0.216627 0.092779 0.371971
0.897394 0.218153 0.095709 0.371544
0.896905 0.219496 0.098639 0.371177
0.896905 0.219496 0.098639 0.371177
0.896173 0.221998 0.104743 0.369835
0.895807 0.222975 0.107367 0.369346
0.895440 0.223952 0.109443 0.368980
0.895440 0.223952 0.109443 0.368980
0.895135 0.224806 0.111457 0.368553
0.894891 0.225539 0.113410 0.368187
0.894281 0.225966 0.115608 0.368675
0.893975 0.226576 0.117561 0.368492
0.893548 0.227370 0.119331 0.368492
0.893121 0.228346 0.120979 0.368431
0.892633 0.229323 0.122627 0.368370
0.891717 0.229872 0.124763 0.369529
0.891229 0.230605 0.126595 0.369590
0.890740 0.231582 0.128121 0.369651
0.890252 0.232558 0.129769 0.369651
0.889764 0.233596 0.131661 0.369590
0.889153 0.234756 0.133431 0.369590
0.888543 0.236159 0.135079 0.369590
0.887933 0.237624 0.136788 0.369529
0.887200 0.239150 0.138680 0.369529
0.886468 0.240798 0.140756 0.369529
0.885552 0.242385 0.142831 0.369835
0.884759 0.243911 0.144906 0.369957
0.883904 0.245376 0.147043 0.370140
0.882988 0.246902 0.149362 0.370384
0.882012 0.248428 0.151926 0.370567
0.880974 0.249832 0.154611 0.371116
0.879998 0.251175 0.157175 0.371361
0.879143 0.252396 0.160044 0.371300
0.878288 0.253494 0.163096 0.371300
0.877373 0.254654 0.166026 0.371361
0.875908 0.255570 0.168956 0.372948
0.874931 0.256607 0.171397 0.373314
0.874016 0.257584 0.173778 0.373741
0.873100 0.258683 0.176036 0.374107
0.872124 0.259720 0.178295 0.374474
0.870720 0.260514 0.180736 0.376061
0.869804 0.261491 0.182811 0.376488
0.868950 0.262467 0.184948 0.376793
0.868034 0.263383 0.187145 0.377098
0.867240 0.264481 0.188976 0.377342
0.866325 0.265519 0.190930 0.377648
0.865653 0.266557 0.192700 0.377648
0.864860 0.267533 0.194287 0.377831
0.864127 0.268815 0.195752 0.377953
0.863273 0.270036 0.197644 0.378014
0.862296 0.271135 0.200024 0.378197
0.860343 0.273820 0.204602 0.378258
0.860343 0.273820 0.204602 0.378258
0.859366 0.275163 0.206678 0.378441
0.858390 0.276445 0.208570 0.378624
0.856070 0.279070 0.212782 0.379540
0.856070 0.279070 0.212782 0.379540
0.854972 0.280718 0.214796 0.379723
0.853934 0.282366 0.216627 0.379784
0.853018 0.283709 0.218214 0.379906
0.852042 0.284807 0.219862 0.380394
0.851126 0.286272 0.221266 0.380516
0.850027 0.288165 0.222853 0.380577
0.848868 0.290179 0.224806 0.380516
0.847769 0.292254 0.226698 0.380272
0.846060 0.293475 0.229079 0.381676
0.845022 0.294696 0.230971 0.381920
0.844046 0.295733 0.232863 0.382042
0.844046 0.295733 0.232863 0.382042
0.841421 0.298419 0.237869 0.382714
0.838979 0.299762 0.241043 0.385033
0.835866 0.303363 0.245865 0.385888
0.835866 0.303363 0.245865 0.385888
0.834035 0.305439 0.248917 0.386376
0.832021 0.307575 0.251969 0.386987
0.829885 0.310016 0.255265 0.387414
0.827565 0.312458 0.258805 0.388085
0.825551 0.314533 0.261735 0.388696
0.824147 0.316120 0.263749 0.389123
0.823109 0.317463 0.264848 0.389428
0.822255 0.318562 0.265641 0.389855
0.821705 0.319294 0.266130 0.390038
0.821522 0.319783 0.266007 0.390099
0.821583 0.320027 0.265519 0.390099
0.821828 0.320027 0.264909 0.390099
0.821583 0.319783 0.264848 0.390832
0.821644 0.320027 0.264420 0.390771
0.821705 0.320210 0.263871 0.390832
0.821889 0.320454 0.263200 0.390771
0.821950 0.320698 0.262589 0.390771
0.822011 0.320942 0.261918 0.390893
0.822133 0.321003 0.261307 0.390954
0.822377 0.320759 0.260758 0.391015
0.822743 0.320271 0.260148 0.391076
0.823231 0.319600 0.259537 0.391015
0.823842 0.318684 0.258622 0.391015
0.824696 0.317707 0.257401 0.390893
0.825673 0.316609 0.255936 0.390771
0.826527 0.315693 0.254532 0.390588
0.827138 0.314900 0.253739 0.390466
0.827504 0.313862 0.253311 0.390832
0.828176 0.312702 0.252579 0.390710
0.828969 0.311359 0.251724 0.390588
0.829885 0.310078 0.250565 0.390527
0.830983 0.308613 0.248917 0.390405
0.832143 0.306965 0.247207 0.390283
0.833425 0.305439 0.245193 0.390038
0.834829 0.303729 0.242813 0.389794
0.836416 0.301776 0.240310 0.389489
0.838125 0.299701 0.237502 0.389123
0.839895 0.297992 0.234695 0.388390
0.841116 0.296649 0.232558 0.388024
0.842153 0.295489 0.230727 0.387719
0.843252 0.294268 0.228835 0.387475
0.844412 0.292865 0.226759 0.387170
0.845572 0.291339 0.224745 0.386987
0.846731 0.289813 0.222670 0.386742
0.847952 0.288226 0.220595 0.386498
0.849173 0.286517 0.218580 0.386193
0.850394 0.284746 0.216566 0.385949
0.851553 0.282976 0.214552 0.385888
0.852774 0.281267 0.212354 0.385583
0.852774 0.281267 0.212354 0.385583
0.855582 0.277666 0.207105 0.384911
0.856925 0.275774 0.204663 0.384606
0.858207 0.274065 0.202283 0.384118
0.858207 0.274065 0.202283 0.384118
0.859488 0.272233 0.200024 0.383751
0.861930 0.268449 0.196179 0.383019
0.863029 0.266618 0.194409 0.382653
0.864066 0.264909 0.192578 0.382409
0.865165 0.263322 0.190441 0.382164
0.866142 0.261552 0.188671 0.381920
0.867118 0.259659 0.187328 0.381737
0.868095 0.258011 0.185802 0.381432
0.869194 0.256485 0.183849 0.380822
0.870231 0.254593 0.182018 0.380516
0.871391 0.252518 0.180187 0.380272
0.872612 0.250259 0.178172 0.379784
0.873955 0.247940 0.176097 0.379235
0.875053 0.245254 0.173900 0.379418
0.876579 0.242813 0.171031 0.378807
0.878105 0.240432 0.167918 0.378136
0.879631 0.238174 0.164744 0.377464
0.881096 0.235915 0.161692 0.376854
0.882439 0.233352 0.158945 0.376427
0.883721 0.230727 0.156321 0.376183
0.884881 0.228407 0.153757 0.375938
0.885857 0.226210 0.151560 0.375816
0.886773 0.224013 0.149728 0.375633
0.887627 0.221998 0.148202 0.375450
0.888543 0.219923 0.146676 0.375206
0.889398 0.217787 0.145150 0.374962
0.890435 0.215711 0.142953 0.374535
0.891656 0.213636 0.140084 0.373985
0.892877 0.210828 0.137704 0.373497
0.894098 0.207959 0.135262 0.373070
0.895196 0.204969 0.133248 0.372703
0.896234 0.202649 0.131356 0.372215
0.897211 0.200635 0.129525 0.371605
0.898004 0.198804 0.127693 0.371361
0.898859 0.197034 0.125923 0.370811
0.899652 0.195263 0.124336 0.370323
0.900446 0.193493 0.122749 0.369896
0.901178 0.191784 0.121223 0.369468
0.901911 0.190075 0.119697 0.369041
0.902582 0.188427 0.118293 0.368736
0.903192 0.186596 0.117195 0.368553
0.903742 0.184398 0.116401 0.368492
0.904352 0.181957 0.115608 0.368553
0.904962 0.179698 0.114692 0.368370
0.905573 0.177623 0.113776 0.368187
0.906183 0.175853 0.112739 0.367820
0.906794 0.174144 0.111762 0.367515
0.907343 0.172374 0.110725 0.367210
0.908259 0.170421 0.109687 0.366233
0.908869 0.168223 0.108832 0.365989
0.909479 0.165721 0.108039 0.365867
0.910151 0.163035 0.107306 0.365562
0.910883 0.160471 0.106452 0.365196
0.911616 0.157786 0.105536 0.364707
0.912348 0.154978 0.104804 0.364341
0.913081 0.151804 0.104071 0.364036
0.913935 0.148508 0.103095 0.363548
0.914851 0.144784 0.101813 0.363059
0.915827 0.140939 0.100226 0.362510
0.916865 0.137276 0.098395 0.361961
0.917781 0.133614 0.096686 0.361350
0.918696 0.129891 0.095221 0.360801
0.918696 0.129891 0.095221 0.360801
0.920344 0.122627 0.092413 0.359824
0.921138 0.118721 0.091375 0.359458
0.921138 0.118721 0.091375 0.359458
0.921809 0.115119 0.090093 0.359153
0.923152 0.108954 0.087286 0.358359
0.923885 0.106269 0.086004 0.357688
0.924434 0.103644 0.084722 0.357261
0.924922 0.101202 0.083684 0.356894
0.925410 0.099188 0.082586 0.356406
0.925899 0.097601 0.081365 0.355918
0.926509 0.096197 0.080083 0.355063
0.926936 0.094854 0.079045 0.354575
0.926936 0.094854 0.079045 0.354575
0.927669 0.091986 0.077458 0.353781
0.927913 0.090460 0.076970 0.353476
0.928096 0.089117 0.076360 0.353598
0.928096 0.089117 0.076360 0.353598
0.928340 0.087957 0.075505 0.353476
0.928646 0.084722 0.073857 0.353659
0.928768 0.082464 0.072880 0.354087
0.929500 0.080144 0.071721 0.352988
0.929622 0.077641 0.070805 0.353415
0.929744 0.075261 0.069828 0.353781
0.929927 0.073491 0.068180 0.354026
0.930110 0.071843 0.066288 0.354209
0.930416 0.070073 0.064640 0.354148
0.930599 0.068425 0.062931 0.354209
0.930782 0.067143 0.061222 0.354209
0.930965 0.066044 0.059757 0.354209
0.931148 0.064945 0.058353 0.354148
0.931453 0.063969 0.056827 0.353720
0.931575 0.062870 0.055362 0.353842
0.931697 0.061649 0.053958 0.354026
0.931820 0.060245 0.052677 0.354148
0.931942 0.058903 0.051273 0.354270
0.932979 0.057682 0.049625 0.351950
0.933162 0.056217 0.048160 0.351950
0.933285 0.054630 0.046634 0.352011
0.933468 0.052921 0.045047 0.352072
0.933590 0.051090 0.043277 0.352194
0.933834 0.049197 0.041384 0.352072
0.933956 0.047244 0.039553 0.352194
0.934139 0.045291 0.037722 0.352255
0.934261 0.043460 0.035769 0.352316
0.934383 0.041629 0.033877 0.352316
0.934872 0.039675 0.031984 0.351401
0.934994 0.037478 0.030580 0.351523
0.935055 0.035219 0.029177 0.351767
0.935055 0.033022 0.027834 0.352011
0.935116 0.030764 0.026796 0.352194
0.935177 0.028749 0.025331 0.352194
0.935238 0.026857 0.023744 0.352316
0.935299 0.024721 0.022218 0.352439
0.935299 0.022706 0.020509 0.352683
0.935299 0.020387 0.019288 0.352927
0.935482 0.018129 0.018006 0.352622
0.935482 0.015809 0.016542 0.352866
0.935421 0.013612 0.015077 0.353110
0.935421 0.011292 0.013917 0.353293
0.935421 0.011292 0.013917 0.353293
0.935726 0.006714 0.011719 0.352683
0.935604 0.004395 0.010438 0.352988
0.935543 0.002136 0.009095 0.353232
0.935482 -0.000183 0.007935 0.353415
0.935482 -0.000183 0.007935 0.353415
0.935360 -0.004517 0.005493 0.353842
0.935238 -0.006592 0.004029 0.354087
0.935238 -0.008668 0.002075 0.354148
0.935238 -0.008668 0.002075 0.354148
0.935116 -0.011048 -0.000244 0.354270
0.934994 -0.013673 -0.002808 0.354575
0.934994 -0.019227 -0.007874 0.354148
0.934872 -0.021852 -0.010377 0.354392
0.934872 -0.021852 -0.010377 0.354392
0.934688 -0.024477 -0.012879 0.354575
0.934444 -0.027406 -0.015199 0.354880
0.934688 -0.030397 -0.017396 0.353903
0.934444 -0.033144 -0.019471 0.354148
0.934200 -0.035952 -0.021669 0.354392
0.933651 -0.041995 -0.026064 0.354941
0.933651 -0.041995 -0.026064 0.354941
0.933956 -0.044986 -0.028078 0.353598
0.933651 -0.047916 -0.029970 0.353842
0.933101 -0.053775 -0.033449 0.354209
0.932796 -0.056644 -0.035219 0.354270
0.932613 -0.059391 -0.037295 0.354209
0.932369 -0.062138 -0.039431 0.354148
0.932064 -0.065128 -0.041567 0.354087
0.931820 -0.068119 -0.043704 0.353964
0.931820 -0.068119 -0.043704 0.353964
0.931331 -0.074284 -0.047916 0.353476
0.931087 -0.077275 -0.050235 0.353171
0.930782 -0.080266 -0.052860 0.352927
0.930782 -0.080266 -0.052860 0.352927
0.930477 -0.083013 -0.055912 0.352622
0.930110 -0.085699 -0.059330 0.352377
0.929805 -0.088323 -0.062992 0.351828
0.929439 -0.090887 -0.066838 0.351523
0.929012 -0.093695 -0.070439 0.351157
0.928157 -0.099127 -0.077275 0.350546
0.928157 -0.099127 -0.077275 0.350546
0.927791 -0.101691 -0.080510 0.349936
0.927364 -0.104315 -0.083806 0.349570
0.926387 -0.108771 -0.091253 0.349020
0.925899 -0.110908 -0.094732 0.348654
0.925716 -0.112983 -0.097967 0.347616
0.925288 -0.114997 -0.101202 0.347189
0.924861 -0.117317 -0.104071 0.346762
0.924373 -0.119636 -0.106879 0.346335
0.924373 -0.119636 -0.106879 0.346335
0.923457 -0.124153 -0.112251 0.345480
0.922969 -0.126167 -0.114997 0.345175
0.922481 -0.128121 -0.117561 0.344870
0.922481 -0.128121 -0.117561 0.344870
0.922053 -0.129952 -0.120125 0.344381
0.921626 -0.131966 -0.122871 0.343893
0.920344 -0.136605 -0.128670 0.343283
0.920344 -0.136605 -0.128670 0.343283
0.919734 -0.139108 -0.131600 0.342794
0.919123 -0.141610 -0.134591 0.342306
0.918452 -0.144174 -0.137399 0.341818
0.917903 -0.146615 -0.140145 0.341329
0.917231 -0.148996 -0.142709 0.340963
0.916560 -0.151376 -0.145150 0.340719
0.914973 -0.156748 -0.149911 0.340475
0.913996 -0.159434 -0.152841 0.340536
0.913020 -0.162180 -0.156076 0.340292
0.913020 -0.162180 -0.156076 0.340292
0.911249 -0.167124 -0.162363 0.339803
0.911249 -0.167124 -0.162363 0.339803
0.909662 -0.172130 -0.167124 0.339254
0.908869 -0.174815 -0.169017 0.339071
0.907953 -0.177501 -0.170970 0.339071
0.907953 -0.177501 -0.170970 0.339071
0.907099 -0.180065 -0.172984 0.339071
0.906183 -0.182506 -0.175121 0.339071
0.903681 -0.188122 -0.180309 0.339926
0.903681 -0.188122 -0.180309 0.339926
0.902582 -0.191418 -0.182567 0.339803
0.901361 -0.194409 -0.185253 0.339926
0.900201 -0.197217 -0.187939 0.339926
0.899042 -0.199902 -0.190563 0.339926
0.897882 -0.202649 -0.193249 0.339864
0.896417 -0.205518 -0.196484 0.340231
0.894769 -0.208448 -0.200208 0.340597
0.893365 -0.211317 -0.203504 0.340536
0.892022 -0.213697 -0.207166 0.340414
0.890618 -0.216017 -0.210767 0.340414
0.889214 -0.218336 -0.214063 0.340475
0.887933 -0.220717 -0.216932 0.340475
0.886651 -0.222975 -0.219618 0.340536
0.885491 -0.224989 -0.222182 0.340658
0.884270 -0.226882 -0.224623 0.340963
0.882988 -0.228652 -0.227187 0.341390
0.881585 -0.230422 -0.229933 0.342001
0.880120 -0.232253 -0.232619 0.342733
0.878594 -0.234206 -0.235305 0.343466
0.877129 -0.235915 -0.237930 0.344259
0.875664 -0.237258 -0.240493 0.345175
0.875664 -0.237258 -0.240493 0.345175
0.872185 -0.240371 -0.245132 0.348654
0.871391 -0.240982 -0.245804 0.349692
0.871391 -0.240982 -0.245804 0.349692
0.870292 -0.241775 -0.246475 0.351523
0.870292 -0.241775 -0.246475 0.351523
0.869438 -0.241165 -0.246841 0.353659
0.869438 -0.241165 -0.246841 0.353659
0.869316 -0.240554 -0.246780 0.354392
0.869316 -0.239822 -0.246536 0.355185
0.869316 -0.239822 -0.246536 0.355185
0.869316 -0.236709 -0.244156 0.358848
0.869316 -0.236709 -0.244156 0.358848
0.868766 -0.234817 -0.242874 0.362266
0.868766 -0.234817 -0.242874 0.362266
0.869316 -0.234206 -0.240554 0.362876
0.869926 -0.232680 -0.238662 0.363609
0.869865 -0.230727 -0.236831 0.366294
0.870659 -0.229262 -0.234206 0.366966
0.871452 -0.227309 -0.231826 0.367820
0.872185 -0.225233 -0.229506 0.368736
0.872978 -0.223219 -0.227126 0.369651
0.872978 -0.220839 -0.225172 0.372215
0.873772 -0.218885 -0.222609 0.373131
0.874565 -0.216993 -0.219740 0.373924
0.875237 -0.215223 -0.216993 0.375023
0.875481 -0.213087 -0.215284 0.376793
0.875908 -0.210950 -0.212721 0.378441
0.876824 -0.208509 -0.210096 0.379051
0.877678 -0.205579 -0.208021 0.379784
0.878594 -0.202832 -0.205701 0.380455
0.879509 -0.200146 -0.203259 0.381066
0.879509 -0.196789 -0.201184 0.383874
0.880059 -0.193798 -0.199109 0.385277
0.880913 -0.191418 -0.196240 0.386010
0.881829 -0.188976 -0.193310 0.386559
0.882622 -0.186169 -0.190991 0.387231
0.883111 -0.183483 -0.188610 0.388635
0.883965 -0.181102 -0.185802 0.389123
0.884820 -0.178661 -0.183056 0.389611
0.885796 -0.176036 -0.180187 0.389977
0.886712 -0.173350 -0.177318 0.390344
0.887444 -0.170421 -0.174571 0.391259
0.888360 -0.167430 -0.171885 0.391687
0.889337 -0.164256 -0.169078 0.391992
0.890313 -0.161265 -0.166148 0.392297
0.891229 -0.158274 -0.163218 0.392602
0.892022 -0.155344 -0.160166 0.393212
0.892999 -0.152536 -0.157053 0.393335
0.892999 -0.152536 -0.157053 0.393335
0.894037 -0.149484 -0.154184 0.393396
0.896112 -0.142892 -0.148813 0.393212
0.897027 -0.139657 -0.145883 0.393274
0.897027 -0.139657 -0.145883 0.393274
0.899225 -0.133492 -0.139657 0.392602
0.900324 -0.130013 -0.136727 0.392297
0.901361 -0.126412 -0.133919 0.392114
0.902338 -0.122810 -0.131234 0.391992
0.903131 -0.119392 -0.128914 0.391870
0.903925 -0.115974 -0.127144 0.391748
0.904657 -0.112434 -0.125557 0.391503
0.905512 -0.108649 -0.124275 0.391076
0.906244 -0.104743 -0.123054 0.390771
0.907038 -0.100836 -0.121773 0.390344
0.907892 -0.096991 -0.120063 0.389916
0.908808 -0.093206 -0.117805 0.389428
0.909723 -0.089300 -0.115058 0.389001
0.911188 -0.085332 -0.112128 0.387353
0.911982 -0.080938 -0.109565 0.387170
0.912653 -0.076421 -0.107306 0.387048
0.913264 -0.072148 -0.105231 0.386987
0.913813 -0.067387 -0.103461 0.387048
0.914179 -0.062443 -0.101691 0.387475
0.914668 -0.057316 -0.100043 0.387597
0.915095 -0.051883 -0.098456 0.387719
0.915583 -0.046756 -0.096441 0.387780
0.916072 -0.041873 -0.094061 0.387719
0.916926 -0.037356 -0.091314 0.386864
0.917475 -0.033022 -0.088506 0.386559
0.917475 -0.033022 -0.088506 0.386559
0.918025 -0.028993 -0.085515 0.386254
0.919123 -0.020936 -0.079839 0.385338
0.919856 -0.017030 -0.077092 0.384423
0.919856 -0.017030 -0.077092 0.384423
0.920222 -0.012757 -0.074651 0.384118
0.921016 -0.004273 -0.069828 0.383324
0.921565 -0.000061 -0.067448 0.382470
0.922359 0.004029 -0.064884 0.381005
0.922847 0.007691 -0.062687 0.380150
0.923396 0.010926 -0.060673 0.379112
0.924007 0.013795 -0.058658 0.377770
0.924678 0.016542 -0.056888 0.376305
0.925288 0.019349 -0.055362 0.374901
0.925899 0.022218 -0.053958 0.373436
0.926570 0.024599 -0.052310 0.371849
0.927242 0.026857 -0.050662 0.370201
0.927852 0.028810 -0.048953 0.368736
0.928401 0.030642 -0.047366 0.367454
0.928890 0.032534 -0.045962 0.366172
0.929378 0.034548 -0.044497 0.365013
0.929805 0.036745 -0.043093 0.363853
0.930172 0.039065 -0.041751 0.362754
0.931270 0.040957 -0.040225 0.360007
0.931759 0.042971 -0.038638 0.358664
0.932308 0.044558 -0.036745 0.357200
0.932857 0.045962 -0.035036 0.355796
0.933346 0.047305 -0.033632 0.354392
0.933956 0.048465 -0.032229 0.352805
0.934444 0.049686 -0.030825 0.351401
0.934994 0.050723 -0.029482 0.349936
0.935543 0.051883 -0.028261 0.348410
0.936153 0.053165 -0.027467 0.346701
0.936825 0.054386 -0.027284 0.344687
0.937313 0.055545 -0.027590 0.343039
0.937923 0.056522 -0.028200 0.341146
0.938656 0.057316 -0.028871 0.339071
0.939388 0.057926 -0.029970 0.336752
0.940426 0.058170 -0.031618 0.333577
0.941342 0.058170 -0.033266 0.330831
0.942318 0.057438 -0.034914 0.328084
0.943356 0.056461 -0.036623 0.325093
0.944455 0.055545 -0.038271 0.321919
0.945981 0.054752 -0.039980 0.317158
0.947201 0.054264 -0.041751 0.313435
0.948422 0.054569 -0.043826 0.309467
0.949582 0.055240 -0.045962 0.305378
0.949582 0.055240 -0.045962 0.305378
0.952268 0.056339 -0.050052 0.295916
0.953427 0.057132 -0.052249 0.291766
0.953427 0.057132 -0.052249 0.291766
0.954587 0.057865 -0.054019 0.287493
0.957151 0.058353 -0.055423 0.278398
0.958860 0.058170 -0.055912 0.272355
0.958860 0.058170 -0.055912 0.272355
0.961179 0.058353 -0.058231 0.263688
0.962217 0.059269 -0.060001 0.259110
0.963255 0.060612 -0.061832 0.254471
0.964353 0.061893 -0.063297 0.249527
0.965391 0.062870 -0.064213 0.244949
0.966490 0.063786 -0.064823 0.240371
0.967527 0.064579 -0.064945 0.235732
0.968748 0.065067 -0.064335 0.230910
0.970030 0.065434 -0.063603 0.225539
0.971129 0.065983 -0.063358 0.220595
0.972227 0.066715 -0.063664 0.215528
0.973265 0.067387 -0.064274 0.210279
0.974364 0.068058 -0.064579 0.204663
0.975707 0.068241 -0.063908 0.198376
0.976988 0.067753 -0.062931 0.192578
0.978026 0.067082 -0.062626 0.187389
0.978942 0.066471 -0.063114 0.182628
0.979918 0.065739 -0.063664 0.177318
0.981017 0.064945 -0.064152 0.171397
0.982116 0.063786 -0.064213 0.165415
0.983275 0.062260 -0.063847 0.159189
0.984435 0.060917 -0.063236 0.152719
0.985412 0.060001 -0.062992 0.146860
0.986571 0.059452 -0.063175 0.138802
0.987426 0.059513 -0.063358 0.132699
0.988219 0.059940 -0.063358 0.126350
0.989013 0.060306 -0.062565 0.119880
0.989807 0.060673 -0.061649 0.113654
0.990783 0.060612 -0.061039 0.105231
0.991455 0.060245 -0.060123 0.099615
0.992065 0.059818 -0.059513 0.094183
0.992492 0.059635 -0.059879 0.088995
0.992858 0.059391 -0.060978 0.084051
0.993347 0.058964 -0.062199 0.077580
0.993713 0.058597 -0.063114 0.072758
0.994018 0.058170 -0.063786 0.068058
0.994323 0.057560 -0.064457 0.063358
0.994568 0.056949 -0.065434 0.058719
0.994812 0.056400 -0.066715 0.053287
0.994995 0.056095 -0.068119 0.048770
0.995056 0.056034 -0.069584 0.044253
0.995178 0.055973 -0.070744 0.039919
0.995300 0.055973 -0.071354 0.035647
0.995483 0.055728 -0.071599 0.029116
0.995544 0.055912 -0.072209 0.024782
0.995544 0.056461 -0.073735 0.020387
0.995483 0.057071 -0.075139 0.015626
0.995422 0.057865 -0.076299 0.010560
0.995300 0.058414 -0.077519 0.005249
0.995239 0.058780 -0.078740 0.000549
0.995239 0.058780 -0.078740 0.000549
0.995117 0.059025 -0.079778 -0.003968
0.994995 0.059269 -0.080571 -0.008423
0.994873 0.059635 -0.081426 -0.012757
0.994690 0.059940 -0.082525 -0.017030
0.994568 0.060062 -0.082952 -0.021303
0.994384 0.060428 -0.082830 -0.029421
0.994201 0.060978 -0.082586 -0.033388
0.994079 0.061710 -0.081853 -0.038332
0.994079 0.061710 -0.081853 -0.038332
0.993957 0.062687 -0.079900 -0.042605
0.993957 0.064579 -0.073552 -0.051090
0.993896 0.065739 -0.070439 -0.055118
0.993774 0.066838 -0.067082 -0.059391
0.993713 0.068058 -0.064030 -0.062565
0.993530 0.069645 -0.062077 -0.065373
0.993286 0.071477 -0.060612 -0.068241
0.993103 0.073064 -0.059147 -0.071232
0.992858 0.074101 -0.057560 -0.074162
0.992675 0.075017 -0.056034 -0.076970
0.992431 0.075993 -0.055545 -0.079839
0.992431 0.075993 -0.055545 -0.079839
0.992126 0.077031 -0.054630 -0.082830
0.991882 0.078191 -0.052921 -0.085943
0.991394 0.080571 -0.047610 -0.092413
0.991088 0.082036 -0.044742 -0.095648
0.991088 0.082036 -0.044742 -0.095648
0.990722 0.083623 -0.042056 -0.098883
0.990356 0.085332 -0.039370 -0.102362
0.989868 0.087041 -0.036196 -0.106757
0.989440 0.088445 -0.032290 -0.110663
0.989013 0.089605 -0.028322 -0.114570
0.988097 0.091192 -0.021058 -0.122688
0.987548 0.091741 -0.017457 -0.127144
0.987548 0.091741 -0.017457 -0.127144
0.986449 0.092962 -0.010804 -0.135079
0.985900 0.093756 -0.006470 -0.139108
0.985290 0.094610 -0.002808 -0.142892
0.984618 0.095465 0.000244 -0.146676
0.983947 0.096197 0.002991 -0.150644
0.983214 0.096991 0.005249 -0.154673
0.982543 0.097723 0.007081 -0.158762
0.982543 0.097723 0.007081 -0.158762
0.981017 0.098639 0.010987 -0.166941
0.980345 0.098883 0.013429 -0.170726
0.979613 0.099066 0.015382 -0.174510
0.978881 0.099432 0.016969 -0.178172
0.978148 0.099799 0.018861 -0.181713
0.977294 0.100226 0.020875 -0.185985
0.976561 0.100714 0.022584 -0.189159
0.976561 0.100714 0.022584 -0.189159
0.975523 0.101447 0.024721 -0.193859
0.975218 0.101569 0.024843 -0.195202
0.974974 0.101508 0.024721 -0.196667
0.974852 0.101447 0.024477 -0.197339
0.974730 0.101386 0.024049 -0.197766
0.974730 0.101386 0.023927 -0.198071
0.974730 0.101386 0.023927 -0.198071
0.974730 0.101264 0.023195 -0.198193
0.974791 0.101141 0.022645 -0.197827
0.975035 0.101019 0.021730 -0.196972
0.975279 0.100775 0.020326 -0.195752
0.975279 0.100775 0.020326 -0.195752
0.975645 0.100592 0.018861 -0.194348
0.975951 0.100287 0.016542 -0.193310
0.975951 0.100287 0.016542 -0.193310
0.976439 0.099982 0.015077 -0.190991
0.976988 0.099676 0.012940 -0.188549
0.977599 0.099005 0.011414 -0.185802
0.978697 0.097296 0.009095 -0.181041
0.978697 0.097296 0.009095 -0.181041
0.979247 0.096808 0.007203 -0.178172
0.979918 0.096136 0.005799 -0.174998
0.980590 0.095221 0.005371 -0.171641
0.981749 0.093573 0.004029 -0.166026
0.981749 0.093573 0.004029 -0.166026
0.982360 0.092962 0.002442 -0.162791
0.982909 0.092230 0.000488 -0.159617
0.983520 0.091497 -0.001648 -0.156443
0.984069 0.090399 -0.003601 -0.153513
0.985412 0.087774 -0.006836 -0.146188
0.985412 0.087774 -0.006836 -0.146188
0.985961 0.086492 -0.008179 -0.142892
0.986571 0.085210 -0.009461 -0.139657
0.987487 0.082952 -0.013062 -0.133736
0.987975 0.081975 -0.014832 -0.130684
0.987975 0.081975 -0.014832 -0.130684
0.988464 0.081060 -0.016480 -0.127327
0.988952 0.080205 -0.017762 -0.123909
0.989318 0.079351 -0.018617 -0.121101
0.989745 0.078862 -0.019655 -0.117927
0.990112 0.078496 -0.020265 -0.114997
0.990478 0.077947 -0.020265 -0.112067
0.990905 0.077214 -0.020021 -0.109199
0.991332 0.076421 -0.019716 -0.105780
0.991699 0.075627 -0.019166 -0.102851
0.992065 0.074895 -0.018434 -0.099799
0.992431 0.074284 -0.017640 -0.096564
0.992858 0.073735 -0.017213 -0.093084
0.993225 0.073247 -0.017091 -0.089361
0.993530 0.072819 -0.016969 -0.085882
0.993896 0.072331 -0.016664 -0.082402
0.994262 0.071538 -0.016297 -0.078984
0.994568 0.070500 -0.015809 -0.075749
0.994873 0.069340 -0.015443 -0.072575
0.995178 0.068303 -0.015138 -0.069828
0.995422 0.067387 -0.014588 -0.067265
0.995422 0.067387 -0.014588 -0.067265
0.996094 0.064335 -0.011231 -0.060184
0.996094 0.064335 -0.011231 -0.060184
0.996338 0.063541 -0.010438 -0.057560
0.996521 0.062992 -0.010193 -0.054935
0.996521 0.062992 -0.010193 -0.054935
0.996826 0.062565 -0.009583 -0.049991
0.996948 0.062260 -0.008606 -0.047854
0.997070 0.061954 -0.007508 -0.045535
0.997070 0.061954 -0.007508 -0.045535
0.997375 0.061100 -0.005249 -0.040469
0.997497 0.060795 -0.004334 -0.037722
0.997619 0.060551 -0.003662 -0.034853
0.997742 0.060245 -0.003296 -0.032106
0.997864 0.059818 -0.002747 -0.029360
0.997925 0.059452 -0.002197 -0.026674
0.997986 0.059391 -0.001892 -0.024049
0.998047 0.059574 -0.001526 -0.021669
0.998108 0.059696 -0.000794 -0.019166
0.998169 0.059696 0.000000 -0.016603
0.998169 0.059696 0.000671 -0.013917
0.998169 0.059940 0.000732 -0.011292
0.998230 0.060306 0.000183 -0.008912
0.998230 0.060612 -0.000732 -0.006409
0.998230 0.060612 -0.000732 -0.006409
0.998230 0.060428 -0.002503 -0.001221
0.998230 0.060367 -0.003479 0.001221
0.998230 0.060306 -0.004517 0.003296
0.998230 0.060306 -0.005371 0.005677
0.998230 0.060306 -0.005371 0.005677
0.998169 0.060490 -0.007203 0.010865
0.998108 0.060612 -0.008545 0.013917
0.998047 0.060612 -0.009766 0.016053
0.997986 0.060367 -0.010560 0.019227
0.997986 0.060367 -0.010560 0.019227
0.997864 0.059757 -0.011475 0.025636
0.997803 0.059391 -0.011658 0.028871
0.997742 0.059025 -0.011719 0.032167
0.997619 0.058597 -0.011964 0.035647
0.997619 0.058597 -0.011964 0.035647
0.997375 0.057804 -0.012330 0.042971
0.997253 0.057560 -0.012574 0.046573
0.997009 0.057377 -0.012513 0.050906
0.996826 0.057377 -0.012696 0.054447
0.996643 0.057316 -0.013123 0.057987
0.996460 0.057071 -0.013490 0.061588
0.996216 0.056705 -0.013856 0.065128
0.995910 0.056095 -0.014344 0.070012
0.995666 0.055484 -0.015138 0.073918
0.995361 0.054752 -0.015992 0.077947
0.995056 0.054019 -0.016725 0.082036
0.994812 0.053165 -0.017152 0.086065
0.994507 0.052432 -0.017518 0.089849
0.994140 0.051700 -0.017945 0.093634
0.994140 0.051700 -0.017945 0.093634
0.993469 0.049991 -0.018800 0.101508
0.993103 0.049014 -0.018983 0.105597
0.992675 0.047977 -0.019105 0.109870
0.992675 0.047977 -0.019105 0.109870
0.992187 0.046939 -0.019349 0.114326
0.991088 0.044925 -0.020814 0.124031
0.990539 0.043887 -0.021242 0.128975
0.989990 0.042849 -0.021791 0.133126
0.989990 0.042849 -0.021791 0.133126
0.989318 0.041812 -0.022340 0.138253
0.987792 0.039797 -0.023683 0.149057
0.986938 0.039004 -0.024538 0.154611
0.986083 0.038516 -0.025636 0.159983
0.985168 0.038210 -0.026613 0.165537
0.985168 0.038210 -0.026613 0.165537
0.983153 0.037539 -0.028078 0.177074
0.982055 0.037234 -0.028566 0.182934
0.980956 0.036990 -0.028932 0.188793
0.979796 0.036867 -0.029360 0.194653
0.978636 0.036745 -0.029726 0.200330
0.977477 0.036379 -0.029787 0.205945
0.976317 0.035769 -0.029482 0.211561
0.974974 0.035097 -0.029177 0.217970
0.973692 0.034487 -0.029238 0.223585
0.972410 0.033999 -0.029543 0.229140
0.971190 0.033388 -0.029665 0.234450
0.969908 0.032717 -0.029543 0.239761
0.968443 0.031862 -0.029238 0.245804
0.967100 0.030886 -0.028993 0.251114
0.965757 0.029970 -0.028993 0.256302
0.965757 0.029970 -0.028993 0.256302
0.964353 0.029238 -0.029421 0.261552
0.961484 0.027406 -0.030825 0.271867
0.960081 0.026186 -0.031374 0.276933
0.960081 0.026186 -0.031374 0.276933
0.958677 0.024782 -0.031862 0.281817
0.955808 0.021058 -0.031984 0.291705
0.955808 0.021058 -0.031984 0.291705
0.954282 0.019044 -0.031801 0.296832
0.952695 0.017396 -0.031740 0.301959
0.949521 0.014955 -0.031984 0.311970
0.947934 0.014100 -0.031984 0.316670
0.946469 0.013551 -0.031923 0.321065
0.944943 0.012940 -0.031557 0.325703
0.943295 0.012757 -0.031435 0.330465
0.941586 0.012574 -0.031496 0.335287
0.939816 0.012208 -0.031618 0.340109
0.938168 0.011719 -0.031679 0.344687
0.936520 0.011170 -0.031740 0.349264
0.934810 0.010621 -0.031618 0.353842
0.932979 0.009705 -0.031252 0.358664
0.931026 0.008545 -0.030886 0.363670
0.929195 0.007019 -0.030825 0.368370
0.927364 0.005493 -0.030703 0.373070
0.925533 0.004029 -0.030825 0.377587
0.923762 0.002869 -0.031191 0.381798
0.922053 0.002136 -0.031679 0.385888
0.920405 0.001953 -0.032290 0.389794
0.918818 0.002136 -0.032839 0.393396
0.918818 0.002136 -0.032839 0.393396
0.915888 0.003296 -0.033816 0.400171
0.914485 0.003479 -0.033693 0.403345
0.913142 0.003357 -0.033449 0.406458
0.911799 0.002869 -0.033144 0.409388
0.910456 0.002075 -0.032961 0.412379
0.909113 0.001221 -0.032412 0.415431
0.907770 0.000671 -0.031618 0.418360
0.906427 0.000855 -0.031252 0.421290
0.905146 0.001160 -0.030947 0.424159
0.903803 0.001343 -0.030764 0.426967
0.902399 0.001526 -0.031191 0.429836
0.900934 0.001587 -0.032045 0.432949
0.899774 0.001099 -0.032900 0.435268
0.898126 0.000366 -0.033632 0.438625
0.896417 -0.000305 -0.034121 0.442044
0.894708 -0.000794 -0.034487 0.445401
0.892999 -0.001160 -0.034548 0.448880
0.890985 -0.001648 -0.034182 0.452847
0.888909 -0.002136 -0.033510 0.456937
0.886773 -0.002747 -0.032778 0.461210
0.884514 -0.003479 -0.032229 0.465483
0.882256 -0.004273 -0.032045 0.469816
0.879998 -0.004944 -0.032045 0.473967
0.877678 -0.005371 -0.032351 0.478179
0.875237 -0.005616 -0.032839 0.482634
0.872673 -0.005982 -0.033327 0.487273
0.869926 -0.006470 -0.033693 0.492095
0.867363 -0.007264 -0.033999 0.496551
0.864616 -0.007996 -0.034792 0.501251
0.862052 -0.008790 -0.035830 0.505585
0.859977 -0.009827 -0.036501 0.509064
0.857963 -0.010560 -0.037478 0.512360
0.855704 -0.010987 -0.038821 0.515962
0.853446 -0.011842 -0.039919 0.519685
0.851065 -0.012879 -0.040835 0.523408
0.848685 -0.013734 -0.041751 0.527193
0.846182 -0.014466 -0.042544 0.531099
0.843557 -0.015260 -0.043093 0.535189
0.840933 -0.016114 -0.043704 0.539217
0.838247 -0.016908 -0.044314 0.543307
0.838247 -0.016908 -0.044314 0.543307
0.835500 -0.017518 -0.044986 0.547458
0.832570 -0.017945 -0.045474 0.551914
0.826100 -0.018434 -0.045596 0.561497
0.826100 -0.018434 -0.045596 0.561497
0.822682 -0.018434 -0.045230 0.566502
0.816029 -0.017213 -0.044742 0.576146
0.812794 -0.016175 -0.044619 0.580785
0.812794 -0.016175 -0.044619 0.580785
0.806507 -0.013734 -0.044375 0.589514
0.803516 -0.012391 -0.044253 0.593603
0.800708 -0.011109 -0.044131 0.597449
0.797961 -0.010316 -0.043826 0.601172
0.795276 -0.009827 -0.043399 0.604712
0.792712 -0.009583 -0.043154 0.608130
0.790148 -0.009583 -0.042910 0.611426
0.787646 -0.009827 -0.042483 0.614662
0.785143 -0.010193 -0.042056 0.617958
0.782580 -0.010682 -0.041690 0.621132
0.780016 -0.010865 -0.041629 0.624367
0.777513 -0.011292 -0.041995 0.627480
0.775011 -0.012025 -0.042605 0.630471
0.772386 -0.013001 -0.043154 0.633645
0.769639 -0.014039 -0.043277 0.636941
0.766770 -0.014955 -0.043032 0.640420
0.763780 -0.015931 -0.042544 0.643960
0.763780 -0.015931 -0.042544 0.643960
0.757981 -0.017579 -0.041201 0.650858
0.754929 -0.018373 -0.040347 0.654398
0.751816 -0.018983 -0.039431 0.657999
0.748581 -0.019532 -0.038393 0.661784
0.745163 -0.020082 -0.037356 0.665568
0.741622 -0.020692 -0.036318 0.669658
0.738082 -0.021242 -0.035280 0.673564
0.734542 -0.021547 -0.034060 0.677410
0.731246 -0.021730 -0.032656 0.681133
0.728011 -0.021608 -0.031191 0.684612
0.724715 -0.020936 -0.030031 0.688213
0.721480 -0.020143 -0.029238 0.691632
0.718245 -0.019349 -0.028749 0.694989
0.715254 -0.018678 -0.028383 0.698102
0.712507 -0.018190 -0.027773 0.700971
0.709882 -0.017823 -0.026796 0.703656
0.707319 -0.017274 -0.025636 0.706281
0.704816 -0.016664 -0.024293 0.708845
0.702374 -0.015992 -0.023073 0.711347
0.699994 -0.015077 -0.021974 0.713728
0.697674 -0.013917 -0.020997 0.716047
0.695477 -0.013001 -0.019838 0.718245
0.693341 -0.012208 -0.018495 0.720381
0.691265 -0.011292 -0.017030 0.722395
0.689129 -0.010193 -0.015748 0.724470
0.686809 -0.008851 -0.014588 0.726668
0.684673 -0.007691 -0.013490 0.728804
0.682659 -0.006958 -0.012269 0.730696
0.680522 -0.006287 -0.011231 0.732711
0.680522 -0.006287 -0.011231 0.732711
0.676616 -0.004212 -0.010743 0.736312
0.674846 -0.003784 -0.010621 0.737960
0.673137 -0.004334 -0.009583 0.739547
0.673137 -0.004334 -0.009583 0.739547
0.671611 -0.004029 -0.008790 0.740951
0.670085 -0.003479 -0.008179 0.742294
0.668803 -0.003540 -0.007386 0.743454
0.667521 -0.003723 -0.007019 0.744674
0.666117 -0.003723 -0.007325 0.745895
0.663371 -0.003723 -0.007996 0.748337
0.663371 -0.003723 -0.007996 0.748337
0.662211 -0.003968 -0.007813 0.749374
0.661112 -0.004456 -0.007203 0.750290
0.659464 -0.005310 -0.005616 0.751755
0.658976 -0.005493 -0.004883 0.752243
0.658610 -0.005799 -0.004029 0.752548
0.658610 -0.005799 -0.004029 0.752548
0.658548 -0.006104 -0.002991 0.752609
0.658793 -0.005860 -0.000732 0.752365
0.659281 -0.005616 0.000427 0.751938
0.659708 -0.005188 0.000977 0.751633
0.659708 -0.005188 0.000977 0.751633
0.661478 -0.004578 0.000427 0.750046
0.662699 -0.004456 -0.000305 0.748947
0.664225 -0.004578 -0.000855 0.747604
0.666606 -0.004822 -0.001282 0.745468
0.666606 -0.004822 -0.001282 0.745468
0.670756 -0.005616 -0.001526 0.741744
0.672771 -0.005677 -0.001892 0.739852
0.672771 -0.005677 -0.001892 0.739852
0.677348 -0.005738 -0.002808 0.735702
0.679668 -0.005188 -0.003357 0.733565
0.681987 -0.004395 -0.003784 0.731429
0.684368 -0.003418 -0.004273 0.729170
0.684368 -0.003418 -0.004273 0.729170
0.690350 -0.001526 -0.005371 0.723555
0.693158 -0.000916 -0.005921 0.720808
0.695843 -0.000794 -0.006409 0.718245
0.698285 -0.000916 -0.006897 0.715864
0.698285 -0.000916 -0.006897 0.715864
0.703839 -0.001282 -0.007813 0.710432
0.706769 -0.000794 -0.008606 0.707441
0.706769 -0.000794 -0.008606 0.707441
0.713117 0.000855 -0.010438 0.701032
0.716535 0.001953 -0.011353 0.697552
0.719893 0.003235 -0.012696 0.694012
0.719893 0.003235 -0.012696 0.694012
0.723311 0.004151 -0.014344 0.690411
0.730391 0.004944 -0.017396 0.682903
0.730391 0.004944 -0.017396 0.682903
0.738082 0.003906 -0.019349 0.674480
0.738082 0.003906 -0.019349 0.674480
0.745163 0.002503 -0.020814 0.666667
0.748459 0.002014 -0.021669 0.662882
0.748459 0.002014 -0.021669 0.662882
0.755600 0.001892 -0.023683 0.654703
0.758652 0.001953 -0.024904 0.651102
0.758652 0.001953 -0.024904 0.651102
0.758652 0.001953 -0.024904 0.651102
0.764573 0.001648 -0.027223 0.644082
0.767442 0.001526 -0.028566 0.640603
0.772874 0.001221 -0.031069 0.633889
0.775316 0.001465 -0.032351 0.630837
0.775316 0.001465 -0.032351 0.630837
0.777696 0.001770 -0.033571 0.627846
0.780016 0.001831 -0.034426 0.624916
0.784350 0.001892 -0.035586 0.619362
0.786486 0.001709 -0.035830 0.616676
0.786486 0.001709 -0.035830 0.616676
0.788683 0.001648 -0.035952 0.613807
0.791064 0.001648 -0.035952 0.610816
0.796374 0.001709 -0.035708 0.603858
0.796374 0.001709 -0.035708 0.603858
0.800952 0.001709 -0.035647 0.597754
0.800952 0.001709 -0.035647 0.597754
0.805591 0.002014 -0.035708 0.591528
0.805591 0.002014 -0.035708 0.591528
0.808033 0.002503 -0.035830 0.588171
0.813038 0.003662 -0.035830 0.581212
0.813038 0.003662 -0.035830 0.581212
0.815602 0.004273 -0.035769 0.577611
0.821461 0.005432 -0.036074 0.569188
0.821461 0.005432 -0.036074 0.569188
0.826894 0.006958 -0.036990 0.561191
0.826894 0.006958 -0.036990 0.561191
0.829702 0.007569 -0.037356 0.557041
0.832570 0.007996 -0.037295 0.552707
0.835256 0.008179 -0.036806 0.548679
0.835256 0.008179 -0.036806 0.548679
0.840322 0.008301 -0.035097 0.540988
0.842825 0.008729 -0.034365 0.537142
0.845572 0.009400 -0.033816 0.532869
0.848196 0.010132 -0.033510 0.528597
0.850943 0.010865 -0.033266 0.524141
0.853751 0.011597 -0.032961 0.519624
0.856498 0.012208 -0.032595 0.515107
0.859122 0.012757 -0.032290 0.510712
0.861564 0.013368 -0.032106 0.506501
0.863944 0.014161 -0.032167 0.502472
0.866264 0.014893 -0.032351 0.498382
0.868583 0.015565 -0.032473 0.494293
0.870842 0.016297 -0.032656 0.490325
0.873161 0.016908 -0.032778 0.486175
0.873161 0.016908 -0.032778 0.486175
0.877800 0.017945 -0.032839 0.477751
0.879998 0.018251 -0.032839 0.473601
0.882134 0.018373 -0.032839 0.469633
0.884087 0.018495 -0.032839 0.465910
0.884087 0.018495 -0.032839 0.465910
0.887749 0.018739 -0.032717 0.458890
0.889459 0.018739 -0.032595 0.455594
0.890985 0.018434 -0.032412 0.452603
0.892633 0.017945 -0.031923 0.449490
0.892633 0.017945 -0.031923 0.449490
0.895929 0.017152 -0.030703 0.442959
0.897516 0.016969 -0.030336 0.439785
0.899042 0.016908 -0.030153 0.436611
0.900629 0.016786 -0.030214 0.433315
0.900629 0.016786 -0.030214 0.433315
0.903864 0.016419 -0.030580 0.426540
0.905573 0.016419 -0.030825 0.422938
0.907221 0.016725 -0.031313 0.419215
0.908869 0.017213 -0.031923 0.415614
0.910578 0.017945 -0.032534 0.411829
0.912287 0.018922 -0.033388 0.407923
0.914057 0.020021 -0.034365 0.403772
0.916133 0.020997 -0.035280 0.398889
0.917964 0.022157 -0.036074 0.394494
0.919795 0.023317 -0.036684 0.390161
0.921565 0.024416 -0.037173 0.385888
0.923335 0.025331 -0.037295 0.381432
0.925288 0.026308 -0.037234 0.376732
0.927242 0.027162 -0.036806 0.371849
0.927242 0.027162 -0.036806 0.371849
0.931270 0.028566 -0.035342 0.361655
0.933285 0.029421 -0.034548 0.356345
0.935421 0.030458 -0.033755 0.350790
0.935421 0.030458 -0.033755 0.350790
0.937557 0.031557 -0.032900 0.344992
0.942013 0.033877 -0.030764 0.332601
0.944333 0.035036 -0.029482 0.326070
0.946713 0.036074 -0.028078 0.318989
0.946713 0.036074 -0.028078 0.318989
0.950925 0.037600 -0.024782 0.306232
0.953061 0.038577 -0.022829 0.299762
0.955136 0.039919 -0.020997 0.292987
0.957151 0.041873 -0.019593 0.286089
0.959165 0.043643 -0.018068 0.279192
0.961118 0.044680 -0.015748 0.272355
0.963010 0.045657 -0.013734 0.265519
0.964781 0.046390 -0.011964 0.258805
0.966551 0.047122 -0.010316 0.252213
0.968199 0.047977 -0.008912 0.245559
0.969847 0.048770 -0.007691 0.238906
0.971434 0.049380 -0.006348 0.232192
0.973082 0.049808 -0.004700 0.225233
0.974669 0.049747 -0.002808 0.218214
0.976256 0.049441 -0.000732 0.211256
0.977660 0.049136 0.000977 0.204602
0.979003 0.048953 0.002136 0.198315
0.980162 0.048953 0.002686 0.192456
0.981261 0.049197 0.002747 0.186718
0.982299 0.049319 0.002686 0.181102
0.983275 0.049380 0.002686 0.175670
0.984191 0.049136 0.002747 0.170543
0.985045 0.048892 0.003113 0.165660
0.985900 0.048587 0.003968 0.160410
0.986694 0.048343 0.004944 0.155710
0.987426 0.048099 0.005860 0.151071
0.988097 0.047610 0.006836 0.146432
0.988769 0.046939 0.008118 0.141854
0.989501 0.046267 0.009522 0.136910
0.990112 0.045596 0.010743 0.132637
0.990112 0.045596 0.010743 0.132637
0.991149 0.044925 0.011353 0.124947
0.991577 0.044864 0.010682 0.121712
0.991882 0.044925 0.009766 0.118965
0.992248 0.044925 0.008973 0.116096
0.992614 0.044742 0.008423 0.113227
0.992919 0.044497 0.007874 0.110419
0.993225 0.044131 0.007203 0.107612
0.993591 0.043765 0.006531 0.104621
0.993896 0.043216 0.005982 0.101691
0.994262 0.042361 0.005493 0.098700
0.994629 0.041506 0.004944 0.095526
0.994995 0.040591 0.004395 0.092108
0.995300 0.039797 0.003845 0.088689
0.995300 0.039797 0.003845 0.088689
0.995605 0.039370 0.003296 0.085393
0.996155 0.039126 0.002258 0.079228
0.996399 0.039187 0.001343 0.076115
0.996704 0.039187 0.001343 0.071904
0.996704 0.039187 0.001343 0.071904
0.997009 0.039187 0.001282 0.067631
0.997314 0.039065 0.001709 0.062931
0.997925 0.037966 0.005493 0.053409
0.997925 0.037966 0.005493 0.053409
0.998169 0.037905 0.007874 0.048282
0.998352 0.038332 0.010132 0.043643
0.998535 0.039919 0.013184 0.036013
0.998596 0.040957 0.014161 0.032900
0.998596 0.042056 0.014832 0.029970
0.998596 0.042056 0.014832 0.029970
0.998657 0.042910 0.015443 0.027162
0.998718 0.044070 0.016908 0.021974
0.998718 0.044375 0.018495 0.019593
0.998718 0.044619 0.020326 0.016786
0.998718 0.045047 0.022340 0.014283
0.998657 0.045840 0.023927 0.011597
0.998596 0.046817 0.024721 0.008973
0.998596 0.047793 0.024660 0.006653
0.998596 0.048709 0.023927 0.002625
0.998535 0.049503 0.023561 0.000549
0.998535 0.050052 0.024049 -0.001770
0.998535 0.050052 0.024049 -0.001770
0.998474 0.050723 0.024843 -0.004334
0.998291 0.052249 0.026674 -0.009888
0.998169 0.052982 0.027651 -0.013001
0.998108 0.053714 0.028566 -0.016236
0.997986 0.054569 0.028749 -0.018861
0.997864 0.055606 0.028444 -0.021608
0.997742 0.056766 0.028078 -0.025575
0.997619 0.057865 0.027467 -0.028322
0.997497 0.059086 0.026369 -0.030825
0.997375 0.060367 0.025392 -0.033327
0.997192 0.061466 0.024660 -0.035891
0.997131 0.062077 0.024049 -0.036990
0.997070 0.062382 0.023500 -0.039309
0.996948 0.062687 0.023012 -0.041690
0.996826 0.063175 0.022645 -0.044253
0.996643 0.063847 0.022218 -0.046878
0.996521 0.064579 0.021669 -0.049319
0.996399 0.065251 0.021303 -0.051334
0.996216 0.065861 0.020997 -0.053348
0.996094 0.066532 0.020326 -0.055606
0.995971 0.067021 0.019166 -0.057560
0.995849 0.067387 0.017457 -0.059452
0.995727 0.067814 0.015626 -0.061771
0.995544 0.068119 0.014100 -0.064152
0.995422 0.068364 0.012879 -0.066593
0.995239 0.068425 0.011842 -0.068974
0.995117 0.068425 0.010926 -0.071293
0.994934 0.068669 0.010377 -0.073613
0.994690 0.069218 0.010316 -0.076299
0.994384 0.069951 0.010316 -0.079228
0.994079 0.070866 0.010010 -0.082341
0.993774 0.071721 0.009583 -0.085271
0.993469 0.072758 0.008973 -0.088323
0.993103 0.073735 0.008668 -0.091436
0.992736 0.074773 0.008790 -0.094549
0.992370 0.075749 0.009034 -0.097357
0.992004 0.076604 0.009522 -0.100531
0.991638 0.077641 0.010255 -0.103278
0.991271 0.078740 0.010865 -0.106086
0.990844 0.079778 0.011536 -0.108954
0.990417 0.080693 0.012269 -0.111823
0.990051 0.081548 0.013001 -0.114692
0.989623 0.082341 0.013490 -0.117439
0.989257 0.083013 0.013551 -0.120063
0.988891 0.083684 0.013184 -0.122688
0.988525 0.084356 0.012696 -0.125374
0.988097 0.085149 0.012147 -0.128182
0.987609 0.085882 0.011781 -0.131173
0.987121 0.086614 0.011903 -0.134469
0.986571 0.087164 0.012330 -0.138009
0.986022 0.087652 0.012757 -0.141549
0.985473 0.087957 0.013001 -0.145150
0.984862 0.088201 0.013551 -0.148996
0.984191 0.088384 0.014710 -0.153024
0.983520 0.088506 0.015931 -0.157175
0.982787 0.088812 0.016847 -0.161326
0.981932 0.089056 0.017213 -0.166514
0.981139 0.089056 0.017335 -0.170909
0.980407 0.088751 0.017213 -0.175365
0.979674 0.088201 0.016908 -0.179698
0.978942 0.087530 0.016664 -0.183910
0.978270 0.086797 0.016725 -0.188000
0.977538 0.086065 0.017030 -0.192089
0.976866 0.085149 0.017396 -0.195813
0.976317 0.084112 0.017396 -0.198804
0.975829 0.083135 0.017213 -0.201672
0.975279 0.082158 0.016847 -0.204785
0.974730 0.081182 0.016786 -0.207776
0.974730 0.081182 0.016786 -0.207776
0.973509 0.078923 0.017274 -0.214063
0.972960 0.077580 0.017579 -0.217115
0.972410 0.076115 0.017701 -0.220106
0.972410 0.076115 0.017701 -0.220106
0.971800 0.074773 0.017640 -0.223158
0.970457 0.072941 0.017945 -0.229445
0.969786 0.072148 0.017884 -0.232558
0.969114 0.071232 0.017579 -0.235610
0.968504 0.070073 0.016908 -0.238601
0.967833 0.068791 0.016053 -0.241653
0.967161 0.067387 0.015260 -0.244766
0.967161 0.067387 0.015260 -0.244766
0.965452 0.064640 0.013673 -0.252274
0.964720 0.063419 0.012818 -0.255448
0.963926 0.062321 0.011903 -0.258622
0.963926 0.062321 0.011903 -0.258622
0.963133 0.061344 0.011109 -0.261979
0.961118 0.059635 0.010621 -0.269609
0.960081 0.058903 0.010316 -0.273393
0.958982 0.058109 0.009888 -0.277483
0.957761 0.057377 0.009644 -0.281755
0.956540 0.056705 0.009522 -0.286089
0.955136 0.056034 0.009705 -0.290850
0.953733 0.055423 0.010255 -0.295489
0.952451 0.054752 0.011109 -0.299701
0.951169 0.054141 0.011903 -0.303913
0.951169 0.054141 0.011903 -0.303913
0.948361 0.053348 0.012940 -0.312519
0.946957 0.053165 0.013734 -0.316853
0.945492 0.053226 0.015016 -0.321065
0.944088 0.053531 0.016847 -0.325154
0.944088 0.053531 0.016847 -0.325154
0.941281 0.055057 0.021669 -0.332601
0.939816 0.056400 0.023866 -0.336324
0.938290 0.057926 0.026003 -0.340109
0.938290 0.057926 0.026003 -0.340109
0.936642 0.059696 0.028322 -0.344076
0.934994 0.061527 0.030764 -0.348105
0.933346 0.063480 0.033022 -0.351950
0.931820 0.065251 0.034853 -0.355490
0.930355 0.066838 0.036684 -0.358787
0.929012 0.068241 0.038271 -0.361900
0.927669 0.069401 0.039553 -0.364890
0.926204 0.070439 0.040652 -0.368248
0.925166 0.071354 0.041629 -0.370689
0.924129 0.072148 0.042361 -0.372948
0.923152 0.072941 0.043216 -0.375084
0.921199 0.074223 0.044497 -0.379540
0.921199 0.074223 0.044497 -0.379540
0.920344 0.074651 0.044680 -0.381493
0.919490 0.074895 0.044742 -0.383507
0.918574 0.075017 0.044680 -0.385644
0.917048 0.074651 0.043154 -0.389489
0.916377 0.074223 0.042056 -0.391320
0.915583 0.073918 0.041384 -0.393274
0.915583 0.073918 0.041384 -0.393274
0.914790 0.073552 0.040957 -0.395227
0.913935 0.073186 0.040652 -0.397302
0.911799 0.072636 0.041018 -0.402185
0.911799 0.072636 0.041018 -0.402185
0.910944 0.072453 0.041567 -0.404199
0.910212 0.072270 0.041873 -0.405848
0.909540 0.072148 0.041934 -0.407251
0.908991 0.072209 0.041873 -0.408594
0.908381 0.072392 0.041995 -0.409876
0.907709 0.072819 0.042483 -0.411219
0.906977 0.073247 0.043216 -0.412562
0.906244 0.073857 0.043887 -0.414088
0.905512 0.074528 0.044314 -0.415553
0.904596 0.075139 0.044680 -0.417323
0.903620 0.075627 0.044925 -0.419398
0.902460 0.076115 0.044925 -0.421718
0.901300 0.076360 0.044742 -0.424220
0.900262 0.076299 0.044375 -0.426479
0.898920 0.076177 0.044192 -0.429286
0.897577 0.076054 0.043887 -0.432094
0.896295 0.075871 0.043338 -0.434902
0.894891 0.075505 0.042361 -0.437954
0.893426 0.075078 0.041079 -0.441189
0.891839 0.074590 0.039919 -0.444546
0.890069 0.074162 0.039370 -0.448147
0.888299 0.073918 0.039309 -0.451749
0.886529 0.073918 0.039248 -0.455106
0.884820 0.074101 0.039004 -0.458524
0.882988 0.074712 0.038943 -0.461942
0.881157 0.075261 0.038760 -0.465299
0.879326 0.075871 0.038332 -0.468657
0.877556 0.076482 0.037539 -0.471953
0.875420 0.077153 0.036745 -0.475859
0.873650 0.077580 0.036074 -0.479094
0.871879 0.077886 0.035891 -0.482268
0.870170 0.078130 0.035891 -0.485259
0.868644 0.078069 0.035342 -0.488067
0.867118 0.077886 0.034609 -0.490875
0.865653 0.077519 0.033877 -0.493560
0.864250 0.077031 0.032900 -0.496124
0.862846 0.076360 0.031923 -0.498749
0.861320 0.075505 0.031069 -0.501556
0.859672 0.074590 0.030703 -0.504547
0.857901 0.073491 0.030580 -0.507721
0.857901 0.073491 0.030580 -0.507721
0.854239 0.070866 0.030031 -0.514253
0.852408 0.069706 0.029604 -0.517549
0.850516 0.068852 0.029116 -0.520784
0.848501 0.068241 0.028688 -0.524080
0.848501 0.068241 0.028688 -0.524080
0.844229 0.067753 0.029482 -0.530977
0.842092 0.068180 0.030642 -0.534212
0.840017 0.069035 0.031862 -0.537325
0.837881 0.070256 0.033083 -0.540438
0.835744 0.071477 0.034243 -0.543429
0.835744 0.071477 0.034243 -0.543429
0.831777 0.073613 0.035586 -0.549167
0.829702 0.074712 0.035952 -0.552097
0.828176 0.075627 0.036257 -0.554294
0.826894 0.076360 0.036501 -0.556064
0.826894 0.076360 0.036501 -0.556064
0.824940 0.077153 0.036684 -0.558811
0.824147 0.077458 0.036806 -0.559971
0.824147 0.077458 0.036806 -0.559971
0.823415 0.077702 0.036867 -0.561008
0.821950 0.078435 0.037905 -0.562962
0.821339 0.079045 0.038760 -0.563694
0.820546 0.079778 0.039736 -0.564671
0.820546 0.079778 0.039736 -0.564671
0.820424 0.080144 0.039980 -0.564793
0.820668 0.080327 0.038882 -0.564488
0.820912 0.080510 0.038393 -0.564182
0.821217 0.080938 0.038210 -0.563694
0.821583 0.081426 0.038393 -0.563084
0.822011 0.081914 0.039004 -0.562290
0.822682 0.082219 0.039309 -0.561253
0.823659 0.082280 0.039492 -0.559788
0.824635 0.082402 0.039614 -0.558323
0.824635 0.082402 0.039614 -0.558323
0.825917 0.082647 0.039675 -0.556430
0.829213 0.082891 0.038210 -0.551547
0.830983 0.083135 0.037539 -0.548923
0.832692 0.083501 0.037051 -0.546237
0.834646 0.083928 0.036745 -0.543246
0.836660 0.084356 0.036623 -0.540072
0.838796 0.084722 0.036562 -0.536654
0.841116 0.085027 0.036440 -0.533053
0.843618 0.085088 0.035891 -0.529024
0.846121 0.084905 0.034792 -0.525117
0.846121 0.084905 0.034792 -0.525117
0.850760 0.084356 0.032961 -0.517793
0.852957 0.083990 0.032961 -0.514253
0.855155 0.083440 0.032351 -0.510712
0.857352 0.082830 0.031557 -0.507172
0.859366 0.082097 0.030886 -0.503876
0.861442 0.081243 0.029970 -0.500580
0.863334 0.080510 0.029299 -0.497467
0.865287 0.079961 0.028993 -0.494110
0.867118 0.079473 0.028688 -0.490997
0.867118 0.079473 0.028688 -0.490997
0.868950 0.078862 0.028078 -0.487945
0.872673 0.077214 0.026369 -0.481536
0.872673 0.077214 0.026369 -0.481536
0.876701 0.075261 0.023927 -0.474638
0.876701 0.075261 0.023927 -0.474638
0.880852 0.073125 0.020936 -0.467314
0.882927 0.072148 0.019777 -0.463651
0.884881 0.071049 0.018617 -0.460111
0.884881 0.071049 0.018617 -0.460111
0.888482 0.068913 0.016236 -0.453580
0.890191 0.067692 0.014832 -0.450467
0.891900 0.066410 0.013490 -0.447232
0.893609 0.064945 0.012025 -0.444058
0.895501 0.063358 0.010193 -0.440518
0.897455 0.061832 0.008240 -0.436855
0.899347 0.060306 0.006470 -0.433193
0.901239 0.058780 0.004456 -0.429470
0.903131 0.057316 0.002625 -0.425624
0.905085 0.055912 0.000916 -0.421657
0.907038 0.054752 -0.000549 -0.417628
0.908991 0.053897 -0.001831 -0.413477
0.910883 0.053409 -0.002930 -0.409327
0.912898 0.053043 -0.003845 -0.404810
0.914851 0.052921 -0.004700 -0.400476
0.916743 0.052982 -0.005555 -0.396081
0.918635 0.053226 -0.006348 -0.391564
0.920527 0.053653 -0.006836 -0.387109
0.922236 0.054080 -0.006836 -0.382836
0.924068 0.054386 -0.006775 -0.378441
0.925899 0.054386 -0.006836 -0.373985
0.927730 0.054141 -0.006653 -0.369468
0.929561 0.053714 -0.006287 -0.364890
0.931453 0.053287 -0.006470 -0.360068
0.933285 0.052799 -0.007447 -0.355246
0.935116 0.052188 -0.008790 -0.350546
0.936886 0.051456 -0.009949 -0.345907
0.938595 0.050601 -0.010804 -0.341207
0.940670 0.049686 -0.011414 -0.335714
0.942501 0.048831 -0.012208 -0.330648
0.944272 0.048099 -0.013368 -0.325581
0.945920 0.047488 -0.014527 -0.320698
0.947507 0.047122 -0.015687 -0.315998
0.949094 0.046756 -0.016603 -0.311359
0.950559 0.046329 -0.017579 -0.306659
0.952023 0.045962 -0.018129 -0.302142
0.953488 0.045535 -0.018556 -0.297687
0.954892 0.045169 -0.019044 -0.293170
0.956601 0.044803 -0.019777 -0.287371
0.958005 0.044497 -0.020570 -0.282732
0.958005 0.044497 -0.020570 -0.282732
0.960996 0.043826 -0.022035 -0.272417
0.962705 0.043582 -0.022829 -0.266374
0.964414 0.043460 -0.023866 -0.259904
0.966184 0.043460 -0.025087 -0.253067
0.968016 0.043521 -0.026003 -0.246048
0.968016 0.043521 -0.026003 -0.246048
0.969786 0.043643 -0.026979 -0.238784
0.971495 0.043765 -0.027956 -0.231520
0.975035 0.043826 -0.029604 -0.216078
0.975035 0.043826 -0.029604 -0.216078
0.976439 0.043643 -0.030947 -0.209363
0.977782 0.043338 -0.032473 -0.202710
0.979125 0.043154 -0.033938 -0.196057
0.980529 0.043032 -0.035280 -0.188732
0.981688 0.042849 -0.036990 -0.182140
0.983825 0.042178 -0.041079 -0.169383
0.984862 0.041567 -0.043093 -0.162974
0.986022 0.041079 -0.044680 -0.155649
0.986022 0.041079 -0.044680 -0.155649
0.986877 0.040652 -0.045962 -0.149789
0.988219 0.040286 -0.048770 -0.139657
0.988891 0.040469 -0.049930 -0.134530
0.989684 0.040652 -0.050357 -0.128243
0.989684 0.040652 -0.050357 -0.128243
0.991149 0.040164 -0.050418 -0.116645
0.991882 0.039736 -0.050662 -0.110175
0.992553 0.039614 -0.051578 -0.103766
0.993103 0.039858 -0.052921 -0.097113
0.993103 0.039858 -0.052921 -0.097113
0.994140 0.040347 -0.054019 -0.084905
0.994690 0.040591 -0.053836 -0.078618
0.995117 0.041140 -0.053714 -0.072270
0.995605 0.041751 -0.053348 -0.065861
0.995971 0.042422 -0.052738 -0.059391
0.996338 0.043277 -0.052005 -0.052921
0.996704 0.044192 -0.051395 -0.046451
0.996948 0.044986 -0.050784 -0.040042
0.997192 0.045535 -0.049930 -0.033388
0.997436 0.045840 -0.048770 -0.027406
0.997619 0.046023 -0.047610 -0.021425
0.997803 0.046267 -0.046695 -0.015626
0.997864 0.046512 -0.046023 -0.010010
0.997925 0.046756 -0.045291 -0.002258
0.997986 0.046634 -0.044803 0.003113
0.997986 0.046634 -0.044803 0.003113
0.997925 0.046206 -0.043948 0.013306
0.997925 0.046023 -0.043338 0.018006
0.997803 0.045779 -0.042544 0.023317
0.997803 0.045779 -0.042544 0.023317
0.997742 0.045596 -0.041567 0.027895
0.997497 0.045779 -0.040164 0.037783
0.997253 0.046145 -0.039980 0.043032
0.996948 0.046267 -0.039858 0.050052
0.996948 0.046267 -0.039858 0.050052
0.996643 0.046145 -0.039736 0.055301
0.996399 0.045962 -0.039675 0.060367
0.995788 0.044803 -0.039004 0.070500
0.995361 0.044253 -0.038760 0.076726
0.995361 0.044253 -0.038760 0.076726
0.994934 0.044192 -0.039187 0.082280
0.993835 0.044742 -0.040286 0.093939
0.993164 0.044864 -0.040591 0.100348
0.992126 0.045169 -0.041018 0.109992
0.991271 0.045108 -0.041629 0.117134
0.990356 0.044619 -0.042178 0.124580
0.989379 0.043887 -0.042788 0.132210
0.988342 0.043154 -0.044009 0.139840
0.986877 0.042666 -0.045413 0.149484
0.985656 0.042056 -0.047244 0.156809
0.984435 0.041323 -0.049380 0.164011
0.983092 0.041445 -0.052554 0.170909
0.983092 0.041445 -0.052554 0.170909
0.980712 0.038638 -0.052432 0.184460
0.979674 0.037722 -0.052616 0.190136
0.978514 0.038149 -0.054508 0.195446
0.977416 0.038149 -0.055179 0.200635
0.977416 0.038149 -0.055179 0.200635
0.975462 0.038027 -0.054386 0.210340
0.974486 0.038332 -0.053958 0.214674
0.973570 0.038638 -0.053470 0.218885
0.972655 0.038821 -0.052616 0.223097
0.971678 0.038943 -0.051761 0.227492
0.970213 0.039248 -0.050967 0.233718
0.969114 0.039736 -0.050967 0.238174
0.967955 0.039980 -0.050906 0.242752
0.966856 0.040103 -0.050662 0.247269
0.965696 0.040286 -0.050540 0.251785
0.964353 0.040652 -0.050662 0.256730
0.963194 0.040896 -0.050601 0.261063
0.963194 0.040896 -0.050601 0.261063
0.960813 0.040896 -0.049503 0.269853
0.959592 0.041262 -0.049197 0.274187
0.958188 0.041690 -0.048892 0.279131
0.956968 0.042056 -0.048526 0.283220
0.955808 0.042239 -0.048099 0.287188
0.954648 0.042056 -0.047488 0.291155
0.953488 0.041873 -0.046817 0.295001
0.952207 0.041690 -0.046023 0.299274
0.950986 0.041629 -0.045352 0.303302
0.949704 0.041690 -0.044986 0.307331
0.948361 0.041629 -0.044742 0.311359
0.947018 0.041506 -0.044253 0.315510
0.945614 0.041506 -0.043887 0.319783
0.944210 0.041567 -0.043460 0.323994
0.944210 0.041567 -0.043460 0.323994
0.941097 0.041934 -0.042483 0.333028
0.939327 0.042239 -0.041751 0.337972
0.937130 0.042910 -0.040774 0.344076
0.937130 0.042910 -0.040774 0.344076
0.935299 0.043582 -0.039614 0.349142
0.931636 0.044864 -0.036440 0.358970
0.929683 0.045596 -0.034609 0.364036
0.927364 0.046573 -0.032900 0.369957
0.925288 0.047610 -0.031618 0.375023
0.925288 0.047610 -0.031618 0.375023
0.921016 0.048953 -0.029970 0.385522
0.918879 0.049197 -0.029421 0.390527
0.916682 0.049075 -0.028627 0.395654
0.914485 0.048831 -0.027773 0.400903
0.912104 0.048221 -0.027101 0.406397
0.909723 0.047366 -0.026735 0.411829
0.909723 0.047366 -0.026735 0.411829
0.907343 0.046145 -0.026491 0.417201
0.902277 0.043643 -0.026674 0.428310
0.902277 0.043643 -0.026674 0.428310
0.899713 0.042422 -0.027467 0.433681
0.897149 0.041323 -0.028566 0.439053
0.894525 0.039980 -0.029421 0.444363
0.891778 0.038638 -0.029970 0.449979
0.889092 0.037417 -0.030642 0.455289
0.886407 0.036257 -0.031191 0.460599
0.883660 0.035280 -0.031923 0.465788
0.877678 0.033632 -0.033571 0.477019
0.874809 0.033083 -0.034609 0.482207
0.874809 0.033083 -0.034609 0.482207
0.869438 0.032106 -0.035891 0.491851
0.866752 0.031618 -0.036257 0.496551
0.863944 0.031557 -0.036684 0.501373
0.863944 0.031557 -0.036684 0.501373
0.861259 0.031862 -0.037112 0.505890
0.856070 0.032167 -0.037356 0.514680
0.856070 0.032167 -0.037356 0.514680
0.851065 0.031496 -0.037295 0.522920
0.851065 0.031496 -0.037295 0.522920
0.845755 0.031191 -0.037417 0.531405
0.845755 0.031191 -0.037417 0.531405
0.842947 0.031374 -0.037722 0.535860
0.840078 0.031618 -0.038210 0.540316
0.834157 0.031984 -0.039553 0.549289
0.831227 0.032106 -0.039919 0.553623
0.831227 0.032106 -0.039919 0.553623
0.828176 0.032473 -0.040347 0.558201
0.824940 0.033083 -0.040652 0.562901
0.821583 0.034182 -0.040896 0.567723
0.818165 0.035647 -0.041384 0.572484
0.815113 0.037539 -0.042483 0.576634
0.812794 0.039370 -0.043277 0.579686
0.810841 0.040713 -0.043216 0.582372
0.808582 0.041567 -0.042666 0.585485
0.806079 0.041934 -0.042056 0.588903
0.803577 0.041934 -0.041323 0.592443
0.799304 0.039675 -0.037966 0.598486
0.797534 0.037539 -0.035403 0.601111
0.797534 0.037539 -0.035403 0.601111
0.796069 0.035219 -0.032717 0.603369
0.793505 0.030764 -0.028017 0.607215
0.793505 0.030764 -0.028017 0.607215
0.790881 0.026430 -0.024477 0.610999
0.790881 0.026430 -0.024477 0.610999
0.786852 0.022157 -0.020814 0.616493
0.786852 0.022157 -0.020814 0.616493
0.784044 0.020509 -0.019044 0.620155
0.781115 0.019410 -0.017701 0.623878
0.778124 0.019105 -0.016847 0.627663
0.778124 0.019105 -0.016847 0.627663
0.772508 0.019471 -0.015870 0.634621
0.769822 0.019410 -0.015809 0.637856
0.767137 0.019410 -0.016175 0.641030
0.764634 0.019471 -0.016908 0.644082
0.762070 0.019471 -0.017457 0.647073
0.759751 0.019105 -0.017579 0.649759
0.757554 0.019044 -0.017579 0.652323
0.755600 0.018312 -0.016542 0.654642
0.754074 0.017762 -0.015382 0.656473
0.752793 0.017518 -0.014710 0.657999
0.751450 0.017701 -0.014527 0.659525
0.750046 0.018129 -0.014649 0.661051
0.748703 0.018861 -0.015016 0.662577
0.747665 0.019838 -0.015382 0.663676
0.746139 0.020997 -0.015565 0.665385
0.744430 0.022218 -0.015687 0.667216
0.742721 0.023317 -0.015870 0.669108
0.740951 0.024171 -0.016175 0.671000
0.739303 0.024721 -0.016603 0.672832
0.737533 0.024782 -0.017152 0.674724
0.735519 0.024538 -0.017823 0.676860
0.733382 0.024599 -0.018861 0.679180
0.731185 0.024965 -0.019838 0.681499
0.729232 0.025148 -0.020509 0.683574
0.726973 0.025270 -0.020753 0.686016
0.724654 0.025514 -0.021058 0.688397
0.722273 0.026125 -0.021974 0.690899
0.719709 0.026613 -0.023317 0.693463
0.717207 0.026552 -0.024660 0.696026
0.717207 0.026552 -0.024660 0.696026
0.712568 0.025697 -0.026491 0.700665
0.710554 0.025209 -0.026979 0.702741
0.708722 0.024293 -0.027101 0.704633
0.707135 0.022890 -0.026796 0.706281
0.705548 0.021669 -0.026430 0.707929
0.703900 0.021180 -0.026308 0.709577
0.702008 0.021364 -0.026552 0.711408
0.699933 0.022096 -0.027223 0.713422
0.697796 0.023012 -0.028383 0.715437
0.695599 0.023683 -0.029543 0.717512
0.693402 0.024110 -0.030642 0.719587
0.691204 0.024782 -0.031923 0.721602
0.689068 0.025270 -0.033327 0.723616
0.686993 0.024660 -0.034365 0.725508
0.685100 0.023317 -0.035158 0.727339
0.683330 0.022035 -0.035830 0.728987
0.681865 0.020997 -0.036318 0.730330
0.680645 0.020265 -0.036379 0.731551
0.680095 0.020021 -0.036257 0.732039
0.678935 0.020326 -0.036440 0.733077
0.677776 0.020570 -0.037112 0.734115
0.676433 0.020509 -0.037905 0.735335
0.675029 0.020387 -0.038760 0.736556
0.673625 0.020326 -0.039370 0.737838
0.672221 0.020387 -0.039675 0.739059
0.670939 0.020570 -0.039736 0.740219
0.669719 0.020509 -0.039492 0.741378
0.668559 0.020143 -0.039004 0.742416
0.667399 0.020387 -0.038760 0.743515
0.665873 0.020997 -0.039065 0.744796
0.664164 0.021486 -0.039553 0.746322
0.662333 0.021791 -0.039980 0.747909
0.660380 0.021791 -0.040530 0.749557
0.658426 0.021486 -0.041384 0.751267
0.656229 0.020692 -0.042483 0.753159
0.654093 0.019655 -0.043460 0.754990
0.652078 0.018312 -0.044070 0.756760
0.650186 0.016786 -0.044497 0.758408
0.648294 0.014832 -0.044680 0.760056
0.646341 0.012818 -0.044986 0.761704
0.644265 0.011597 -0.045962 0.763413
0.641946 0.010804 -0.047488 0.765244
0.639626 0.009888 -0.049014 0.767137
0.637429 0.009278 -0.050418 0.768907
0.634987 0.009583 -0.051944 0.770799
0.634987 0.009583 -0.051944 0.770799
0.632668 0.009888 -0.053409 0.772630
0.628945 0.008484 -0.055240 0.775560
0.628945 0.008484 -0.055240 0.775560
0.627480 0.007813 -0.056034 0.776659
0.626076 0.007386 -0.056827 0.777757
0.623146 0.006287 -0.058597 0.779955
0.621742 0.005066 -0.059330 0.781054
0.620277 0.003845 -0.059879 0.782152
0.618995 0.003479 -0.060245 0.783190
0.617958 0.003662 -0.060184 0.783983
0.617347 0.003662 -0.059513 0.784533
0.616798 0.003845 -0.058719 0.785021
0.616188 0.004273 -0.058109 0.785509
0.615272 0.004822 -0.057560 0.786303
0.614234 0.005432 -0.056827 0.787157
0.613075 0.006226 -0.055790 0.788134
0.611793 0.007569 -0.054447 0.789172
0.610694 0.009217 -0.052982 0.790087
0.609534 0.010438 -0.051395 0.791125
0.608191 0.011170 -0.049869 0.792224
0.606604 0.012635 -0.048648 0.793505
0.604590 0.015199 -0.048099 0.795031
0.602393 0.017701 -0.047732 0.796679
0.600256 0.019532 -0.047183 0.798266
0.598364 0.021242 -0.046756 0.799670
0.598364 0.021242 -0.046756 0.799670
0.596594 0.023073 -0.046512 0.800952
0.594824 0.024232 -0.046390 0.802234
0.593176 0.024599 -0.046329 0.803455
0.591528 0.025819 -0.046878 0.804554
0.588781 0.027956 -0.048831 0.806385
0.587865 0.028322 -0.049014 0.807056
0.587072 0.029055 -0.048587 0.807605
0.586889 0.029787 -0.047732 0.807789
0.587072 0.030458 -0.046329 0.807728
0.587560 0.031313 -0.044742 0.807422
0.588354 0.031923 -0.042971 0.806873
0.590673 0.032412 -0.041079 0.805286
0.592260 0.032839 -0.039370 0.804187
0.594030 0.032534 -0.037722 0.802966
0.595984 0.032045 -0.036074 0.801624
0.598242 0.031740 -0.034853 0.800037
0.600928 0.031679 -0.033693 0.798022
0.604102 0.031984 -0.032717 0.795703
0.607581 0.032595 -0.032412 0.793017
0.611182 0.033205 -0.032534 0.790209
0.615150 0.034243 -0.033388 0.787035
0.620277 0.035769 -0.034792 0.782885
0.624306 0.037417 -0.036135 0.779528
0.628823 0.038882 -0.037478 0.775743
0.634499 0.039675 -0.037417 0.771043
0.640603 0.040469 -0.036806 0.766038
0.647439 0.040652 -0.035403 0.760300
0.654093 0.040713 -0.033632 0.754624
0.660807 0.041384 -0.032229 0.748825
0.660807 0.041384 -0.032229 0.748825
0.667338 0.042300 -0.031374 0.742965
0.673625 0.043093 -0.030458 0.737289
0.679851 0.044192 -0.029665 0.731490
0.685467 0.045779 -0.028993 0.726180
0.690777 0.047427 -0.028322 0.721052
0.701154 0.050967 -0.026613 0.710798
0.701154 0.050967 -0.026613 0.710798
0.711835 0.053592 -0.025270 0.699933
0.716658 0.054569 -0.025392 0.694928
0.721052 0.055484 -0.026186 0.690228
0.725203 0.056278 -0.027529 0.685772
0.729170 0.057010 -0.029299 0.681438
0.732772 0.057560 -0.031191 0.677410
0.736129 0.057316 -0.033022 0.673686
0.739303 0.056522 -0.034548 0.670207
0.742355 0.055606 -0.036074 0.666789
0.745834 0.054630 -0.037661 0.662882
0.749069 0.053714 -0.039736 0.659159
0.752365 0.052738 -0.042300 0.655313
0.752365 0.052738 -0.042300 0.655313
0.755600 0.051761 -0.045474 0.651468
0.758896 0.051029 -0.048953 0.647500
0.765977 0.049686 -0.055240 0.638650
0.765977 0.049686 -0.055240 0.638650
0.768968 0.048953 -0.057316 0.634865
0.774705 0.048343 -0.059330 0.627785
0.774705 0.048343 -0.059330 0.627785
0.778002 0.048465 -0.060062 0.623634
0.780931 0.049014 -0.061405 0.619789
0.787157 0.050113 -0.065556 0.611304
0.790454 0.050174 -0.067570 0.606849
0.794299 0.049625 -0.069340 0.601660
0.797656 0.048587 -0.070805 0.597082
0.801074 0.047183 -0.072209 0.592443
0.804431 0.045291 -0.073491 0.587804
0.807850 0.042910 -0.074651 0.583165
0.811268 0.039736 -0.075810 0.578465
0.814747 0.036074 -0.076787 0.573643
0.818226 0.031984 -0.077641 0.568821
0.821705 0.027590 -0.078252 0.563938
0.825185 0.023012 -0.078801 0.558933
0.828725 0.018617 -0.079534 0.553745
0.831655 0.014649 -0.080327 0.549350
0.834402 0.011414 -0.081731 0.545016
0.836904 0.008668 -0.083684 0.540927
0.839285 0.006409 -0.086126 0.536898
0.841970 0.004334 -0.088628 0.532320
0.844168 0.002442 -0.090765 0.528475
0.846426 0.000855 -0.092352 0.524568
0.848746 -0.000366 -0.093756 0.520540
0.848746 -0.000366 -0.093756 0.520540
0.853446 -0.002808 -0.096319 0.512299
0.855521 -0.004151 -0.098089 0.508454
0.857474 -0.005982 -0.099799 0.504853
0.859305 -0.008484 -0.101019 0.501373
0.861137 -0.010987 -0.101935 0.498077
0.863212 -0.013429 -0.102545 0.494293
0.865104 -0.015626 -0.103034 0.490753
0.867118 -0.017640 -0.103583 0.486968
0.869255 -0.019288 -0.104315 0.482940
0.871452 -0.020814 -0.105048 0.478789
0.874077 -0.022462 -0.105780 0.473723
0.876091 -0.024049 -0.106452 0.469816
0.877983 -0.025697 -0.107062 0.465971
0.879875 -0.027223 -0.107734 0.462186
0.879875 -0.027223 -0.107734 0.462186
0.883416 -0.030519 -0.109138 0.454862
0.884942 -0.031984 -0.109992 0.451566
0.886346 -0.033632 -0.111091 0.448392
0.887688 -0.035708 -0.112189 0.445279
0.888970 -0.038149 -0.113288 0.442227
0.891290 -0.041262 -0.114326 0.437038
0.892388 -0.044497 -0.115425 0.434109
0.893426 -0.047793 -0.116584 0.431362
0.894281 -0.051212 -0.118110 0.428798
0.894952 -0.054874 -0.119636 0.426418
0.896234 -0.058780 -0.121345 0.422816
0.896539 -0.062626 -0.123299 0.420924
0.896844 -0.067021 -0.125069 0.419154
0.897027 -0.071477 -0.126778 0.417506
0.897027 -0.071477 -0.126778 0.417506
0.897272 -0.081060 -0.130196 0.414149
0.897088 -0.086126 -0.131783 0.413050
0.896783 -0.090582 -0.133614 0.412073
0.896783 -0.090582 -0.133614 0.412073
0.896417 -0.093023 -0.137093 0.411280
0.895929 -0.095099 -0.140695 0.410548
0.895074 -0.099982 -0.146860 0.409144
0.894525 -0.102545 -0.149973 0.408594
0.894525 -0.102545 -0.149973 0.408594
0.893853 -0.105109 -0.153269 0.408228
0.893060 -0.107612 -0.156626 0.408045
0.891595 -0.112251 -0.162547 0.407618
0.890801 -0.114631 -0.164622 0.407923
0.890801 -0.114631 -0.164622 0.407923
0.890130 -0.117256 -0.165965 0.408045
0.889581 -0.119880 -0.167063 0.408045
0.888299 -0.124641 -0.170298 0.407984
0.887566 -0.127022 -0.172313 0.408045
0.886773 -0.129402 -0.174449 0.408045
0.886773 -0.129402 -0.174449 0.408045
0.885491 -0.133614 -0.178661 0.407679
0.884881 -0.135262 -0.180614 0.407618
0.884331 -0.136727 -0.182506 0.407496
0.884331 -0.136727 -0.182506 0.407496
0.883843 -0.138192 -0.184215 0.407373
0.883294 -0.139535 -0.185802 0.407373
0.882317 -0.141976 -0.188671 0.407312
0.882317 -0.141976 -0.188671 0.407312
0.881890 -0.143075 -0.189648 0.407373
0.881524 -0.144296 -0.190380 0.407435
0.881096 -0.145395 -0.190991 0.407618
0.880181 -0.147409 -0.192578 0.408167
0.879570 -0.148263 -0.193737 0.408655
0.879570 -0.148263 -0.193737 0.408655
0.878960 -0.149179 -0.194897 0.408961
0.878350 -0.151132 -0.196850 0.408716
0.877922 -0.152170 -0.197949 0.408655
0.877922 -0.152170 -0.197949 0.408655
0.877251 -0.154428 -0.199841 0.408411
0.876946 -0.155588 -0.200513 0.408289
0.876640 -0.156687 -0.201062 0.408167
0.876640 -0.156687 -0.201062 0.408167
0.876396 -0.157602 -0.201734 0.408106
0.875786 -0.159006 -0.203321 0.408045
0.875481 -0.159800 -0.204236 0.407984
0.875114 -0.160715 -0.205091 0.407923
0.875114 -0.160715 -0.205091 0.407923
0.874748 -0.161692 -0.205945 0.407862
0.874321 -0.162791 -0.206678 0.407984
0.873650 -0.164927 -0.208082 0.407923
0.873405 -0.166087 -0.208814 0.407557
0.873405 -0.166087 -0.208814 0.407557
0.873039 -0.167247 -0.209669 0.407435
0.872124 -0.169505 -0.211805 0.407312
0.872124 -0.169505 -0.211805 0.407312
0.871696 -0.170604 -0.213026 0.407190
0.870659 -0.172740 -0.215833 0.407007
0.870109 -0.173656 -0.217604 0.406885
0.870109 -0.173656 -0.217604 0.406885
0.869499 -0.174571 -0.219618 0.406702
0.868888 -0.175487 -0.221632 0.406519
0.867729 -0.177501 -0.225050 0.406153
0.867240 -0.178722 -0.226576 0.405909
0.867240 -0.178722 -0.226576 0.405909
0.866691 -0.180309 -0.227980 0.405542
0.866020 -0.182018 -0.229872 0.405237
0.864127 -0.185314 -0.235976 0.404199
0.864127 -0.185314 -0.235976 0.404199
0.864127 -0.185314 -0.235976 0.404199
0.861137 -0.188183 -0.244888 0.403955
0.859488 -0.189648 -0.249649 0.403833
0.856314 -0.192822 -0.258622 0.403467
0.856314 -0.192822 -0.258622 0.403467
0.854789 -0.194592 -0.262589 0.403345
0.853140 -0.196362 -0.266435 0.403345
0.851492 -0.198132 -0.270219 0.403467
0.849783 -0.200024 -0.273943 0.403650
0.848135 -0.202039 -0.277483 0.403650
0.846548 -0.204236 -0.280779 0.403589
0.845083 -0.206433 -0.283709 0.403528
0.843740 -0.208387 -0.286333 0.403467
0.842520 -0.209913 -0.288653 0.403650
0.841421 -0.211256 -0.290606 0.403772
0.840444 -0.212537 -0.292132 0.403955
0.839590 -0.213758 -0.293475 0.404199
0.838796 -0.214796 -0.294757 0.404383
0.837637 -0.215589 -0.296283 0.405298
0.836294 -0.216261 -0.298236 0.406275
0.835012 -0.216627 -0.300311 0.407190
0.834035 -0.217298 -0.301776 0.407679
0.833364 -0.218153 -0.302875 0.407862
0.832753 -0.219069 -0.303668 0.407923
0.832265 -0.219923 -0.304401 0.407984
0.831777 -0.220717 -0.305011 0.408106
0.831289 -0.221388 -0.305683 0.408167
0.830739 -0.221937 -0.306598 0.408350
0.829457 -0.221693 -0.308307 0.409815
0.828420 -0.221632 -0.310200 0.410486
0.827016 -0.221205 -0.312885 0.411524
0.826039 -0.220961 -0.314961 0.412012
0.825551 -0.221022 -0.316120 0.412073
0.825246 -0.221083 -0.316731 0.412135
0.825124 -0.221022 -0.317219 0.412073
0.825185 -0.220778 -0.317463 0.411951
0.825307 -0.220656 -0.317524 0.411707
0.825551 -0.220533 -0.317402 0.411341
0.825856 -0.220472 -0.316975 0.411097
0.826344 -0.220228 -0.316365 0.410670
0.826344 -0.220228 -0.316365 0.410670
0.827626 -0.219008 -0.314472 0.410242
0.828420 -0.218031 -0.313068 0.410242
0.828908 -0.216688 -0.311359 0.411219
0.828908 -0.216688 -0.311359 0.411219
0.830129 -0.215895 -0.308796 0.411158
0.832937 -0.214185 -0.302753 0.410853
0.834402 -0.213209 -0.299579 0.410792
0.835683 -0.211927 -0.296222 0.411219
0.837209 -0.210706 -0.292559 0.411341
0.838918 -0.209546 -0.288409 0.411402
0.840689 -0.208509 -0.283770 0.411463
0.842642 -0.207471 -0.278642 0.411585
0.844229 -0.206189 -0.273454 0.412379
0.846121 -0.204846 -0.268266 0.412684
0.847830 -0.203259 -0.263322 0.413050
0.849600 -0.201550 -0.258439 0.413355
0.851431 -0.199841 -0.253311 0.413599
0.853018 -0.198071 -0.248184 0.414393
0.854911 -0.196667 -0.242507 0.414393
0.856925 -0.195324 -0.236648 0.414332
0.858817 -0.193676 -0.230971 0.414454
0.860526 -0.191723 -0.225600 0.414637
0.862174 -0.189526 -0.220656 0.414942
0.863700 -0.187206 -0.215956 0.415248
0.865165 -0.185070 -0.211500 0.415431
0.866630 -0.183178 -0.207044 0.415553
0.867851 -0.181224 -0.202893 0.415858
0.869011 -0.179271 -0.198865 0.416163
0.870231 -0.177379 -0.194958 0.416407
0.871452 -0.175243 -0.191235 0.416468
0.872612 -0.172862 -0.187756 0.416529
0.873833 -0.170482 -0.184398 0.416468
0.874992 -0.168040 -0.181041 0.416590
0.876091 -0.165598 -0.177806 0.416590
0.876091 -0.165598 -0.177806 0.416590
0.877190 -0.163096 -0.174632 0.416651
0.879082 -0.157663 -0.168773 0.417079
0.880242 -0.154978 -0.165782 0.416835
0.880242 -0.154978 -0.165782 0.416835
0.882500 -0.149667 -0.159556 0.416468
0.883660 -0.147104 -0.156382 0.416163
0.884698 -0.144479 -0.153452 0.415919
0.885674 -0.141854 -0.150705 0.415736
0.886712 -0.139047 -0.148019 0.415492
0.887749 -0.136117 -0.145211 0.415186
0.888970 -0.133065 -0.142099 0.414637
0.890252 -0.130013 -0.138741 0.414027
0.891595 -0.127083 -0.135079 0.413172
0.892999 -0.124092 -0.131356 0.412379
0.894342 -0.121162 -0.127510 0.411524
0.895624 -0.118415 -0.123665 0.410670
0.896844 -0.115608 -0.119880 0.409937
0.897882 -0.112556 -0.116340 0.409571
0.898981 -0.109565 -0.112739 0.408899
0.900140 -0.106696 -0.108893 0.408106
0.901361 -0.103949 -0.104804 0.407312
0.902521 -0.101325 -0.100470 0.406458
0.903559 -0.098517 -0.096075 0.405909
0.904779 -0.095709 -0.091558 0.404932
0.905939 -0.092596 -0.087164 0.404016
0.907038 -0.089178 -0.083013 0.403162
0.908136 -0.085515 -0.078679 0.402368
0.909418 -0.081914 -0.074284 0.401086
0.910395 -0.078191 -0.070256 0.400354
0.910395 -0.078191 -0.070256 0.400354
0.911249 -0.074651 -0.066471 0.399683
0.912775 -0.068364 -0.059879 0.398401
0.913508 -0.065739 -0.056949 0.397607
0.913508 -0.065739 -0.056949 0.397607
0.914179 -0.063419 -0.054203 0.396814
0.915400 -0.059086 -0.049441 0.395288
0.915949 -0.057132 -0.047305 0.394616
0.916438 -0.055423 -0.044986 0.393884
0.916926 -0.053836 -0.042422 0.393335
0.917353 -0.052432 -0.039919 0.392785
0.917781 -0.051090 -0.037661 0.392114
0.918269 -0.049930 -0.035830 0.391381
0.918879 -0.048892 -0.034182 0.390161
0.919307 -0.047854 -0.032900 0.389367
0.919734 -0.047000 -0.031801 0.388635
0.919978 -0.046206 -0.030825 0.388146
0.920222 -0.045291 -0.029970 0.387719
0.920710 -0.044314 -0.029238 0.386681
0.920955 -0.043399 -0.028444 0.386376
0.921138 -0.042605 -0.027467 0.386010
0.921382 -0.041812 -0.026308 0.385644
0.921626 -0.041201 -0.024660 0.385216
0.921992 -0.040591 -0.022584 0.384545
0.922236 -0.039919 -0.020326 0.384179
0.922420 -0.039187 -0.017884 0.383935
0.922603 -0.038088 -0.015565 0.383751
0.922786 -0.036562 -0.013368 0.383507
0.923030 -0.034670 -0.011231 0.383141
0.923274 -0.032534 -0.008729 0.382775
0.923640 -0.030336 -0.005738 0.382164
0.923640 -0.030336 -0.005738 0.382164
0.924007 -0.028017 -0.002136 0.381493
0.924495 -0.025209 0.002014 0.380577
0.925472 -0.018617 0.010010 0.378441
0.925472 -0.018617 0.010010 0.378441
0.926509 -0.010621 0.017457 0.375938
0.926936 -0.006592 0.022035 0.374596
0.927425 -0.002686 0.027162 0.373192
0.927425 -0.002686 0.027162 0.373192
0.928096 0.003479 0.039431 0.370384
0.928218 0.005188 0.046145 0.369285
0.928218 0.006409 0.052921 0.368370
0.928218 0.007203 0.059757 0.367332
0.928218 0.008362 0.065983 0.366233
0.928218 0.010010 0.071660 0.365135
0.928157 0.011536 0.077336 0.364036
0.928096 0.013123 0.083135 0.362815
0.928279 0.014710 0.089117 0.360923
0.928157 0.016236 0.095160 0.359641
0.927974 0.017579 0.101141 0.358420
0.927669 0.018556 0.107367 0.357322
0.927303 0.019044 0.113899 0.356223
0.926814 0.019593 0.120125 0.355490
0.926204 0.020448 0.125923 0.354880
0.925594 0.021303 0.131600 0.354453
0.925594 0.021303 0.131600 0.354453
0.924861 0.021547 0.138192 0.353903
0.923885 0.021486 0.144906 0.353720
0.922053 0.022706 0.155893 0.353781
0.922053 0.022706 0.155893 0.353781
0.921077 0.023134 0.161875 0.353537
0.919001 0.023927 0.173473 0.353415
0.919001 0.023927 0.173473 0.353415
0.917781 0.024293 0.179149 0.353720
0.916743 0.024904 0.184521 0.353598
0.914729 0.026247 0.194226 0.353537
0.913752 0.026857 0.198559 0.353598
0.912653 0.027284 0.203076 0.353720
0.911494 0.027284 0.208387 0.353781
0.910395 0.027712 0.213026 0.353842
0.909296 0.028261 0.217359 0.353903
0.908259 0.028749 0.221693 0.353964
0.906916 0.029177 0.225905 0.354575
0.905817 0.029787 0.230361 0.354514
0.904657 0.030397 0.234878 0.354453
0.903498 0.031069 0.239333 0.354392
0.902277 0.031923 0.243728 0.354392
0.900995 0.032839 0.247696 0.354819
0.899774 0.033632 0.251846 0.354880
0.898675 0.034548 0.255814 0.354819
0.898675 0.034548 0.255814 0.354819
0.897577 0.035280 0.259965 0.354453
0.896478 0.035647 0.264115 0.354148
0.895196 0.035708 0.268266 0.354331
0.894098 0.035708 0.272233 0.354026
0.893060 0.035708 0.275713 0.353903
0.891229 0.036013 0.282061 0.353537
0.890313 0.035769 0.285662 0.352988
0.890313 0.035769 0.285662 0.352988
0.888055 0.035097 0.292865 0.352805
0.887078 0.034975 0.295794 0.352805
0.886224 0.034853 0.298480 0.352744
0.885247 0.034304 0.301532 0.352744
0.884209 0.033632 0.304767 0.352500
0.883172 0.032778 0.308307 0.352194
0.882073 0.032167 0.311726 0.352011
0.880974 0.031801 0.314961 0.351828
0.879875 0.031618 0.317952 0.351889
0.878960 0.031862 0.320759 0.351706
0.877861 0.031679 0.323750 0.351584
0.876701 0.031191 0.327107 0.351523
0.875298 0.030214 0.330892 0.351584
0.873833 0.029238 0.334859 0.351584
0.872490 0.028810 0.338461 0.351401
0.871330 0.028627 0.341513 0.351279
0.870353 0.028627 0.344076 0.351218
0.869499 0.028688 0.346213 0.351218
0.868583 0.028505 0.348532 0.351279
0.867729 0.028322 0.350729 0.351279
0.867729 0.028322 0.350729 0.351279
0.866264 0.028383 0.354514 0.351096
0.865714 0.028932 0.355857 0.350974
0.865348 0.029726 0.356772 0.350974
0.864860 0.030275 0.357810 0.350913
0.864860 0.030275 0.357810 0.350913
0.864372 0.030580 0.359214 0.350729
0.863700 0.030642 0.361045 0.350546
0.862968 0.030458 0.362937 0.350363
0.861991 0.029848 0.365318 0.350302
0.861198 0.029604 0.367393 0.350180
0.860038 0.030336 0.369957 0.350180
0.859855 0.031069 0.370384 0.350180
0.859855 0.031069 0.370384 0.350180
0.859427 0.031252 0.371300 0.350241
0.858756 0.030947 0.372825 0.350241
0.858146 0.030764 0.374107 0.350424
0.857291 0.030764 0.375389 0.351096
0.857291 0.030764 0.375389 0.351096
0.856986 0.030764 0.375816 0.351462
0.856803 0.030519 0.375877 0.351767
0.856864 0.030275 0.375572 0.352011
0.857535 0.029787 0.373741 0.352377
0.858146 0.029543 0.372337 0.352439
0.858146 0.029543 0.372337 0.352439
0.858878 0.029360 0.370628 0.352377
0.859916 0.029299 0.368309 0.352316
0.862907 0.029665 0.361777 0.351828
0.862907 0.029665 0.361777 0.351828
0.864677 0.029665 0.357810 0.351523
0.866813 0.030153 0.352866 0.351218
0.871391 0.031252 0.342001 0.350607
0.871391 0.031252 0.342001 0.350607
0.876579 0.032961 0.329122 0.349814
0.879326 0.034182 0.321797 0.349509
0.881890 0.035219 0.314961 0.349203
0.881890 0.035219 0.314961 0.349203
0.884148 0.035952 0.308552 0.349081
0.886346 0.036806 0.302265 0.349020
0.890679 0.039309 0.289202 0.348837
0.890679 0.039309 0.289202 0.348837
0.892755 0.040408 0.282671 0.348593
0.894708 0.040835 0.276933 0.348227
0.896722 0.041384 0.270830 0.347861
0.898675 0.041567 0.264787 0.347433
0.900446 0.041384 0.259354 0.346945
0.902033 0.041079 0.254166 0.346640
0.903498 0.040652 0.249344 0.346335
0.904779 0.039919 0.245071 0.346213
0.906000 0.039248 0.240982 0.345968
0.907160 0.038821 0.236953 0.345663
0.908503 0.038699 0.232680 0.345114
0.909907 0.038760 0.228041 0.344564
0.911372 0.038943 0.222914 0.343954
0.913020 0.039126 0.217482 0.343100
0.914607 0.039309 0.211866 0.342306
0.916255 0.039431 0.206189 0.341390
0.917903 0.039614 0.200452 0.340353
0.919551 0.039919 0.194409 0.339315
0.921382 0.040408 0.188305 0.337850
0.923030 0.040652 0.182323 0.336568
0.924678 0.040774 0.176341 0.335226
0.926204 0.040774 0.170421 0.333944
0.927791 0.040713 0.164439 0.332662
0.929256 0.040713 0.158396 0.331380
0.930721 0.040896 0.152231 0.330159
0.932186 0.041262 0.145883 0.328939
0.932186 0.041262 0.145883 0.328939
0.936153 0.042422 0.126595 0.325459
0.936153 0.042422 0.126595 0.325459
0.938534 0.043338 0.113410 0.323323
0.938534 0.043338 0.113410 0.323323
0.939572 0.043399 0.107306 0.322346
0.940487 0.042788 0.101935 0.321431
0.942379 0.042178 0.091070 0.319355
0.942379 0.042178 0.091070 0.319355
0.943112 0.041873 0.086004 0.318623
0.943783 0.041812 0.080877 0.317890
0.944455 0.041629 0.075993 0.317219
0.945065 0.041140 0.071415 0.316426
0.945675 0.040652 0.066715 0.315693
0.946286 0.040530 0.061893 0.314961
0.946774 0.040408 0.057316 0.314289
0.947262 0.040103 0.053104 0.313679
0.947812 0.040103 0.048587 0.312824
0.948117 0.040225 0.043887 0.312397
0.948483 0.040530 0.039065 0.312031
0.948788 0.040591 0.034548 0.311603
0.949094 0.040713 0.030214 0.311115
0.949399 0.040896 0.025880 0.310505
0.949643 0.041018 0.021852 0.310016
0.949887 0.041079 0.018190 0.309650
0.950009 0.041140 0.014649 0.309345
0.950131 0.041201 0.011475 0.309101
0.950253 0.041262 0.008729 0.308857
0.950314 0.041323 0.006409 0.308674
0.950375 0.041384 0.004700 0.308491
0.950436 0.041506 0.003235 0.308246
0.950559 0.041629 0.002014 0.308002
0.950742 0.041934 0.000855 0.307392
0.950803 0.042422 -0.000488 0.307148
0.950803 0.043032 -0.001648 0.306965
0.950803 0.043032 -0.001648 0.306965
0.950925 0.044986 -0.003723 0.306354
0.950925 0.046267 -0.005249 0.306110
0.950925 0.047732 -0.007325 0.305805
0.950925 0.047732 -0.007325 0.305805
0.950925 0.050296 -0.010743 0.305316
0.950925 0.051395 -0.011964 0.305133
0.951230 0.052677 -0.013184 0.303791
0.951291 0.053836 -0.014100 0.303363
0.951352 0.055057 -0.015321 0.302997
0.951352 0.056461 -0.016786 0.302509
0.951413 0.057743 -0.017945 0.302142
0.951413 0.058841 -0.018800 0.301776
0.951474 0.060062 -0.019716 0.301349
0.951535 0.061405 -0.020570 0.300861
0.951657 0.062687 -0.021119 0.300189
0.951840 0.063969 -0.021058 0.299274
0.952084 0.065006 -0.020387 0.298358
0.952390 0.065861 -0.019410 0.297259
0.952695 0.067021 -0.018495 0.295978
0.953000 0.068425 -0.018006 0.294879
0.953122 0.069828 -0.018251 0.293963
0.953183 0.071599 -0.019716 0.293231
0.953244 0.073735 -0.022035 0.292498
0.953183 0.075810 -0.024660 0.291827
0.953183 0.077580 -0.026735 0.291278
0.953122 0.079228 -0.028566 0.290789
0.953000 0.080877 -0.030458 0.290484
0.952939 0.082647 -0.032534 0.289996
0.952939 0.084478 -0.034548 0.289202
0.953000 0.086309 -0.036257 0.288348
0.953000 0.088018 -0.037783 0.287737
0.952756 0.089666 -0.039614 0.287737
0.952512 0.091619 -0.042178 0.287493
0.952268 0.093817 -0.045230 0.287066
0.952023 0.096136 -0.048648 0.286578
0.951718 0.098395 -0.052493 0.286211
0.951413 0.100653 -0.056339 0.285723
0.951108 0.102973 -0.059879 0.285174
0.950803 0.105048 -0.062748 0.284746
0.950497 0.106940 -0.065251 0.284502
0.950070 0.109138 -0.068425 0.284380
0.949460 0.111823 -0.072697 0.284319
0.948849 0.114753 -0.077886 0.283892
0.948056 0.118049 -0.083990 0.283342
0.947201 0.121650 -0.090765 0.282610
0.946225 0.125435 -0.097784 0.281878
0.945248 0.128975 -0.104315 0.281267
0.944272 0.132149 -0.110480 0.280779
0.943295 0.134957 -0.115913 0.280352
0.942562 0.137460 -0.120308 0.279924
0.942074 0.139413 -0.122932 0.279436
0.941708 0.141000 -0.124825 0.279009
0.941097 0.143258 -0.128243 0.278337
0.940121 0.146432 -0.133797 0.277300
0.940121 0.146432 -0.133797 0.277300
0.937984 0.152597 -0.146066 0.275102
0.937984 0.152597 -0.146066 0.275102
0.936581 0.155954 -0.152719 0.274309
0.933773 0.163218 -0.166270 0.271806
0.932491 0.166514 -0.172008 0.270707
0.931331 0.169566 -0.176891 0.269548
0.930477 0.172130 -0.180614 0.268510
0.929744 0.174205 -0.183422 0.267655
0.929073 0.176219 -0.186108 0.266923
0.928340 0.178172 -0.188976 0.266068
0.927425 0.180492 -0.192700 0.265214
0.925899 0.183300 -0.196789 0.265519
0.924373 0.186291 -0.202283 0.264543
0.922542 0.189770 -0.208631 0.263627
0.920772 0.193005 -0.214674 0.262711
0.919246 0.195691 -0.219557 0.261979
0.917720 0.198071 -0.222670 0.262772
0.917048 0.199292 -0.224684 0.262650
0.916377 0.200391 -0.226454 0.262467
0.915583 0.201611 -0.228957 0.262284
0.914607 0.202893 -0.232131 0.261857
0.912775 0.204969 -0.235793 0.263383
0.911066 0.207105 -0.241348 0.262650
0.908930 0.209485 -0.247940 0.261918
0.906488 0.212354 -0.255265 0.261063
0.904047 0.215162 -0.262345 0.260270
0.901727 0.217665 -0.268327 0.260026
0.899896 0.219801 -0.273393 0.259415
0.898309 0.221693 -0.277605 0.258805
0.898309 0.221693 -0.277605 0.258805
0.896234 0.224257 -0.283098 0.257706
0.896234 0.224257 -0.283098 0.257706
0.894830 0.225844 -0.285296 0.258744
0.893731 0.227187 -0.288470 0.258011
0.890862 0.229995 -0.296100 0.256791
0.889031 0.231765 -0.300372 0.256424
0.887017 0.233840 -0.304401 0.256974
0.885369 0.235488 -0.308002 0.256852
0.884331 0.236404 -0.310383 0.256668
0.883782 0.236770 -0.311848 0.256363
0.883355 0.237136 -0.313129 0.256058
0.881829 0.238723 -0.313801 0.258988
0.881218 0.239150 -0.315449 0.258561
0.880486 0.239883 -0.317341 0.258072
0.879448 0.240920 -0.319844 0.257584
0.878350 0.242019 -0.322529 0.257096
0.876701 0.243667 -0.324055 0.259049
0.876213 0.243911 -0.325337 0.258805
0.875969 0.243850 -0.326192 0.258805
0.875847 0.243728 -0.326558 0.258866
0.875969 0.243484 -0.326314 0.258866
0.876030 0.243362 -0.325215 0.260209
0.876640 0.242507 -0.323994 0.260575
0.877373 0.241531 -0.322468 0.260819
0.878350 0.240188 -0.320515 0.261185
0.879692 0.238540 -0.317768 0.261552
0.880974 0.237136 -0.313191 0.264115
0.883355 0.234450 -0.307819 0.264726
0.883355 0.234450 -0.307819 0.264726
0.886162 0.231398 -0.301349 0.265458
0.893548 0.223769 -0.283465 0.267045
0.897516 0.219435 -0.272844 0.268327
0.897516 0.219435 -0.272844 0.268327
0.904596 0.211011 -0.253678 0.270097
0.907099 0.207776 -0.246597 0.270768
0.909113 0.204969 -0.240737 0.271379
0.910029 0.203198 -0.235000 0.274675
0.911799 0.200696 -0.229995 0.274980
0.913508 0.198132 -0.225050 0.275163
0.915156 0.195569 -0.220411 0.275285
0.916804 0.192944 -0.215711 0.275346
0.918269 0.190380 -0.210035 0.276750
0.920100 0.187389 -0.204724 0.276628
0.922053 0.183727 -0.198987 0.276750
0.923946 0.179882 -0.193676 0.276689
0.925960 0.175853 -0.188305 0.276384
0.927669 0.171824 -0.182628 0.276933
0.929561 0.167735 -0.177196 0.276506
0.931453 0.163767 -0.171641 0.276140
0.933223 0.159983 -0.166026 0.275774
0.935055 0.156260 -0.160044 0.275163
0.936825 0.152536 -0.153818 0.274919
0.938656 0.148569 -0.147348 0.274248
0.940487 0.144662 -0.140695 0.273576
0.940487 0.144662 -0.140695 0.273576
0.942257 0.140756 -0.134041 0.272844
0.944088 0.136605 -0.126900 0.272172
0.947751 0.126961 -0.110419 0.271196
0.947751 0.126961 -0.110419 0.271196
0.949704 0.121589 -0.101813 0.270341
0.952878 0.111335 -0.086370 0.268815
0.954160 0.106940 -0.080388 0.267961
0.954160 0.106940 -0.080388 0.267961
0.955991 0.100043 -0.073064 0.266252
0.956662 0.097113 -0.070805 0.265397
0.957273 0.094793 -0.069401 0.264543
0.957700 0.093145 -0.068669 0.263749
0.958066 0.091864 -0.068180 0.263017
0.958371 0.090460 -0.067387 0.262467
0.958738 0.088873 -0.066349 0.262040
0.959043 0.087225 -0.065190 0.261735
0.959287 0.085638 -0.063908 0.261613
0.959653 0.084051 -0.062321 0.261307
0.960020 0.082341 -0.060245 0.261002
0.960447 0.080388 -0.057499 0.260575
0.960996 0.078435 -0.054508 0.259843
0.961546 0.076482 -0.051517 0.258988
0.962095 0.074651 -0.048648 0.257889
0.962705 0.073308 -0.046512 0.256546
0.963255 0.072575 -0.045047 0.255020
0.963743 0.072270 -0.044070 0.253311
0.964231 0.072209 -0.043277 0.251541
0.964842 0.071904 -0.042056 0.249527
0.965513 0.071354 -0.040469 0.247391
0.966184 0.070683 -0.039065 0.245132
0.966856 0.069890 -0.037783 0.242935
0.967527 0.069096 -0.036318 0.240676
0.968260 0.068364 -0.034792 0.238235
0.968931 0.067570 -0.033205 0.235793
0.969603 0.066593 -0.031557 0.233535
0.970213 0.065495 -0.030214 0.231459
0.971007 0.064518 -0.029421 0.228530
0.971556 0.063603 -0.028993 0.226515
0.972105 0.062809 -0.028932 0.224501
0.972533 0.062260 -0.029299 0.222609
0.972960 0.062016 -0.029909 0.220717
0.973387 0.062138 -0.030764 0.218580
0.973875 0.062504 -0.031801 0.216383
0.973875 0.062504 -0.031801 0.216383
0.974852 0.062077 -0.033083 0.211683
0.975462 0.061649 -0.033449 0.209119
0.976073 0.061283 -0.033816 0.206128
0.976073 0.061283 -0.033816 0.206128
0.976683 0.060978 -0.033877 0.203321
0.977843 0.061039 -0.034792 0.197583
0.978392 0.061405 -0.035708 0.194409
0.979125 0.061466 -0.036074 0.190747
0.979125 0.061466 -0.036074 0.190747
0.979857 0.061039 -0.035830 0.187084
0.980651 0.059940 -0.034914 0.183239
0.982360 0.056766 -0.031557 0.175792
0.983153 0.055301 -0.029787 0.171885
0.983153 0.055301 -0.029787 0.171885
0.983947 0.054141 -0.028383 0.168040
0.985229 0.052982 -0.027590 0.160776
0.985839 0.052738 -0.027712 0.157236
0.986388 0.052493 -0.028017 0.153574
0.986938 0.052005 -0.028444 0.150278
0.986938 0.052005 -0.028444 0.150278
0.987487 0.051029 -0.028688 0.147043
0.987975 0.049747 -0.028749 0.143869
0.988525 0.048404 -0.028871 0.140756
0.989013 0.047061 -0.029055 0.137460
0.989501 0.045779 -0.029238 0.134591
0.989868 0.044803 -0.029482 0.131966
0.990234 0.044131 -0.029726 0.129402
0.990539 0.043826 -0.029970 0.126961
0.991027 0.043765 -0.030153 0.123299
0.991332 0.043887 -0.030580 0.120735
0.991638 0.044070 -0.031130 0.118049
0.991943 0.044009 -0.031374 0.115241
0.992248 0.043582 -0.031130 0.112617
0.992675 0.042849 -0.030825 0.109015
0.992981 0.042117 -0.030214 0.106940
0.993225 0.041262 -0.029360 0.105048
0.993713 0.039370 -0.027345 0.101752
0.994018 0.038149 -0.025942 0.099310
0.994018 0.038149 -0.025942 0.099310
0.994507 0.036318 -0.023195 0.096258
0.994690 0.035830 -0.022096 0.094854
0.994812 0.035586 -0.021303 0.093573
0.994995 0.035464 -0.020509 0.091986
0.994995 0.035464 -0.020509 0.091986
0.995239 0.035097 -0.019044 0.089849
0.995300 0.034914 -0.018678 0.088873
0.995300 0.034914 -0.018678 0.088873
0.995422 0.034609 -0.018190 0.087835
0.995605 0.034243 -0.017396 0.086248
0.995666 0.034060 -0.016847 0.085393
0.995727 0.033938 -0.016358 0.084661
0.995849 0.033693 -0.015748 0.084051
0.995910 0.033449 -0.014955 0.083501
0.996094 0.033266 -0.014405 0.081243
0.996155 0.033083 -0.013734 0.080754
0.996216 0.032778 -0.013306 0.080388
0.996216 0.032290 -0.013062 0.080205
0.996216 0.031923 -0.013368 0.080205
0.996216 0.031923 -0.013368 0.080205
0.996277 0.031496 -0.013917 0.080144
0.996277 0.030336 -0.015382 0.080083
0.996277 0.029726 -0.016358 0.080144
0.996277 0.029238 -0.017518 0.079595
0.996277 0.029238 -0.017518 0.079595
0.996277 0.028810 -0.018678 0.079717
0.996277 0.027956 -0.020326 0.079778
0.996277 0.027406 -0.020814 0.079778
0.996338 0.026552 -0.020753 0.078984
0.996338 0.026552 -0.020753 0.078984
0.996399 0.025514 -0.020021 0.078984
0.996460 0.024477 -0.018861 0.078984
0.996582 0.022401 -0.015016 0.078740
0.996643 0.021303 -0.012452 0.078496
0.996643 0.021303 -0.012452 0.078496
0.996704 0.020265 -0.009583 0.078435
0.996826 0.017762 -0.003357 0.078252
0.996826 0.017762 -0.003357 0.078252
0.996826 0.016236 -0.000549 0.078374
0.996948 0.013490 0.002503 0.077886
0.996948 0.013490 0.002503 0.077886
0.996948 0.012391 0.002930 0.078069
0.996948 0.011292 0.003052 0.078252
0.996948 0.010193 0.002869 0.078374
0.996948 0.008973 0.002564 0.078191
0.996948 0.007630 0.002442 0.078374
0.996948 0.006226 0.002686 0.078618
0.996948 0.004639 0.003174 0.078862
0.996887 0.003174 0.003662 0.079228
0.996887 0.001709 0.004273 0.079351
0.996887 0.000427 0.005249 0.079595
0.996887 -0.000610 0.006836 0.079595
0.996826 -0.001526 0.009278 0.079656
0.996765 -0.002381 0.012269 0.079839
0.996704 -0.003235 0.015748 0.079961
0.996643 -0.004090 0.019410 0.080144
0.996582 -0.004822 0.022890 0.080266
0.996460 -0.005555 0.026125 0.080510
0.996338 -0.006348 0.029177 0.080693
0.996338 -0.006958 0.031801 0.080144
0.996216 -0.007569 0.034304 0.080388
0.996094 -0.008118 0.036440 0.080571
0.996032 -0.008545 0.038210 0.080999
0.995910 -0.008851 0.039187 0.081609
0.995910 -0.008973 0.039858 0.081609
0.995788 -0.009400 0.040896 0.081914
0.995788 -0.010010 0.041995 0.081914
0.995727 -0.010560 0.042605 0.082097
0.995666 -0.011048 0.042971 0.082464
0.995788 -0.011353 0.043460 0.080815
0.995727 -0.011781 0.044131 0.081060
0.995666 -0.012208 0.044803 0.081487
0.995605 -0.012513 0.045413 0.082036
0.995483 -0.012818 0.046145 0.082464
0.995483 -0.013062 0.046817 0.082097
0.995422 -0.013245 0.047244 0.082708
0.995422 -0.013612 0.046939 0.083196
0.995422 -0.013612 0.046939 0.083196
0.995300 -0.014039 0.046878 0.084478
0.995239 -0.014161 0.047427 0.084966
0.995117 -0.014466 0.047977 0.085393
0.995056 -0.014955 0.048648 0.086126
0.995056 -0.014955 0.048648 0.086126
0.994812 -0.016114 0.050601 0.087652
0.994812 -0.016114 0.050601 0.087652
0.994873 -0.018068 0.046756 0.088873
0.994873 -0.018068 0.046756 0.088873
0.994751 -0.029848 0.023744 0.095404
0.994201 -0.036990 0.014588 0.100531
0.993713 -0.043216 0.008301 0.103461
0.993713 -0.043216 0.008301 0.103461
0.992858 -0.048221 -0.002197 0.109504
0.992797 -0.047244 -0.005371 0.110541
0.992858 -0.045230 -0.005127 0.110541
0.993103 -0.042971 -0.003784 0.109321
0.993103 -0.041201 -0.004151 0.110480
0.992981 -0.040103 -0.006470 0.111701
0.992981 -0.039187 -0.008729 0.112067
0.992981 -0.038271 -0.009827 0.112128
0.993225 -0.037661 -0.010377 0.110175
0.993225 -0.037173 -0.010377 0.110236
0.993225 -0.036806 -0.010377 0.110114
0.993286 -0.036562 -0.010316 0.110053
0.993286 -0.036196 -0.010255 0.110114
0.993408 -0.035830 -0.010132 0.109260
0.993347 -0.035586 -0.010071 0.109504
0.993347 -0.035464 -0.010071 0.109748
0.993347 -0.035403 -0.010010 0.109931
0.993286 -0.035342 -0.009949 0.110175
0.993347 -0.035280 -0.009888 0.109504
0.993347 -0.035342 -0.009888 0.109748
0.993286 -0.035525 -0.009827 0.110053
0.993225 -0.035586 -0.009705 0.110602
0.993164 -0.035708 -0.009705 0.111335
0.993225 -0.035891 -0.009644 0.110602
0.993164 -0.036135 -0.009644 0.111274
0.993103 -0.036440 -0.009583 0.111823
0.992981 -0.036745 -0.009705 0.112434
0.992919 -0.036990 -0.009766 0.112739
0.993103 -0.037112 -0.009705 0.111213
0.993103 -0.037051 -0.009705 0.111396
0.993103 -0.036929 -0.009644 0.111518
0.993103 -0.036806 -0.009644 0.111640
0.993042 -0.036806 -0.009583 0.111762
0.993286 -0.037051 -0.009461 0.109687
0.993225 -0.037600 -0.009400 0.110053
0.993103 -0.038088 -0.009522 0.110786
0.992981 -0.038638 -0.009522 0.111701
0.992858 -0.039065 -0.009644 0.112861
0.992981 -0.039370 -0.009644 0.111823
0.992858 -0.039431 -0.009705 0.112861
0.992797 -0.039248 -0.009644 0.113593
0.992736 -0.039004 -0.009583 0.113776
0.992736 -0.038882 -0.009583 0.113776
0.992919 -0.038760 -0.009522 0.112434
0.992919 -0.038577 -0.009522 0.112495
0.992919 -0.038577 -0.009522 0.112495
0.992858 -0.039614 -0.009583 0.112800
0.992797 -0.040652 -0.009705 0.113105
0.992919 -0.040652 -0.009644 0.111762
0.992919 -0.040652 -0.009644 0.111762
0.992919 -0.040652 -0.009644 0.111762
0.992919 -0.040652 -0.009644 0.111762
0.992919 -0.040896 -0.009644 0.111823
0.992981 -0.040896 -0.009583 0.111152
0.992981 -0.040835 -0.009583 0.111152
0.992981 -0.040835 -0.009583 0.111152
0.992981 -0.040835 -0.009583 0.111152
0.992981 -0.040896 -0.009522 0.111152
0.992981 -0.040896 -0.009522 0.110969
0.992981 -0.040896 -0.009522 0.110969
0.992981 -0.040957 -0.009522 0.110969
0.992981 -0.040957 -0.009522 0.110969
0.992981 -0.040957 -0.009461 0.110969
0.993164 -0.040957 -0.009400 0.109565
0.993164 -0.040957 -0.009400 0.109565
0.993164 -0.041018 -0.009400 0.109565
0.993164 -0.041018 -0.009339 0.109565
0.993164 -0.041018 -0.009339 0.109565
0.993164 -0.041018 -0.009339 0.109565
0.993225 -0.041018 -0.009339 0.109076
0.993225 -0.041018 -0.009278 0.109076
0.993225 -0.041079 -0.009278 0.109076
0.993225 -0.041079 -0.009278 0.109076
0.993225 -0.041079 -0.009217 0.108771
0.993225 -0.041079 -0.009217 0.108771
0.993225 -0.041079 -0.009217 0.108771
0.993225 -0.041079 -0.009217 0.108771
0.993225 -0.041079 -0.009217 0.108771
0.993225 -0.041079 -0.009217 0.108771
0.993286 -0.041140 -0.009156 0.108283
0.993286 -0.041140 -0.009156 0.108283
0.993286 -0.041140 -0.009156 0.108283
0.993286 -0.041140 -0.009095 0.108283
0.993286 -0.041140 -0.009095 0.108161
0.993286 -0.041140 -0.009095 0.108161
0.993286 -0.041201 -0.009095 0.108161
0.993286 -0.041201 -0.009095 0.108161
0.993286 -0.041201 -0.009034 0.108161
0.993286 -0.041201 -0.009034 0.108344
0.993286 -0.041201 -0.009034 0.108344
0.993286 -0.041201 -0.009034 0.108344
0.993286 -0.041201 -0.009034 0.108344
0.993286 -0.041201 -0.009034 0.108344
0.993347 -0.041262 -0.008973 0.107917
0.993347 -0.041262 -0.008973 0.107917
0.993347 -0.041262 -0.008973 0.107917
0.993347 -0.041262 -0.008973 0.107917
0.993347 -0.041262 -0.008973 0.107917
0.993347 -0.041262 -0.008973 0.107917
0.993408 -0.041262 -0.008912 0.106879
0.993408 -0.041323 -0.008912 0.106879
0.993408 -0.041323 -0.008851 0.106879
0.993408 -0.041323 -0.008851 0.106879
0.993652 -0.041323 -0.008790 0.105109
0.993652 -0.041384 -0.008729 0.105109
0.993652 -0.041384 -0.008729 0.105109
0.993652 -0.041384 -0.008729 0.105109
0.993652 -0.041384 -0.008729 0.105109
0.993652 -0.041384 -0.008729 0.105109
0.993652 -0.041384 -0.008668 0.105048
0.993652 -0.041384 -0.008668 0.105048
0.993652 -0.041384 -0.008668 0.105048
0.993652 -0.041445 -0.008668 0.105048
0.993652 -0.041445 -0.008668 0.104804
0.993652 -0.041445 -0.008668 0.104804
0.993652 -0.041445 -0.008606 0.104804
0.993652 -0.041445 -0.008606 0.104804
0.993652 -0.041445 -0.008606 0.104804
0.993652 -0.041445 -0.008606 0.104804
0.993774 -0.041445 -0.008545 0.103888
0.993774 -0.041506 -0.008545 0.103888
0.993774 -0.041506 -0.008545 0.103949
0.993774 -0.041506 -0.008545 0.103949
0.993774 -0.041506 -0.008484 0.103583
0.993774 -0.041506 -0.008484 0.103583
0.993774 -0.041506 -0.008484 0.103583
0.993774 -0.041506 -0.008484 0.103583
0.993774 -0.041506 -0.008484 0.103583
0.993774 -0.041567 -0.008423 0.103339
0.993774 -0.041567 -0.008423 0.103339
0.993774 -0.041567 -0.008423 0.103339
0.993774 -0.041567 -0.008423 0.103339
0.993774 -0.041567 -0.008423 0.103339
0.993774 -0.041567 -0.008423 0.103339
0.993835 -0.041567 -0.008423 0.103217
0.993835 -0.041567 -0.008423 0.103217
0.993835 -0.041567 -0.008362 0.103217
0.993835 -0.041567 -0.008362 0.103217
0.993835 -0.041629 -0.008362 0.102973
0.993835 -0.041629 -0.008362 0.102973
0.993835 -0.041629 -0.008362 0.102973
0.993835 -0.041629 -0.008362 0.102973
0.993835 -0.041629 -0.008301 0.102973
0.993835 -0.041629 -0.008301 0.103278
0.993835 -0.041629 -0.008301 0.103278
0.993835 -0.041629 -0.008301 0.103278
0.993835 -0.041629 -0.008301 0.103278
0.993835 -0.041629 -0.008301 0.103278
0.993835 -0.041690 -0.008301 0.103156
0.993835 -0.041690 -0.008301 0.103156
0.993835 -0.041690 -0.008301 0.103156
0.993835 -0.041690 -0.008301 0.103156
0.993835 -0.041690 -0.008301 0.103156
0.993835 -0.041690 -0.008301 0.103156
0.993957 -0.041690 -0.008240 0.101691
0.993957 -0.041690 -0.008240 0.101691
0.993957 -0.041690 -0.008240 0.101691
0.993957 -0.041690 -0.008240 0.101691
0.993957 -0.041690 -0.008240 0.101691
0.993957 -0.041690 -0.008240 0.101752
0.993957 -0.041690 -0.008240 0.101752
0.993957 -0.041690 -0.008240 0.101752
0.993957 -0.041690 -0.008240 0.101752
0.993957 -0.041690 -0.008240 0.101752
0.993957 -0.041690 -0.008240 0.101752
0.993957 -0.041690 -0.008240 0.101752
0.993957 -0.041690 -0.008240 0.101752
0.993957 -0.041690 -0.008240 0.101752
0.993957 -0.041690 -0.008240 0.101752
0.993957 -0.041690 -0.008240 0.101752
0.993957 -0.041690 -0.008240 0.101752
0.993957 -0.041690 -0.008240 0.101752
0.993957 -0.041690 -0.008240 0.101752
0.993957 -0.041690 -0.008240 0.101508
0.993957 -0.041690 -0.008240 0.101508
0.993957 -0.041690 -0.008240 0.101508
0.993957 -0.041690 -0.008240 0.101508
0.993957 -0.041690 -0.008240 0.101508
0.994018 -0.041690 -0.008240 0.101447
0.994018 -0.041690 -0.008240 0.101447
0.994018 -0.041690 -0.008240 0.101447
0.994018 -0.041690 -0.008240 0.101447
0.994018 -0.041690 -0.008240 0.101447
0.994140 -0.041690 -0.008118 0.099921
0.994140 -0.041690 -0.008118 0.099921
0.994140 -0.041690 -0.008118 0.099921
0.994140 -0.041690 -0.008118 0.099921
0.994140 -0.041690 -0.008118 0.099921
0.994140 -0.041690 -0.008118 0.099799
0.994140 -0.041690 -0.008118 0.099799
0.994140 -0.041690 -0.008118 0.099799
0.994140 -0.041690 -0.008118 0.099799
0.994140 -0.041690 -0.008118 0.099799
0.994201 -0.041690 -0.008118 0.099615
0.994201 -0.041690 -0.008118 0.099615
0.994201 -0.041690 -0.008118 0.099615
0.994201 -0.041690 -0.008118 0.099615
0.994201 -0.041690 -0.008118 0.099615
0.994201 -0.041690 -0.008118 0.099615
0.994201 -0.041690 -0.008118 0.099615
0.994201 -0.041690 -0.008118 0.099615
0.994201 -0.041690 -0.008118 0.099615
0.994201 -0.041690 -0.008118 0.099615
0.994201 -0.041690 -0.008118 0.099615
0.994201 -0.041690 -0.008118 0.099615
0.994201 -0.041690 -0.008118 0.099615
0.994201 -0.041690 -0.008118 0.099615
0.994201 -0.041690 -0.008118 0.099615
0.994201 -0.041690 -0.008118 0.099615
0.994201 -0.041690 -0.008118 0.099615
0.994201 -0.041690 -0.008118 0.099615
0.994201 -0.041690 -0.008118 0.099615
0.994201 -0.041690 -0.008118 0.099615
0.994201 -0.041690 -0.008118 0.099615
0.994201 -0.041690 -0.008118 0.099615
0.994201 -0.041690 -0.008118 0.099615
0.994201 -0.041690 -0.008118 0.099615
0.994201 -0.041690 -0.008118 0.099615
0.994201 -0.041690 -0.008118 0.099615
0.994201 -0.041690 -0.008118 0.099615
0.994201 -0.041690 -0.008118 0.099615
0.994201 -0.041690 -0.008118 0.099615
0.994201 -0.041690 -0.008118 0.099615
